frame_idx,level,count,gpu_mem_mb
1,P3,0,0
2,P4,0,0
3,P5,0,0
4,P3,4,4
5,P4,15,15
6,P5,2,2
7,P3,5,9
8,P4,14,29
9,P5,1,3
10,P3,8,17
11,P4,16,45
12,P5,1,4
13,P3,1,18
14,P4,15,60
15,P5,3,7
16,P3,3,21
17,P4,16,76
18,P5,2,9
19,P3,2,23
20,P4,15,91
21,P5,3,12
22,P3,2,25
23,P4,18,109
24,P5,0,12
25,P3,5,30
26,P4,13,122
27,P5,2,14
28,P3,3,33
29,P4,14,136
30,P5,1,15
31,P3,0,33
32,P4,19,155
33,P5,0,15
34,P3,5,38
35,P4,13,168
36,P5,0,15
37,P3,1,39
38,P4,18,186
39,P5,2,17
40,P3,1,40
41,P4,15,201
42,P5,3,20
43,P3,1,41
44,P4,15,216
45,P5,0,20
46,P3,0,0
47,P4,0,0
48,P5,0,0
49,P3,9,9
50,P4,42,42
51,P5,22,22
52,P3,8,17
53,P4,44,86
54,P5,21,43
55,P3,6,23
56,P4,39,125
57,P5,24,67
58,P3,10,33
59,P4,45,170
60,P5,21,88
61,P3,10,43
62,P4,48,218
63,P5,21,109
64,P3,0,0
65,P4,0,0
66,P5,0,0
67,P3,0,0
68,P4,21,21
69,P5,3,3
70,P3,0,0
71,P4,22,43
72,P5,6,9
73,P3,0,0
74,P4,19,62
75,P5,4,13
76,P3,0,0
77,P4,17,79
78,P5,5,18
79,P3,0,0
80,P4,24,103
81,P5,3,21
82,P3,0,0
83,P4,20,123
84,P5,3,24
85,P3,0,0
86,P4,26,149
87,P5,5,29
88,P3,0,0
89,P4,22,171
90,P5,6,35
91,P3,0,0
92,P4,17,188
93,P5,5,40
94,P3,0,0
95,P4,24,212
96,P5,2,42
97,P3,0,0
98,P4,20,232
99,P5,4,46
100,P3,0,0
101,P4,28,260
102,P5,6,52
103,P3,0,0
104,P4,15,275
105,P5,9,61
106,P3,0,0
107,P4,27,302
108,P5,7,68
109,P3,0,0
110,P4,21,323
111,P5,4,72
112,P3,0,0
113,P4,16,339
114,P5,9,81
115,P3,0,0
116,P4,25,364
117,P5,3,84
118,P3,0,0
119,P4,24,388
120,P5,6,90
121,P3,0,0
122,P4,19,407
123,P5,7,97
124,P3,0,0
125,P4,15,422
126,P5,8,105
127,P3,0,0
128,P4,21,443
129,P5,7,112
130,P3,0,0
131,P4,23,466
132,P5,3,115
133,P3,0,0
134,P4,25,491
135,P5,3,118
136,P3,0,0
137,P4,19,510
138,P5,6,124
139,P3,0,0
140,P4,18,528
141,P5,7,131
142,P3,0,0
143,P4,18,546
144,P5,6,137
145,P3,0,0
146,P4,23,569
147,P5,9,146
148,P3,0,0
149,P4,23,592
150,P5,4,150
151,P3,0,0
152,P4,22,614
153,P5,4,154
154,P3,0,0
155,P4,15,629
156,P5,9,163
157,P3,1,1
158,P4,22,651
159,P5,4,167
160,P3,0,1
161,P4,23,674
162,P5,6,173
163,P3,0,1
164,P4,23,697
165,P5,1,174
166,P3,0,1
167,P4,22,719
168,P5,6,180
169,P3,0,0
170,P4,0,0
171,P5,0,0
172,P3,88,88
173,P4,0,0
174,P5,50,50
175,P3,75,163
176,P4,1,1
177,P5,48,98
178,P3,92,255
179,P4,0,1
180,P5,46,144
181,P3,79,334
182,P4,0,1
183,P5,52,196
184,P3,84,418
185,P4,1,2
186,P5,49,245
187,P3,78,496
188,P4,0,2
189,P5,52,297
190,P3,0,0
191,P4,0,0
192,P5,0,0
193,P3,0,0
194,P4,21,21
195,P5,0,0
196,P3,3,3
197,P4,21,42
198,P5,0,0
199,P3,1,4
200,P4,22,64
201,P5,2,2
202,P3,5,9
203,P4,29,93
204,P5,0,2
205,P3,1,10
206,P4,20,113
207,P5,1,3
208,P3,4,14
209,P4,25,138
210,P5,0,3
211,P3,1,15
212,P4,22,160
213,P5,0,3
214,P3,0,0
215,P4,0,0
216,P5,0,0
217,P3,1,1
218,P4,20,20
219,P5,18,18
220,P3,2,3
221,P4,15,35
222,P5,10,28
223,P3,5,8
224,P4,12,47
225,P5,18,46
226,P3,0,8
227,P4,16,63
228,P5,8,54
229,P3,6,14
230,P4,17,80
231,P5,19,73
232,P3,2,16
233,P4,17,97
234,P5,9,82
235,P3,3,19
236,P4,15,112
237,P5,16,98
238,P3,4,23
239,P4,20,132
240,P5,16,114
241,P3,2,25
242,P4,17,149
243,P5,20,134
244,P3,9,34
245,P4,22,171
246,P5,13,147
247,P3,2,36
248,P4,14,185
249,P5,11,158
250,P3,6,42
251,P4,13,198
252,P5,11,169
253,P3,1,43
254,P4,19,217
255,P5,18,187
256,P3,5,48
257,P4,17,234
258,P5,19,206
259,P3,7,55
260,P4,16,250
261,P5,13,219
262,P3,5,60
263,P4,18,268
264,P5,14,233
265,P3,6,66
266,P4,18,286
267,P5,13,246
268,P3,2,68
269,P4,12,298
270,P5,9,255
271,P3,4,72
272,P4,23,321
273,P5,11,266
274,P3,4,76
275,P4,14,335
276,P5,13,279
277,P3,2,78
278,P4,18,353
279,P5,12,291
280,P3,2,80
281,P4,17,370
282,P5,10,301
283,P3,0,80
284,P4,16,386
285,P5,10,311
286,P3,1,81
287,P4,15,401
288,P5,6,317
289,P3,0,81
290,P4,14,415
291,P5,12,329
292,P3,3,84
293,P4,21,436
294,P5,17,346
295,P3,2,86
296,P4,16,452
297,P5,12,358
298,P3,0,0
299,P4,0,0
300,P5,0,0
301,P3,0,0
302,P4,6,6
303,P5,21,21
304,P3,0,0
305,P4,2,8
306,P5,25,46
307,P3,0,0
308,P4,2,10
309,P5,25,71
310,P3,0,0
311,P4,2,12
312,P5,22,93
313,P3,0,0
314,P4,4,16
315,P5,22,115
316,P3,0,0
317,P4,5,21
318,P5,26,141
319,P3,0,0
320,P4,7,28
321,P5,26,167
322,P3,0,0
323,P4,5,33
324,P5,28,195
325,P3,0,0
326,P4,4,37
327,P5,27,222
328,P3,0,0
329,P4,8,45
330,P5,28,250
331,P3,0,0
332,P4,6,51
333,P5,27,277
334,P3,0,0
335,P4,7,58
336,P5,28,305
337,P3,0,0
338,P4,9,67
339,P5,29,334
340,P3,0,0
341,P4,5,72
342,P5,29,363
343,P3,0,0
344,P4,11,83
345,P5,24,387
346,P3,0,0
347,P4,8,91
348,P5,26,413
349,P3,0,0
350,P4,3,94
351,P5,24,437
352,P3,0,0
353,P4,1,95
354,P5,26,463
355,P3,0,0
356,P4,7,102
357,P5,25,488
358,P3,0,0
359,P4,4,106
360,P5,24,512
361,P3,0,0
362,P4,0,0
363,P5,0,0
364,P3,0,0
365,P4,29,29
366,P5,6,6
367,P3,0,0
368,P4,25,54
369,P5,11,17
370,P3,0,0
371,P4,30,84
372,P5,8,25
373,P3,0,0
374,P4,32,116
375,P5,7,32
376,P3,0,0
377,P4,29,145
378,P5,7,39
379,P3,1,1
380,P4,25,170
381,P5,14,53
382,P3,0,1
383,P4,26,196
384,P5,3,56
385,P3,0,1
386,P4,33,229
387,P5,10,66
388,P3,0,1
389,P4,32,261
390,P5,7,73
391,P3,0,1
392,P4,31,292
393,P5,8,81
394,P3,0,1
395,P4,34,326
396,P5,11,92
397,P3,0,1
398,P4,37,363
399,P5,5,97
400,P3,0,1
401,P4,33,396
402,P5,10,107
403,P3,0,1
404,P4,31,427
405,P5,8,115
406,P3,0,1
407,P4,32,459
408,P5,10,125
409,P3,0,1
410,P4,27,486
411,P5,14,139
412,P3,0,1
413,P4,28,514
414,P5,6,145
415,P3,0,1
416,P4,31,545
417,P5,16,161
418,P3,0,1
419,P4,29,574
420,P5,4,165
421,P3,0,1
422,P4,26,600
423,P5,6,171
424,P3,0,1
425,P4,26,626
426,P5,6,177
427,P3,1,2
428,P4,26,652
429,P5,13,190
430,P3,1,3
431,P4,37,689
432,P5,10,200
433,P3,2,5
434,P4,31,720
435,P5,9,209
436,P3,0,5
437,P4,30,750
438,P5,23,232
439,P3,0,5
440,P4,25,775
441,P5,13,245
442,P3,0,5
443,P4,33,808
444,P5,10,255
445,P3,0,5
446,P4,34,842
447,P5,6,261
448,P3,1,6
449,P4,33,875
450,P5,16,277
451,P3,0,6
452,P4,36,911
453,P5,8,285
454,P3,1,7
455,P4,47,958
456,P5,17,302
457,P3,0,7
458,P4,27,985
459,P5,16,318
460,P3,0,0
461,P4,0,0
462,P5,0,0
463,P3,0,0
464,P4,2,2
465,P5,32,32
466,P3,1,1
467,P4,0,2
468,P5,18,50
469,P3,0,1
470,P4,2,4
471,P5,28,78
472,P3,0,1
473,P4,2,6
474,P5,32,110
475,P3,0,0
476,P4,0,0
477,P5,0,0
478,P3,0,0
479,P4,10,10
480,P5,20,20
481,P3,0,0
482,P4,13,23
483,P5,20,40
484,P3,0,0
485,P4,9,32
486,P5,20,60
487,P3,0,0
488,P4,11,43
489,P5,23,83
490,P3,0,0
491,P4,9,52
492,P5,21,104
493,P3,0,0
494,P4,12,64
495,P5,21,125
496,P3,0,0
497,P4,10,74
498,P5,19,144
499,P3,0,0
500,P4,16,90
501,P5,27,171
502,P3,0,0
503,P4,10,100
504,P5,24,195
505,P3,0,0
506,P4,6,106
507,P5,25,220
508,P3,0,0
509,P4,12,118
510,P5,19,239
511,P3,0,0
512,P4,12,130
513,P5,19,258
514,P3,0,0
515,P4,7,137
516,P5,20,278
517,P3,0,0
518,P4,5,142
519,P5,20,298
520,P3,0,0
521,P4,7,149
522,P5,22,320
523,P3,0,0
524,P4,8,157
525,P5,19,339
526,P3,0,0
527,P4,6,163
528,P5,20,359
529,P3,0,0
530,P4,14,177
531,P5,17,376
532,P3,0,0
533,P4,6,183
534,P5,19,395
535,P3,0,0
536,P4,3,186
537,P5,20,415
538,P3,0,0
539,P4,6,192
540,P5,20,435
541,P3,0,0
542,P4,5,197
543,P5,20,455
544,P3,0,0
545,P4,9,206
546,P5,20,475
547,P3,0,0
548,P4,7,213
549,P5,19,494
550,P3,0,0
551,P4,13,226
552,P5,26,520
553,P3,0,0
554,P4,7,233
555,P5,24,544
556,P3,0,0
557,P4,9,242
558,P5,20,564
559,P3,0,0
560,P4,18,260
561,P5,20,584
562,P3,0,0
563,P4,12,272
564,P5,20,604
565,P3,0,0
566,P4,11,283
567,P5,23,627
568,P3,0,0
569,P4,0,0
570,P5,0,0
571,P3,6,6
572,P4,44,44
573,P5,0,0
574,P3,17,23
575,P4,47,91
576,P5,1,1
577,P3,8,31
578,P4,44,135
579,P5,1,2
580,P3,10,41
581,P4,40,175
582,P5,0,2
583,P3,11,52
584,P4,49,224
585,P5,2,4
586,P3,8,60
587,P4,45,269
588,P5,4,8
589,P3,9,69
590,P4,40,309
591,P5,0,8
592,P3,7,76
593,P4,40,349
594,P5,1,9
595,P3,0,0
596,P4,0,0
597,P5,0,0
598,P3,0,0
599,P4,8,8
600,P5,21,21
601,P3,0,0
602,P4,8,16
603,P5,21,42
604,P3,0,0
605,P4,10,26
606,P5,19,61
607,P3,0,0
608,P4,6,32
609,P5,18,79
610,P3,0,0
611,P4,10,42
612,P5,20,99
613,P3,0,0
614,P4,0,0
615,P5,0,0
616,P3,32,32
617,P4,128,128
618,P5,25,25
619,P3,27,59
620,P4,126,254
621,P5,21,46
622,P3,33,92
623,P4,135,389
624,P5,23,69
625,P3,35,127
626,P4,140,529
627,P5,27,96
628,P3,46,173
629,P4,136,665
630,P5,20,116
631,P3,0,0
632,P4,0,0
633,P5,0,0
634,P3,0,0
635,P4,12,12
636,P5,17,17
637,P3,0,0
638,P4,6,18
639,P5,22,39
640,P3,0,0
641,P4,12,30
642,P5,19,58
643,P3,0,0
644,P4,2,32
645,P5,19,77
646,P3,0,0
647,P4,6,38
648,P5,19,96
649,P3,0,0
650,P4,8,46
651,P5,16,112
652,P3,0,0
653,P4,4,50
654,P5,21,133
655,P3,0,0
656,P4,6,56
657,P5,25,158
658,P3,0,0
659,P4,10,66
660,P5,15,173
661,P3,0,0
662,P4,7,73
663,P5,23,196
664,P3,0,0
665,P4,6,79
666,P5,22,218
667,P3,0,0
668,P4,7,86
669,P5,14,232
670,P3,0,0
671,P4,11,97
672,P5,23,255
673,P3,0,0
674,P4,9,106
675,P5,19,274
676,P3,0,0
677,P4,8,114
678,P5,20,294
679,P3,0,0
680,P4,5,119
681,P5,20,314
682,P3,0,0
683,P4,3,122
684,P5,21,335
685,P3,0,0
686,P4,4,126
687,P5,21,356
688,P3,0,0
689,P4,0,0
690,P5,0,0
691,P3,6,6
692,P4,7,7
693,P5,13,13
694,P3,8,14
695,P4,8,15
696,P5,10,23
697,P3,9,23
698,P4,8,23
699,P5,14,37
700,P3,6,29
701,P4,8,31
702,P5,16,53
703,P3,14,43
704,P4,4,35
705,P5,10,63
706,P3,14,57
707,P4,12,47
708,P5,10,73
709,P3,14,71
710,P4,8,55
711,P5,22,95
712,P3,10,81
713,P4,5,60
714,P5,16,111
715,P3,9,90
716,P4,9,69
717,P5,16,127
718,P3,7,97
719,P4,6,75
720,P5,13,140
721,P3,11,108
722,P4,15,90
723,P5,12,152
724,P3,15,123
725,P4,12,102
726,P5,10,162
727,P3,12,135
728,P4,8,110
729,P5,16,178
730,P3,10,145
731,P4,14,124
732,P5,12,190
733,P3,14,159
734,P4,13,137
735,P5,13,203
736,P3,14,173
737,P4,8,145
738,P5,11,214
739,P3,10,183
740,P4,7,152
741,P5,13,227
742,P3,5,188
743,P4,7,159
744,P5,10,237
745,P3,8,196
746,P4,12,171
747,P5,12,249
748,P3,8,204
749,P4,4,175
750,P5,16,265
751,P3,12,216
752,P4,9,184
753,P5,14,279
754,P3,13,229
755,P4,11,195
756,P5,13,292
757,P3,14,243
758,P4,11,206
759,P5,14,306
760,P3,14,257
761,P4,8,214
762,P5,12,318
763,P3,12,269
764,P4,9,223
765,P5,19,337
766,P3,9,278
767,P4,6,229
768,P5,17,354
769,P3,9,287
770,P4,11,240
771,P5,12,366
772,P3,16,303
773,P4,3,243
774,P5,14,380
775,P3,11,314
776,P4,12,255
777,P5,11,391
778,P3,10,324
779,P4,5,260
780,P5,12,403
781,P3,12,336
782,P4,8,268
783,P5,13,416
784,P3,9,345
785,P4,8,276
786,P5,17,433
787,P3,8,353
788,P4,12,288
789,P5,15,448
790,P3,12,365
791,P4,9,297
792,P5,24,472
793,P3,12,377
794,P4,10,307
795,P5,13,485
796,P3,9,386
797,P4,7,314
798,P5,14,499
799,P3,15,401
800,P4,9,323
801,P5,13,512
802,P3,0,0
803,P4,0,0
804,P5,0,0
805,P3,11,11
806,P4,41,41
807,P5,0,0
808,P3,15,26
809,P4,39,80
810,P5,2,2
811,P3,9,35
812,P4,32,112
813,P5,6,8
814,P3,12,47
815,P4,32,144
816,P5,2,10
817,P3,14,61
818,P4,36,180
819,P5,5,15
820,P3,12,73
821,P4,39,219
822,P5,6,21
823,P3,4,77
824,P4,31,250
825,P5,6,27
826,P3,19,96
827,P4,40,290
828,P5,2,29
829,P3,12,108
830,P4,27,317
831,P5,4,33
832,P3,11,119
833,P4,27,344
834,P5,7,40
835,P3,10,129
836,P4,37,381
837,P5,5,45
838,P3,13,142
839,P4,37,418
840,P5,3,48
841,P3,21,163
842,P4,46,464
843,P5,1,49
844,P3,9,172
845,P4,32,496
846,P5,4,53
847,P3,0,0
848,P4,0,0
849,P5,0,0
850,P3,1,1
851,P4,14,14
852,P5,8,8
853,P3,0,1
854,P4,13,27
855,P5,12,20
856,P3,0,1
857,P4,16,43
858,P5,10,30
859,P3,0,1
860,P4,13,56
861,P5,14,44
862,P3,0,0
863,P4,0,0
864,P5,0,0
865,P3,0,0
866,P4,48,48
867,P5,0,0
868,P3,0,0
869,P4,38,86
870,P5,0,0
871,P3,0,0
872,P4,63,149
873,P5,0,0
874,P3,0,0
875,P4,55,204
876,P5,0,0
877,P3,0,0
878,P4,54,258
879,P5,0,0
880,P3,0,0
881,P4,50,308
882,P5,1,1
883,P3,0,0
884,P4,53,361
885,P5,0,1
886,P3,0,0
887,P4,46,407
888,P5,0,1
889,P3,0,0
890,P4,51,458
891,P5,0,1
892,P3,0,0
893,P4,50,508
894,P5,1,2
895,P3,0,0
896,P4,54,562
897,P5,0,2
898,P3,0,0
899,P4,48,610
900,P5,2,4
901,P3,0,0
902,P4,61,671
903,P5,0,4
904,P3,0,0
905,P4,44,715
906,P5,0,4
907,P3,0,0
908,P4,41,756
909,P5,0,4
910,P3,0,0
911,P4,53,809
912,P5,0,4
913,P3,0,0
914,P4,52,861
915,P5,0,4
916,P3,0,0
917,P4,45,906
918,P5,0,4
919,P3,0,0
920,P4,53,959
921,P5,0,4
922,P3,0,0
923,P4,47,1006
924,P5,0,4
925,P3,0,0
926,P4,55,1061
927,P5,0,4
928,P3,0,0
929,P4,55,1116
930,P5,0,4
931,P3,0,0
932,P4,44,1160
933,P5,0,4
934,P3,0,0
935,P4,51,1211
936,P5,3,7
937,P3,0,0
938,P4,61,1272
939,P5,0,7
940,P3,0,0
941,P4,51,1323
942,P5,0,7
943,P3,0,0
944,P4,53,1376
945,P5,0,7
946,P3,0,0
947,P4,54,1430
948,P5,2,9
949,P3,0,0
950,P4,57,1487
951,P5,0,9
952,P3,0,0
953,P4,60,1547
954,P5,0,9
955,P3,0,0
956,P4,0,0
957,P5,0,0
958,P3,7,7
959,P4,26,26
960,P5,4,4
961,P3,1,8
962,P4,29,55
963,P5,4,8
964,P3,3,11
965,P4,23,78
966,P5,2,10
967,P3,3,14
968,P4,33,111
969,P5,4,14
970,P3,6,20
971,P4,27,138
972,P5,1,15
973,P3,10,30
974,P4,23,161
975,P5,5,20
976,P3,5,35
977,P4,28,189
978,P5,0,20
979,P3,0,0
980,P4,0,0
981,P5,0,0
982,P3,60,60
983,P4,141,141
984,P5,11,11
985,P3,104,164
986,P4,153,294
987,P5,6,17
988,P3,0,0
989,P4,0,0
990,P5,0,0
991,P3,0,0
992,P4,11,11
993,P5,12,12
994,P3,0,0
995,P4,0,0
996,P5,0,0
997,P3,3,3
998,P4,24,24
999,P5,5,5
1000,P3,4,7
1001,P4,14,38
1002,P5,5,10
1003,P3,3,10
1004,P4,16,54
1005,P5,8,18
1006,P3,2,12
1007,P4,13,67
1008,P5,12,30
1009,P3,3,15
1010,P4,28,95
1011,P5,7,37
1012,P3,4,19
1013,P4,33,128
1014,P5,2,39
1015,P3,4,23
1016,P4,20,148
1017,P5,7,46
1018,P3,5,28
1019,P4,22,170
1020,P5,7,53
1021,P3,2,30
1022,P4,19,189
1023,P5,7,60
1024,P3,3,33
1025,P4,13,202
1026,P5,12,72
1027,P3,5,38
1028,P4,27,229
1029,P5,4,76
1030,P3,8,46
1031,P4,22,251
1032,P5,8,84
1033,P3,10,56
1034,P4,16,267
1035,P5,10,94
1036,P3,6,62
1037,P4,21,288
1038,P5,10,104
1039,P3,5,67
1040,P4,27,315
1041,P5,4,108
1042,P3,4,71
1043,P4,19,334
1044,P5,8,116
1045,P3,6,77
1046,P4,21,355
1047,P5,6,122
1048,P3,5,82
1049,P4,18,373
1050,P5,14,136
1051,P3,2,84
1052,P4,11,384
1053,P5,9,145
1054,P3,6,90
1055,P4,22,406
1056,P5,9,154
1057,P3,7,97
1058,P4,14,420
1059,P5,13,167
1060,P3,3,100
1061,P4,17,437
1062,P5,6,173
1063,P3,5,105
1064,P4,21,458
1065,P5,7,180
1066,P3,7,112
1067,P4,16,474
1068,P5,7,187
1069,P3,6,118
1070,P4,25,499
1071,P5,11,198
1072,P3,4,122
1073,P4,25,524
1074,P5,7,205
1075,P3,7,129
1076,P4,18,542
1077,P5,5,210
1078,P3,2,131
1079,P4,18,560
1080,P5,9,219
1081,P3,4,135
1082,P4,21,581
1083,P5,9,228
1084,P3,5,140
1085,P4,17,598
1086,P5,15,243
1087,P3,6,146
1088,P4,29,627
1089,P5,6,249
1090,P3,5,151
1091,P4,21,648
1092,P5,9,258
1093,P3,3,154
1094,P4,20,668
1095,P5,8,266
1096,P3,5,159
1097,P4,21,689
1098,P5,9,275
1099,P3,6,165
1100,P4,18,707
1101,P5,10,285
1102,P3,4,169
1103,P4,24,731
1104,P5,5,290
1105,P3,3,172
1106,P4,23,754
1107,P5,8,298
1108,P3,6,178
1109,P4,17,771
1110,P5,9,307
1111,P3,6,184
1112,P4,20,791
1113,P5,13,320
1114,P3,1,185
1115,P4,18,809
1116,P5,11,331
1117,P3,4,189
1118,P4,20,829
1119,P5,11,342
1120,P3,5,194
1121,P4,18,847
1122,P5,7,349
1123,P3,4,198
1124,P4,18,865
1125,P5,6,355
1126,P3,3,201
1127,P4,26,891
1128,P5,9,364
1129,P3,4,205
1130,P4,20,911
1131,P5,10,374
1132,P3,5,210
1133,P4,18,929
1134,P5,9,383
1135,P3,6,216
1136,P4,23,952
1137,P5,4,387
1138,P3,3,219
1139,P4,29,981
1140,P5,7,394
1141,P3,0,0
1142,P4,0,0
1143,P5,0,0
1144,P3,0,0
1145,P4,0,0
1146,P5,16,16
1147,P3,0,0
1148,P4,0,0
1149,P5,16,32
1150,P3,0,0
1151,P4,0,0
1152,P5,16,48
1153,P3,0,0
1154,P4,0,0
1155,P5,16,64
1156,P3,0,0
1157,P4,0,0
1158,P5,16,80
1159,P3,0,0
1160,P4,0,0
1161,P5,16,96
1162,P3,0,0
1163,P4,0,0
1164,P5,16,112
1165,P3,0,0
1166,P4,0,0
1167,P5,16,128
1168,P3,0,0
1169,P4,1,1
1170,P5,17,145
1171,P3,0,0
1172,P4,0,1
1173,P5,16,161
1174,P3,0,0
1175,P4,0,1
1176,P5,15,176
1177,P3,0,0
1178,P4,0,1
1179,P5,15,191
1180,P3,0,0
1181,P4,0,1
1182,P5,16,207
1183,P3,0,0
1184,P4,0,1
1185,P5,16,223
1186,P3,0,0
1187,P4,0,1
1188,P5,16,239
1189,P3,0,0
1190,P4,0,1
1191,P5,16,255
1192,P3,0,0
1193,P4,0,1
1194,P5,16,271
1195,P3,0,0
1196,P4,0,1
1197,P5,16,287
1198,P3,0,0
1199,P4,0,1
1200,P5,16,303
1201,P3,0,0
1202,P4,0,1
1203,P5,16,319
1204,P3,0,0
1205,P4,0,1
1206,P5,16,335
1207,P3,0,0
1208,P4,0,1
1209,P5,16,351
1210,P3,0,0
1211,P4,0,1
1212,P5,16,367
1213,P3,0,0
1214,P4,0,0
1215,P5,0,0
1216,P3,6,6
1217,P4,22,22
1218,P5,2,2
1219,P3,8,14
1220,P4,18,40
1221,P5,3,5
1222,P3,10,24
1223,P4,19,59
1224,P5,2,7
1225,P3,3,27
1226,P4,19,78
1227,P5,2,9
1228,P3,8,35
1229,P4,17,95
1230,P5,3,12
1231,P3,3,38
1232,P4,17,112
1233,P5,0,12
1234,P3,2,40
1235,P4,17,129
1236,P5,2,14
1237,P3,0,0
1238,P4,0,0
1239,P5,0,0
1240,P3,0,0
1241,P4,2,2
1242,P5,14,14
1243,P3,0,0
1244,P4,5,7
1245,P5,11,25
1246,P3,0,0
1247,P4,2,9
1248,P5,14,39
1249,P3,0,0
1250,P4,6,15
1251,P5,10,49
1252,P3,0,0
1253,P4,5,20
1254,P5,11,60
1255,P3,0,0
1256,P4,3,23
1257,P5,13,73
1258,P3,0,0
1259,P4,1,24
1260,P5,15,88
1261,P3,0,0
1262,P4,2,26
1263,P5,14,102
1264,P3,0,0
1265,P4,5,31
1266,P5,11,113
1267,P3,0,0
1268,P4,5,36
1269,P5,11,124
1270,P3,0,0
1271,P4,4,40
1272,P5,12,136
1273,P3,0,0
1274,P4,0,0
1275,P5,0,0
1276,P3,3,3
1277,P4,109,109
1278,P5,3,3
1279,P3,9,12
1280,P4,105,214
1281,P5,2,5
1282,P3,14,26
1283,P4,73,287
1284,P5,16,21
1285,P3,9,35
1286,P4,99,386
1287,P5,7,28
1288,P3,11,46
1289,P4,87,473
1290,P5,13,41
1291,P3,20,66
1292,P4,107,580
1293,P5,4,45
1294,P3,13,79
1295,P4,89,669
1296,P5,9,54
1297,P3,24,103
1298,P4,103,772
1299,P5,4,58
1300,P3,0,0
1301,P4,0,0
1302,P5,0,0
1303,P3,0,0
1304,P4,0,0
1305,P5,37,37
1306,P3,0,0
1307,P4,0,0
1308,P5,42,79
1309,P3,0,0
1310,P4,0,0
1311,P5,52,131
1312,P3,0,0
1313,P4,0,0
1314,P5,43,174
1315,P3,0,0
1316,P4,2,2
1317,P5,42,216
1318,P3,0,0
1319,P4,0,2
1320,P5,47,263
1321,P3,0,0
1322,P4,0,2
1323,P5,45,308
1324,P3,0,0
1325,P4,0,2
1326,P5,43,351
1327,P3,0,0
1328,P4,0,2
1329,P5,44,395
1330,P3,0,0
1331,P4,1,3
1332,P5,46,441
1333,P3,0,0
1334,P4,0,3
1335,P5,38,479
1336,P3,0,0
1337,P4,0,3
1338,P5,35,514
1339,P3,0,0
1340,P4,1,4
1341,P5,47,561
1342,P3,0,0
1343,P4,2,6
1344,P5,49,610
1345,P3,0,0
1346,P4,2,8
1347,P5,43,653
1348,P3,0,0
1349,P4,1,9
1350,P5,41,694
1351,P3,0,0
1352,P4,0,9
1353,P5,52,746
1354,P3,0,0
1355,P4,2,11
1356,P5,38,784
1357,P3,0,0
1358,P4,0,0
1359,P5,0,0
1360,P3,26,26
1361,P4,18,18
1362,P5,18,18
1363,P3,30,56
1364,P4,18,36
1365,P5,17,35
1366,P3,31,87
1367,P4,16,52
1368,P5,16,51
1369,P3,26,113
1370,P4,15,67
1371,P5,17,68
1372,P3,31,144
1373,P4,15,82
1374,P5,17,85
1375,P3,21,165
1376,P4,14,96
1377,P5,16,101
1378,P3,23,188
1379,P4,17,113
1380,P5,17,118
1381,P3,24,212
1382,P4,23,136
1383,P5,17,135
1384,P3,28,240
1385,P4,18,154
1386,P5,18,153
1387,P3,24,264
1388,P4,17,171
1389,P5,13,166
1390,P3,17,281
1391,P4,20,191
1392,P5,17,183
1393,P3,21,302
1394,P4,17,208
1395,P5,21,204
1396,P3,28,330
1397,P4,15,223
1398,P5,16,220
1399,P3,33,363
1400,P4,23,246
1401,P5,16,236
1402,P3,26,389
1403,P4,17,263
1404,P5,16,252
1405,P3,24,413
1406,P4,18,281
1407,P5,18,270
1408,P3,29,442
1409,P4,16,297
1410,P5,16,286
1411,P3,28,470
1412,P4,27,324
1413,P5,17,303
1414,P3,25,495
1415,P4,15,339
1416,P5,15,318
1417,P3,32,527
1418,P4,15,354
1419,P5,17,335
1420,P3,24,551
1421,P4,21,375
1422,P5,19,354
1423,P3,25,576
1424,P4,24,399
1425,P5,18,372
1426,P3,17,593
1427,P4,20,419
1428,P5,18,390
1429,P3,28,621
1430,P4,15,434
1431,P5,19,409
1432,P3,28,649
1433,P4,16,450
1434,P5,16,425
1435,P3,28,677
1436,P4,16,466
1437,P5,15,440
1438,P3,33,710
1439,P4,18,484
1440,P5,16,456
1441,P3,33,743
1442,P4,24,508
1443,P5,17,473
1444,P3,0,0
1445,P4,0,0
1446,P5,0,0
1447,P3,0,0
1448,P4,0,0
1449,P5,17,17
1450,P3,0,0
1451,P4,2,2
1452,P5,16,33
1453,P3,0,0
1454,P4,0,2
1455,P5,19,52
1456,P3,0,0
1457,P4,2,4
1458,P5,16,68
1459,P3,0,0
1460,P4,1,5
1461,P5,18,86
1462,P3,0,0
1463,P4,0,0
1464,P5,0,0
1465,P3,5,5
1466,P4,35,35
1467,P5,11,11
1468,P3,6,11
1469,P4,29,64
1470,P5,13,24
1471,P3,5,16
1472,P4,33,97
1473,P5,15,39
1474,P3,2,18
1475,P4,45,142
1476,P5,13,52
1477,P3,3,21
1478,P4,32,174
1479,P5,17,69
1480,P3,6,27
1481,P4,27,201
1482,P5,12,81
1483,P3,6,33
1484,P4,34,235
1485,P5,8,89
1486,P3,1,34
1487,P4,31,266
1488,P5,20,109
1489,P3,2,36
1490,P4,37,303
1491,P5,12,121
1492,P3,5,41
1493,P4,38,341
1494,P5,11,132
1495,P3,1,42
1496,P4,34,375
1497,P5,21,153
1498,P3,3,45
1499,P4,26,401
1500,P5,13,166
1501,P3,7,52
1502,P4,32,433
1503,P5,9,175
1504,P3,2,54
1505,P4,33,466
1506,P5,18,193
1507,P3,7,61
1508,P4,24,490
1509,P5,11,204
1510,P3,1,62
1511,P4,29,519
1512,P5,16,220
1513,P3,1,63
1514,P4,29,548
1515,P5,15,235
1516,P3,5,68
1517,P4,31,579
1518,P5,13,248
1519,P3,6,74
1520,P4,32,611
1521,P5,12,260
1522,P3,4,78
1523,P4,36,647
1524,P5,17,277
1525,P3,6,84
1526,P4,29,676
1527,P5,9,286
1528,P3,5,89
1529,P4,37,713
1530,P5,14,300
1531,P3,4,93
1532,P4,30,743
1533,P5,15,315
1534,P3,0,0
1535,P4,0,0
1536,P5,0,0
1537,P3,0,0
1538,P4,10,10
1539,P5,6,6
1540,P3,0,0
1541,P4,10,20
1542,P5,6,12
1543,P3,0,0
1544,P4,10,30
1545,P5,6,18
1546,P3,0,0
1547,P4,11,41
1548,P5,5,23
1549,P3,0,0
1550,P4,12,53
1551,P5,4,27
1552,P3,0,0
1553,P4,11,64
1554,P5,5,32
1555,P3,0,0
1556,P4,0,0
1557,P5,0,0
1558,P3,2,2
1559,P4,16,16
1560,P5,32,32
1561,P3,4,6
1562,P4,15,31
1563,P5,29,61
1564,P3,9,15
1565,P4,9,40
1566,P5,36,97
1567,P3,1,16
1568,P4,13,53
1569,P5,44,141
1570,P3,1,17
1571,P4,13,66
1572,P5,42,183
1573,P3,2,19
1574,P4,21,87
1575,P5,31,214
1576,P3,4,23
1577,P4,12,99
1578,P5,32,246
1579,P3,2,25
1580,P4,18,117
1581,P5,27,273
1582,P3,3,28
1583,P4,18,135
1584,P5,32,305
1585,P3,0,28
1586,P4,18,153
1587,P5,23,328
1588,P3,3,31
1589,P4,29,182
1590,P5,21,349
1591,P3,6,37
1592,P4,16,198
1593,P5,41,390
1594,P3,3,40
1595,P4,21,219
1596,P5,37,427
1597,P3,6,46
1598,P4,17,236
1599,P5,30,457
1600,P3,8,54
1601,P4,11,247
1602,P5,29,486
1603,P3,6,60
1604,P4,17,264
1605,P5,30,516
1606,P3,1,61
1607,P4,14,278
1608,P5,25,541
1609,P3,3,64
1610,P4,19,297
1611,P5,32,573
1612,P3,1,65
1613,P4,16,313
1614,P5,23,596
1615,P3,0,65
1616,P4,15,328
1617,P5,27,623
1618,P3,0,65
1619,P4,14,342
1620,P5,36,659
1621,P3,1,66
1622,P4,16,358
1623,P5,22,681
1624,P3,0,66
1625,P4,20,378
1626,P5,23,704
1627,P3,2,68
1628,P4,23,401
1629,P5,31,735
1630,P3,3,71
1631,P4,24,425
1632,P5,15,750
1633,P3,0,71
1634,P4,13,438
1635,P5,17,767
1636,P3,1,72
1637,P4,19,457
1638,P5,29,796
1639,P3,5,77
1640,P4,5,462
1641,P5,32,828
1642,P3,1,78
1643,P4,18,480
1644,P5,25,853
1645,P3,4,82
1646,P4,18,498
1647,P5,24,877
1648,P3,9,91
1649,P4,17,515
1650,P5,29,906
1651,P3,1,92
1652,P4,10,525
1653,P5,29,935
1654,P3,1,93
1655,P4,9,534
1656,P5,31,966
1657,P3,6,99
1658,P4,12,546
1659,P5,33,999
1660,P3,3,102
1661,P4,10,556
1662,P5,37,1036
1663,P3,3,105
1664,P4,15,571
1665,P5,23,1059
1666,P3,3,108
1667,P4,6,577
1668,P5,37,1096
1669,P3,3,111
1670,P4,18,595
1671,P5,36,1132
1672,P3,3,114
1673,P4,13,608
1674,P5,34,1166
1675,P3,0,0
1676,P4,0,0
1677,P5,0,0
1678,P3,15,15
1679,P4,3,3
1680,P5,16,16
1681,P3,10,25
1682,P4,0,3
1683,P5,7,23
1684,P3,18,43
1685,P4,2,5
1686,P5,9,32
1687,P3,4,47
1688,P4,1,6
1689,P5,10,42
1690,P3,11,58
1691,P4,1,7
1692,P5,11,53
1693,P3,7,65
1694,P4,1,8
1695,P5,9,62
1696,P3,7,72
1697,P4,1,9
1698,P5,16,78
1699,P3,17,89
1700,P4,4,13
1701,P5,11,89
1702,P3,17,106
1703,P4,6,19
1704,P5,18,107
1705,P3,14,120
1706,P4,1,20
1707,P5,14,121
1708,P3,8,128
1709,P4,2,22
1710,P5,13,134
1711,P3,11,139
1712,P4,1,23
1713,P5,6,140
1714,P3,13,152
1715,P4,3,26
1716,P5,9,149
1717,P3,10,162
1718,P4,4,30
1719,P5,11,160
1720,P3,0,0
1721,P4,0,0
1722,P5,0,0
1723,P3,48,48
1724,P4,1,1
1725,P5,33,33
1726,P3,42,90
1727,P4,3,4
1728,P5,32,65
1729,P3,45,135
1730,P4,3,7
1731,P5,30,95
1732,P3,43,178
1733,P4,4,11
1734,P5,35,130
1735,P3,47,225
1736,P4,1,12
1737,P5,32,162
1738,P3,49,274
1739,P4,4,16
1740,P5,35,197
1741,P3,43,317
1742,P4,2,18
1743,P5,31,228
1744,P3,52,369
1745,P4,2,20
1746,P5,33,261
1747,P3,42,411
1748,P4,0,20
1749,P5,35,296
1750,P3,0,0
1751,P4,0,0
1752,P5,0,0
1753,P3,16,16
1754,P4,83,83
1755,P5,20,20
1756,P3,25,41
1757,P4,55,138
1758,P5,28,48
1759,P3,16,57
1760,P4,75,213
1761,P5,20,68
1762,P3,7,64
1763,P4,65,278
1764,P5,27,95
1765,P3,26,90
1766,P4,56,334
1767,P5,38,133
1768,P3,13,103
1769,P4,58,392
1770,P5,24,157
1771,P3,21,124
1772,P4,59,451
1773,P5,20,177
1774,P3,19,143
1775,P4,56,507
1776,P5,25,202
1777,P3,10,153
1778,P4,79,586
1779,P5,25,227
1780,P3,11,164
1781,P4,60,646
1782,P5,26,253
1783,P3,9,173
1784,P4,55,701
1785,P5,21,274
1786,P3,7,180
1787,P4,49,750
1788,P5,29,303
1789,P3,12,192
1790,P4,68,818
1791,P5,22,325
1792,P3,16,208
1793,P4,68,886
1794,P5,23,348
1795,P3,16,224
1796,P4,80,966
1797,P5,17,365
1798,P3,17,241
1799,P4,70,1036
1800,P5,21,386
1801,P3,27,268
1802,P4,76,1112
1803,P5,22,408
1804,P3,5,273
1805,P4,68,1180
1806,P5,25,433
1807,P3,10,283
1808,P4,67,1247
1809,P5,22,455
1810,P3,18,301
1811,P4,66,1313
1812,P5,18,473
1813,P3,29,330
1814,P4,74,1387
1815,P5,24,497
1816,P3,6,336
1817,P4,67,1454
1818,P5,22,519
1819,P3,4,340
1820,P4,57,1511
1821,P5,16,535
1822,P3,20,360
1823,P4,77,1588
1824,P5,21,556
1825,P3,12,372
1826,P4,59,1647
1827,P5,24,580
1828,P3,3,375
1829,P4,68,1715
1830,P5,23,603
1831,P3,0,375
1832,P4,74,1789
1833,P5,15,618
1834,P3,15,390
1835,P4,60,1849
1836,P5,22,640
1837,P3,23,413
1838,P4,83,1932
1839,P5,26,666
1840,P3,5,418
1841,P4,60,1992
1842,P5,27,693
1843,P3,15,433
1844,P4,69,2061
1845,P5,24,717
1846,P3,22,455
1847,P4,71,2132
1848,P5,22,739
1849,P3,17,472
1850,P4,63,2195
1851,P5,26,765
1852,P3,11,483
1853,P4,75,2270
1854,P5,19,784
1855,P3,18,501
1856,P4,81,2351
1857,P5,22,806
1858,P3,13,514
1859,P4,78,2429
1860,P5,17,823
1861,P3,15,529
1862,P4,92,2521
1863,P5,19,842
1864,P3,21,550
1865,P4,77,2598
1866,P5,20,862
1867,P3,22,572
1868,P4,79,2677
1869,P5,18,880
1870,P3,13,585
1871,P4,44,2721
1872,P5,35,915
1873,P3,8,593
1874,P4,61,2782
1875,P5,24,939
1876,P3,16,609
1877,P4,79,2861
1878,P5,25,964
1879,P3,22,631
1880,P4,81,2942
1881,P5,24,988
1882,P3,4,635
1883,P4,76,3018
1884,P5,15,1003
1885,P3,17,652
1886,P4,64,3082
1887,P5,23,1026
1888,P3,0,0
1889,P4,0,0
1890,P5,0,0
1891,P3,0,0
1892,P4,9,9
1893,P5,9,9
1894,P3,0,0
1895,P4,8,17
1896,P5,8,17
1897,P3,0,0
1898,P4,8,25
1899,P5,8,25
1900,P3,0,0
1901,P4,9,34
1902,P5,7,32
1903,P3,0,0
1904,P4,12,46
1905,P5,7,39
1906,P3,0,0
1907,P4,5,51
1908,P5,11,50
1909,P3,0,0
1910,P4,10,61
1911,P5,7,57
1912,P3,0,0
1913,P4,6,67
1914,P5,11,68
1915,P3,0,0
1916,P4,0,0
1917,P5,0,0
1918,P3,0,0
1919,P4,29,29
1920,P5,6,6
1921,P3,7,7
1922,P4,22,51
1923,P5,9,15
1924,P3,1,8
1925,P4,26,77
1926,P5,5,20
1927,P3,4,12
1928,P4,28,105
1929,P5,4,24
1930,P3,0,12
1931,P4,20,125
1932,P5,10,34
1933,P3,6,18
1934,P4,19,144
1935,P5,6,40
1936,P3,3,21
1937,P4,26,170
1938,P5,5,45
1939,P3,7,28
1940,P4,27,197
1941,P5,3,48
1942,P3,8,36
1943,P4,23,220
1944,P5,5,53
1945,P3,3,39
1946,P4,13,233
1947,P5,11,64
1948,P3,4,43
1949,P4,13,246
1950,P5,9,73
1951,P3,5,48
1952,P4,22,268
1953,P5,6,79
1954,P3,7,55
1955,P4,25,293
1956,P5,7,86
1957,P3,9,64
1958,P4,14,307
1959,P5,4,90
1960,P3,0,64
1961,P4,19,326
1962,P5,8,98
1963,P3,3,67
1964,P4,31,357
1965,P5,6,104
1966,P3,16,83
1967,P4,22,379
1968,P5,9,113
1969,P3,4,87
1970,P4,29,408
1971,P5,8,121
1972,P3,11,98
1973,P4,21,429
1974,P5,6,127
1975,P3,6,104
1976,P4,20,449
1977,P5,13,140
1978,P3,0,104
1979,P4,26,475
1980,P5,5,145
1981,P3,5,109
1982,P4,12,487
1983,P5,7,152
1984,P3,8,117
1985,P4,20,507
1986,P5,5,157
1987,P3,2,119
1988,P4,36,543
1989,P5,4,161
1990,P3,13,132
1991,P4,17,560
1992,P5,1,162
1993,P3,0,132
1994,P4,25,585
1995,P5,7,169
1996,P3,5,137
1997,P4,23,608
1998,P5,8,177
1999,P3,11,148
2000,P4,28,636
2001,P5,9,186
2002,P3,5,153
2003,P4,16,652
2004,P5,15,201
2005,P3,0,153
2006,P4,19,671
2007,P5,4,205
2008,P3,4,157
2009,P4,21,692
2010,P5,8,213
2011,P3,2,159
2012,P4,25,717
2013,P5,6,219
2014,P3,4,163
2015,P4,23,740
2016,P5,7,226
2017,P3,5,168
2018,P4,19,759
2019,P5,6,232
2020,P3,7,175
2021,P4,27,786
2022,P5,7,239
2023,P3,3,178
2024,P4,22,808
2025,P5,9,248
2026,P3,2,180
2027,P4,18,826
2028,P5,7,255
2029,P3,0,0
2030,P4,0,0
2031,P5,0,0
2032,P3,15,15
2033,P4,20,20
2034,P5,0,0
2035,P3,11,26
2036,P4,14,34
2037,P5,0,0
2038,P3,14,40
2039,P4,20,54
2040,P5,0,0
2041,P3,9,49
2042,P4,12,66
2043,P5,4,4
2044,P3,11,60
2045,P4,17,83
2046,P5,0,4
2047,P3,11,71
2048,P4,19,102
2049,P5,0,4
2050,P3,13,84
2051,P4,20,122
2052,P5,0,4
2053,P3,14,98
2054,P4,17,139
2055,P5,0,4
2056,P3,11,109
2057,P4,19,158
2058,P5,1,5
2059,P3,11,120
2060,P4,17,175
2061,P5,0,5
2062,P3,16,136
2063,P4,19,194
2064,P5,1,6
2065,P3,12,148
2066,P4,14,208
2067,P5,0,6
2068,P3,18,166
2069,P4,15,223
2070,P5,0,6
2071,P3,13,179
2072,P4,18,241
2073,P5,0,6
2074,P3,5,184
2075,P4,10,251
2076,P5,1,7
2077,P3,15,199
2078,P4,18,269
2079,P5,0,7
2080,P3,8,207
2081,P4,25,294
2082,P5,1,8
2083,P3,11,218
2084,P4,13,307
2085,P5,1,9
2086,P3,19,237
2087,P4,14,321
2088,P5,0,9
2089,P3,11,248
2090,P4,16,337
2091,P5,0,9
2092,P3,20,268
2093,P4,11,348
2094,P5,0,9
2095,P3,10,278
2096,P4,12,360
2097,P5,0,9
2098,P3,20,298
2099,P4,16,376
2100,P5,1,10
2101,P3,18,316
2102,P4,11,387
2103,P5,0,10
2104,P3,6,322
2105,P4,16,403
2106,P5,0,10
2107,P3,12,334
2108,P4,20,423
2109,P5,0,10
2110,P3,15,349
2111,P4,16,439
2112,P5,0,10
2113,P3,13,362
2114,P4,21,460
2115,P5,1,11
2116,P3,14,376
2117,P4,18,478
2118,P5,0,11
2119,P3,13,389
2120,P4,24,502
2121,P5,0,11
2122,P3,18,407
2123,P4,17,519
2124,P5,0,11
2125,P3,16,423
2126,P4,20,539
2127,P5,1,12
2128,P3,21,444
2129,P4,20,559
2130,P5,2,14
2131,P3,16,460
2132,P4,16,575
2133,P5,0,14
2134,P3,22,482
2135,P4,16,591
2136,P5,0,14
2137,P3,9,491
2138,P4,17,608
2139,P5,0,14
2140,P3,16,507
2141,P4,15,623
2142,P5,0,14
2143,P3,12,519
2144,P4,18,641
2145,P5,0,14
2146,P3,17,536
2147,P4,20,661
2148,P5,0,14
2149,P3,11,547
2150,P4,15,676
2151,P5,1,15
2152,P3,12,559
2153,P4,15,691
2154,P5,1,16
2155,P3,12,571
2156,P4,11,702
2157,P5,0,16
2158,P3,13,584
2159,P4,16,718
2160,P5,1,17
2161,P3,9,593
2162,P4,21,739
2163,P5,0,17
2164,P3,11,604
2165,P4,14,753
2166,P5,0,17
2167,P3,13,617
2168,P4,18,771
2169,P5,0,17
2170,P3,0,0
2171,P4,0,0
2172,P5,0,0
2173,P3,1,1
2174,P4,9,9
2175,P5,17,17
2176,P3,2,3
2177,P4,13,22
2178,P5,12,29
2179,P3,0,3
2180,P4,27,49
2181,P5,8,37
2182,P3,0,3
2183,P4,14,63
2184,P5,13,50
2185,P3,0,3
2186,P4,10,73
2187,P5,13,63
2188,P3,3,6
2189,P4,15,88
2190,P5,12,75
2191,P3,3,9
2192,P4,10,98
2193,P5,16,91
2194,P3,0,9
2195,P4,21,119
2196,P5,10,101
2197,P3,1,10
2198,P4,12,131
2199,P5,13,114
2200,P3,0,10
2201,P4,16,147
2202,P5,11,125
2203,P3,1,11
2204,P4,11,158
2205,P5,14,139
2206,P3,0,11
2207,P4,14,172
2208,P5,16,155
2209,P3,0,11
2210,P4,22,194
2211,P5,14,169
2212,P3,0,11
2213,P4,24,218
2214,P5,14,183
2215,P3,0,11
2216,P4,19,237
2217,P5,10,193
2218,P3,0,11
2219,P4,14,251
2220,P5,12,205
2221,P3,0,11
2222,P4,20,271
2223,P5,14,219
2224,P3,0,11
2225,P4,19,290
2226,P5,12,231
2227,P3,2,13
2228,P4,21,311
2229,P5,8,239
2230,P3,2,15
2231,P4,27,338
2232,P5,9,248
2233,P3,0,15
2234,P4,15,353
2235,P5,14,262
2236,P3,0,15
2237,P4,20,373
2238,P5,12,274
2239,P3,0,15
2240,P4,15,388
2241,P5,10,284
2242,P3,0,15
2243,P4,17,405
2244,P5,11,295
2245,P3,1,16
2246,P4,14,419
2247,P5,13,308
2248,P3,0,0
2249,P4,0,0
2250,P5,0,0
2251,P3,0,0
2252,P4,11,11
2253,P5,41,41
2254,P3,0,0
2255,P4,12,23
2256,P5,37,78
2257,P3,0,0
2258,P4,7,30
2259,P5,39,117
2260,P3,0,0
2261,P4,8,38
2262,P5,36,153
2263,P3,0,0
2264,P4,7,45
2265,P5,39,192
2266,P3,0,0
2267,P4,12,57
2268,P5,42,234
2269,P3,0,0
2270,P4,0,0
2271,P5,0,0
2272,P3,8,8
2273,P4,18,18
2274,P5,10,10
2275,P3,4,12
2276,P4,14,32
2277,P5,7,17
2278,P3,9,21
2279,P4,12,44
2280,P5,7,24
2281,P3,9,30
2282,P4,17,61
2283,P5,11,35
2284,P3,3,33
2285,P4,20,81
2286,P5,11,46
2287,P3,0,0
2288,P4,0,0
2289,P5,0,0
2290,P3,45,45
2291,P4,34,34
2292,P5,1,1
2293,P3,52,97
2294,P4,31,65
2295,P5,0,1
2296,P3,37,134
2297,P4,44,109
2298,P5,1,2
2299,P3,49,183
2300,P4,30,139
2301,P5,1,3
2302,P3,39,222
2303,P4,45,184
2304,P5,1,4
2305,P3,47,269
2306,P4,45,229
2307,P5,0,4
2308,P3,38,307
2309,P4,42,271
2310,P5,3,7
2311,P3,50,357
2312,P4,35,306
2313,P5,0,7
2314,P3,47,404
2315,P4,39,345
2316,P5,0,7
2317,P3,40,444
2318,P4,47,392
2319,P5,0,7
2320,P3,38,482
2321,P4,42,434
2322,P5,3,10
2323,P3,39,521
2324,P4,46,480
2325,P5,1,11
2326,P3,41,562
2327,P4,49,529
2328,P5,2,13
2329,P3,44,606
2330,P4,39,568
2331,P5,1,14
2332,P3,48,654
2333,P4,37,605
2334,P5,0,14
2335,P3,49,703
2336,P4,40,645
2337,P5,0,14
2338,P3,39,742
2339,P4,41,686
2340,P5,1,15
2341,P3,53,795
2342,P4,38,724
2343,P5,0,15
2344,P3,43,838
2345,P4,52,776
2346,P5,1,16
2347,P3,51,889
2348,P4,46,822
2349,P5,0,16
2350,P3,48,937
2351,P4,52,874
2352,P5,1,17
2353,P3,41,978
2354,P4,40,914
2355,P5,1,18
2356,P3,43,1021
2357,P4,46,960
2358,P5,2,20
2359,P3,43,1064
2360,P4,57,1017
2361,P5,0,20
2362,P3,52,1116
2363,P4,41,1058
2364,P5,1,21
2365,P3,44,1160
2366,P4,42,1100
2367,P5,1,22
2368,P3,48,1208
2369,P4,40,1140
2370,P5,0,22
2371,P3,45,1253
2372,P4,46,1186
2373,P5,1,23
2374,P3,45,1298
2375,P4,42,1228
2376,P5,0,23
2377,P3,53,1351
2378,P4,44,1272
2379,P5,0,23
2380,P3,44,1395
2381,P4,48,1320
2382,P5,0,23
2383,P3,38,1433
2384,P4,34,1354
2385,P5,2,25
2386,P3,46,1479
2387,P4,39,1393
2388,P5,2,27
2389,P3,48,1527
2390,P4,32,1425
2391,P5,1,28
2392,P3,0,0
2393,P4,0,0
2394,P5,0,0
2395,P3,0,0
2396,P4,2,2
2397,P5,35,35
2398,P3,0,0
2399,P4,3,5
2400,P5,30,65
2401,P3,0,0
2402,P4,2,7
2403,P5,34,99
2404,P3,0,0
2405,P4,0,0
2406,P5,0,0
2407,P3,0,0
2408,P4,48,48
2409,P5,3,3
2410,P3,1,1
2411,P4,47,95
2412,P5,1,4
2413,P3,0,1
2414,P4,45,140
2415,P5,1,5
2416,P3,0,1
2417,P4,41,181
2418,P5,1,6
2419,P3,0,1
2420,P4,44,225
2421,P5,6,12
2422,P3,0,1
2423,P4,48,273
2424,P5,2,14
2425,P3,0,1
2426,P4,49,322
2427,P5,1,15
2428,P3,0,1
2429,P4,50,372
2430,P5,2,17
2431,P3,0,1
2432,P4,49,421
2433,P5,2,19
2434,P3,0,1
2435,P4,49,470
2436,P5,1,20
2437,P3,0,1
2438,P4,41,511
2439,P5,3,23
2440,P3,0,1
2441,P4,57,568
2442,P5,3,26
2443,P3,0,1
2444,P4,39,607
2445,P5,1,27
2446,P3,0,1
2447,P4,42,649
2448,P5,2,29
2449,P3,0,1
2450,P4,45,694
2451,P5,1,30
2452,P3,2,3
2453,P4,61,755
2454,P5,7,37
2455,P3,1,4
2456,P4,54,809
2457,P5,3,40
2458,P3,1,5
2459,P4,47,856
2460,P5,2,42
2461,P3,0,0
2462,P4,0,0
2463,P5,0,0
2464,P3,0,0
2465,P4,58,58
2466,P5,1,1
2467,P3,0,0
2468,P4,57,115
2469,P5,6,7
2470,P3,0,0
2471,P4,60,175
2472,P5,5,12
2473,P3,0,0
2474,P4,62,237
2475,P5,0,12
2476,P3,0,0
2477,P4,58,295
2478,P5,3,15
2479,P3,0,0
2480,P4,53,348
2481,P5,1,16
2482,P3,0,0
2483,P4,63,411
2484,P5,2,18
2485,P3,0,0
2486,P4,60,471
2487,P5,3,21
2488,P3,0,0
2489,P4,61,532
2490,P5,1,22
2491,P3,0,0
2492,P4,64,596
2493,P5,0,22
2494,P3,0,0
2495,P4,62,658
2496,P5,1,23
2497,P3,0,0
2498,P4,62,720
2499,P5,3,26
2500,P3,0,0
2501,P4,65,785
2502,P5,2,28
2503,P3,0,0
2504,P4,0,0
2505,P5,0,0
2506,P3,14,14
2507,P4,4,4
2508,P5,18,18
2509,P3,15,29
2510,P4,4,8
2511,P5,23,41
2512,P3,0,0
2513,P4,0,0
2514,P5,0,0
2515,P3,1,1
2516,P4,16,16
2517,P5,17,17
2518,P3,6,7
2519,P4,14,30
2520,P5,11,28
2521,P3,5,12
2522,P4,18,48
2523,P5,17,45
2524,P3,6,18
2525,P4,11,59
2526,P5,20,65
2527,P3,4,22
2528,P4,15,74
2529,P5,13,78
2530,P3,4,26
2531,P4,21,95
2532,P5,13,91
2533,P3,4,30
2534,P4,10,105
2535,P5,11,102
2536,P3,4,34
2537,P4,14,119
2538,P5,16,118
2539,P3,4,38
2540,P4,17,136
2541,P5,18,136
2542,P3,0,0
2543,P4,0,0
2544,P5,0,0
2545,P3,0,0
2546,P4,0,0
2547,P5,18,18
2548,P3,1,1
2549,P4,0,0
2550,P5,21,39
2551,P3,2,3
2552,P4,0,0
2553,P5,20,59
2554,P3,0,3
2555,P4,0,0
2556,P5,21,80
2557,P3,4,7
2558,P4,3,3
2559,P5,24,104
2560,P3,2,9
2561,P4,0,3
2562,P5,20,124
2563,P3,1,10
2564,P4,1,4
2565,P5,20,144
2566,P3,0,10
2567,P4,0,4
2568,P5,20,164
2569,P3,4,14
2570,P4,0,4
2571,P5,21,185
2572,P3,7,21
2573,P4,0,4
2574,P5,17,202
2575,P3,9,30
2576,P4,0,4
2577,P5,17,219
2578,P3,3,33
2579,P4,0,4
2580,P5,17,236
2581,P3,0,0
2582,P4,0,0
2583,P5,0,0
2584,P3,0,0
2585,P4,0,0
2586,P5,16,16
2587,P3,0,0
2588,P4,0,0
2589,P5,16,32
2590,P3,0,0
2591,P4,0,0
2592,P5,16,48
2593,P3,0,0
2594,P4,0,0
2595,P5,17,65
2596,P3,0,0
2597,P4,0,0
2598,P5,16,81
2599,P3,0,0
2600,P4,0,0
2601,P5,16,97
2602,P3,0,0
2603,P4,0,0
2604,P5,16,113
2605,P3,0,0
2606,P4,0,0
2607,P5,16,129
2608,P3,0,0
2609,P4,0,0
2610,P5,16,145
2611,P3,0,0
2612,P4,0,0
2613,P5,16,161
2614,P3,0,0
2615,P4,0,0
2616,P5,16,177
2617,P3,0,0
2618,P4,0,0
2619,P5,16,193
2620,P3,0,0
2621,P4,0,0
2622,P5,16,209
2623,P3,0,0
2624,P4,0,0
2625,P5,16,225
2626,P3,0,0
2627,P4,0,0
2628,P5,16,241
2629,P3,0,0
2630,P4,0,0
2631,P5,16,257
2632,P3,0,0
2633,P4,0,0
2634,P5,16,273
2635,P3,0,0
2636,P4,0,0
2637,P5,16,289
2638,P3,0,0
2639,P4,0,0
2640,P5,16,305
2641,P3,0,0
2642,P4,0,0
2643,P5,16,321
2644,P3,0,0
2645,P4,0,0
2646,P5,0,0
2647,P3,5,5
2648,P4,22,22
2649,P5,0,0
2650,P3,10,15
2651,P4,19,41
2652,P5,0,0
2653,P3,15,30
2654,P4,23,64
2655,P5,1,1
2656,P3,2,32
2657,P4,17,81
2658,P5,2,3
2659,P3,12,44
2660,P4,22,103
2661,P5,1,4
2662,P3,0,0
2663,P4,0,0
2664,P5,0,0
2665,P3,0,0
2666,P4,3,3
2667,P5,19,19
2668,P3,0,0
2669,P4,0,3
2670,P5,18,37
2671,P3,0,0
2672,P4,2,5
2673,P5,19,56
2674,P3,0,0
2675,P4,0,5
2676,P5,17,73
2677,P3,0,0
2678,P4,0,5
2679,P5,20,93
2680,P3,0,0
2681,P4,1,6
2682,P5,19,112
2683,P3,0,0
2684,P4,1,7
2685,P5,20,132
2686,P3,0,0
2687,P4,0,7
2688,P5,18,150
2689,P3,0,0
2690,P4,2,9
2691,P5,19,169
2692,P3,0,0
2693,P4,2,11
2694,P5,20,189
2695,P3,0,0
2696,P4,1,12
2697,P5,26,215
2698,P3,0,0
2699,P4,2,14
2700,P5,19,234
2701,P3,0,0
2702,P4,1,15
2703,P5,20,254
2704,P3,0,0
2705,P4,5,20
2706,P5,17,271
2707,P3,0,0
2708,P4,3,23
2709,P5,18,289
2710,P3,0,0
2711,P4,3,26
2712,P5,17,306
2713,P3,0,0
2714,P4,3,29
2715,P5,18,324
2716,P3,0,0
2717,P4,0,0
2718,P5,0,0
2719,P3,0,0
2720,P4,20,20
2721,P5,7,7
2722,P3,0,0
2723,P4,23,43
2724,P5,14,21
2725,P3,0,0
2726,P4,24,67
2727,P5,8,29
2728,P3,0,0
2729,P4,20,87
2730,P5,8,37
2731,P3,0,0
2732,P4,26,113
2733,P5,8,45
2734,P3,0,0
2735,P4,22,135
2736,P5,6,51
2737,P3,0,0
2738,P4,28,163
2739,P5,10,61
2740,P3,0,0
2741,P4,18,181
2742,P5,10,71
2743,P3,0,0
2744,P4,25,206
2745,P5,8,79
2746,P3,0,0
2747,P4,25,231
2748,P5,7,86
2749,P3,0,0
2750,P4,30,261
2751,P5,11,97
2752,P3,0,0
2753,P4,23,284
2754,P5,13,110
2755,P3,0,0
2756,P4,0,0
2757,P5,0,0
2758,P3,0,0
2759,P4,11,11
2760,P5,19,19
2761,P3,0,0
2762,P4,7,18
2763,P5,15,34
2764,P3,0,0
2765,P4,6,24
2766,P5,19,53
2767,P3,0,0
2768,P4,8,32
2769,P5,16,69
2770,P3,0,0
2771,P4,2,34
2772,P5,20,89
2773,P3,0,0
2774,P4,8,42
2775,P5,18,107
2776,P3,0,0
2777,P4,2,44
2778,P5,20,127
2779,P3,0,0
2780,P4,5,49
2781,P5,22,149
2782,P3,0,0
2783,P4,9,58
2784,P5,17,166
2785,P3,0,0
2786,P4,5,63
2787,P5,16,182
2788,P3,0,0
2789,P4,4,67
2790,P5,15,197
2791,P3,0,0
2792,P4,10,77
2793,P5,18,215
2794,P3,0,0
2795,P4,9,86
2796,P5,19,234
2797,P3,0,0
2798,P4,0,0
2799,P5,0,0
2800,P3,7,7
2801,P4,2,2
2802,P5,20,20
2803,P3,15,22
2804,P4,1,3
2805,P5,25,45
2806,P3,11,33
2807,P4,1,4
2808,P5,25,70
2809,P3,0,0
2810,P4,0,0
2811,P5,0,0
2812,P3,47,47
2813,P4,21,21
2814,P5,11,11
2815,P3,45,92
2816,P4,18,39
2817,P5,21,32
2818,P3,58,150
2819,P4,18,57
2820,P5,25,57
2821,P3,62,212
2822,P4,18,75
2823,P5,24,81
2824,P3,58,270
2825,P4,17,92
2826,P5,19,100
2827,P3,59,329
2828,P4,17,109
2829,P5,21,121
2830,P3,52,381
2831,P4,19,128
2832,P5,23,144
2833,P3,0,0
2834,P4,0,0
2835,P5,0,0
2836,P3,0,0
2837,P4,18,18
2838,P5,23,23
2839,P3,0,0
2840,P4,23,41
2841,P5,21,44
2842,P3,0,0
2843,P4,14,55
2844,P5,22,66
2845,P3,0,0
2846,P4,20,75
2847,P5,20,86
2848,P3,0,0
2849,P4,19,94
2850,P5,20,106
2851,P3,0,0
2852,P4,20,114
2853,P5,23,129
2854,P3,0,0
2855,P4,20,134
2856,P5,29,158
2857,P3,0,0
2858,P4,24,158
2859,P5,19,177
2860,P3,0,0
2861,P4,26,184
2862,P5,13,190
2863,P3,0,0
2864,P4,19,203
2865,P5,21,211
2866,P3,0,0
2867,P4,14,217
2868,P5,21,232
2869,P3,0,0
2870,P4,27,244
2871,P5,25,257
2872,P3,0,0
2873,P4,19,263
2874,P5,21,278
2875,P3,0,0
2876,P4,19,282
2877,P5,20,298
2878,P3,0,0
2879,P4,14,296
2880,P5,23,321
2881,P3,0,0
2882,P4,18,314
2883,P5,21,342
2884,P3,0,0
2885,P4,13,327
2886,P5,23,365
2887,P3,0,0
2888,P4,17,344
2889,P5,22,387
2890,P3,0,0
2891,P4,14,358
2892,P5,22,409
2893,P3,0,0
2894,P4,16,374
2895,P5,21,430
2896,P3,0,0
2897,P4,0,0
2898,P5,0,0
2899,P3,0,0
2900,P4,7,7
2901,P5,24,24
2902,P3,0,0
2903,P4,7,14
2904,P5,22,46
2905,P3,0,0
2906,P4,7,21
2907,P5,21,67
2908,P3,0,0
2909,P4,3,24
2910,P5,27,94
2911,P3,0,0
2912,P4,6,30
2913,P5,24,118
2914,P3,0,0
2915,P4,0,0
2916,P5,0,0
2917,P3,0,0
2918,P4,53,53
2919,P5,26,26
2920,P3,0,0
2921,P4,43,96
2922,P5,24,50
2923,P3,0,0
2924,P4,44,140
2925,P5,31,81
2926,P3,0,0
2927,P4,43,183
2928,P5,21,102
2929,P3,0,0
2930,P4,53,236
2931,P5,30,132
2932,P3,0,0
2933,P4,46,282
2934,P5,23,155
2935,P3,0,0
2936,P4,0,0
2937,P5,0,0
2938,P3,2,2
2939,P4,16,16
2940,P5,0,0
2941,P3,0,2
2942,P4,16,32
2943,P5,0,0
2944,P3,0,2
2945,P4,16,48
2946,P5,0,0
2947,P3,0,2
2948,P4,16,64
2949,P5,0,0
2950,P3,1,3
2951,P4,16,80
2952,P5,0,0
2953,P3,2,5
2954,P4,16,96
2955,P5,0,0
2956,P3,0,5
2957,P4,16,112
2958,P5,0,0
2959,P3,4,9
2960,P4,16,128
2961,P5,0,0
2962,P3,0,0
2963,P4,0,0
2964,P5,0,0
2965,P3,0,0
2966,P4,5,5
2967,P5,27,27
2968,P3,1,1
2969,P4,2,7
2970,P5,23,50
2971,P3,0,1
2972,P4,2,9
2973,P5,35,85
2974,P3,0,1
2975,P4,1,10
2976,P5,29,114
2977,P3,0,1
2978,P4,0,10
2979,P5,21,135
2980,P3,0,1
2981,P4,1,11
2982,P5,35,170
2983,P3,0,1
2984,P4,0,11
2985,P5,29,199
2986,P3,0,1
2987,P4,0,11
2988,P5,29,228
2989,P3,0,1
2990,P4,3,14
2991,P5,27,255
2992,P3,0,1
2993,P4,4,18
2994,P5,32,287
2995,P3,0,1
2996,P4,2,20
2997,P5,30,317
2998,P3,0,1
2999,P4,3,23
3000,P5,28,345
3001,P3,0,1
3002,P4,4,27
3003,P5,26,371
3004,P3,0,1
3005,P4,2,29
3006,P5,32,403
3007,P3,0,1
3008,P4,1,30
3009,P5,26,429
3010,P3,0,1
3011,P4,1,31
3012,P5,31,460
3013,P3,0,1
3014,P4,4,35
3015,P5,34,494
3016,P3,0,1
3017,P4,2,37
3018,P5,27,521
3019,P3,0,0
3020,P4,0,0
3021,P5,0,0
3022,P3,0,0
3023,P4,25,25
3024,P5,19,19
3025,P3,0,0
3026,P4,38,63
3027,P5,21,40
3028,P3,0,0
3029,P4,32,95
3030,P5,18,58
3031,P3,0,0
3032,P4,21,116
3033,P5,14,72
3034,P3,0,0
3035,P4,27,143
3036,P5,23,95
3037,P3,0,0
3038,P4,0,0
3039,P5,0,0
3040,P3,0,0
3041,P4,0,0
3042,P5,16,16
3043,P3,0,0
3044,P4,16,16
3045,P5,16,32
3046,P3,0,0
3047,P4,0,16
3048,P5,16,48
3049,P3,0,0
3050,P4,0,16
3051,P5,16,64
3052,P3,0,0
3053,P4,0,16
3054,P5,16,80
3055,P3,0,0
3056,P4,0,16
3057,P5,16,96
3058,P3,0,0
3059,P4,0,16
3060,P5,16,112
3061,P3,0,0
3062,P4,0,16
3063,P5,16,128
3064,P3,0,0
3065,P4,0,0
3066,P5,0,0
3067,P3,10,10
3068,P4,6,6
3069,P5,0,0
3070,P3,11,21
3071,P4,11,17
3072,P5,0,0
3073,P3,15,36
3074,P4,9,26
3075,P5,0,0
3076,P3,14,50
3077,P4,11,37
3078,P5,0,0
3079,P3,12,62
3080,P4,10,47
3081,P5,0,0
3082,P3,14,76
3083,P4,12,59
3084,P5,0,0
3085,P3,11,87
3086,P4,13,72
3087,P5,0,0
3088,P3,19,106
3089,P4,10,82
3090,P5,0,0
3091,P3,18,124
3092,P4,9,91
3093,P5,0,0
3094,P3,10,134
3095,P4,13,104
3096,P5,0,0
3097,P3,11,145
3098,P4,12,116
3099,P5,0,0
3100,P3,0,0
3101,P4,0,0
3102,P5,0,0
3103,P3,10,10
3104,P4,0,0
3105,P5,6,6
3106,P3,15,25
3107,P4,5,5
3108,P5,3,9
3109,P3,10,35
3110,P4,2,7
3111,P5,4,13
3112,P3,12,47
3113,P4,0,7
3114,P5,6,19
3115,P3,19,66
3116,P4,3,10
3117,P5,4,23
3118,P3,15,81
3119,P4,1,11
3120,P5,4,27
3121,P3,17,98
3122,P4,1,12
3123,P5,1,28
3124,P3,14,112
3125,P4,7,19
3126,P5,3,31
3127,P3,20,132
3128,P4,2,21
3129,P5,1,32
3130,P3,17,149
3131,P4,0,21
3132,P5,4,36
3133,P3,17,166
3134,P4,5,26
3135,P5,2,38
3136,P3,19,185
3137,P4,3,29
3138,P5,4,42
3139,P3,17,202
3140,P4,0,29
3141,P5,2,44
3142,P3,26,228
3143,P4,4,33
3144,P5,1,45
3145,P3,14,242
3146,P4,4,37
3147,P5,3,48
3148,P3,14,256
3149,P4,1,38
3150,P5,6,54
3151,P3,14,270
3152,P4,3,41
3153,P5,4,58
3154,P3,18,288
3155,P4,2,43
3156,P5,5,63
3157,P3,15,303
3158,P4,6,49
3159,P5,0,63
3160,P3,21,324
3161,P4,3,52
3162,P5,1,64
3163,P3,20,344
3164,P4,4,56
3165,P5,3,67
3166,P3,12,356
3167,P4,2,58
3168,P5,3,70
3169,P3,17,373
3170,P4,4,62
3171,P5,5,75
3172,P3,10,383
3173,P4,2,64
3174,P5,8,83
3175,P3,8,391
3176,P4,4,68
3177,P5,6,89
3178,P3,20,411
3179,P4,6,74
3180,P5,2,91
3181,P3,13,424
3182,P4,1,75
3183,P5,5,96
3184,P3,11,435
3185,P4,2,77
3186,P5,4,100
3187,P3,14,449
3188,P4,0,77
3189,P5,8,108
3190,P3,12,461
3191,P4,2,79
3192,P5,7,115
3193,P3,20,481
3194,P4,2,81
3195,P5,3,118
3196,P3,14,495
3197,P4,3,84
3198,P5,5,123
3199,P3,20,515
3200,P4,2,86
3201,P5,3,126
3202,P3,18,533
3203,P4,2,88
3204,P5,4,130
3205,P3,18,551
3206,P4,4,92
3207,P5,3,133
3208,P3,15,566
3209,P4,2,94
3210,P5,4,137
3211,P3,22,588
3212,P4,6,100
3213,P5,7,144
3214,P3,21,609
3215,P4,9,109
3216,P5,2,146
3217,P3,20,629
3218,P4,4,113
3219,P5,6,152
3220,P3,14,643
3221,P4,0,113
3222,P5,4,156
3223,P3,19,662
3224,P4,2,115
3225,P5,3,159
3226,P3,18,680
3227,P4,5,120
3228,P5,0,159
3229,P3,9,689
3230,P4,1,121
3231,P5,12,171
3232,P3,17,706
3233,P4,3,124
3234,P5,7,178
3235,P3,19,725
3236,P4,4,128
3237,P5,3,181
3238,P3,18,743
3239,P4,0,128
3240,P5,7,188
3241,P3,12,755
3242,P4,3,131
3243,P5,6,194
3244,P3,15,770
3245,P4,1,132
3246,P5,4,198
3247,P3,19,789
3248,P4,4,136
3249,P5,4,202
3250,P3,13,802
3251,P4,3,139
3252,P5,5,207
3253,P3,11,813
3254,P4,0,139
3255,P5,7,214
3256,P3,20,833
3257,P4,4,143
3258,P5,5,219
3259,P3,14,847
3260,P4,3,146
3261,P5,1,220
3262,P3,13,860
3263,P4,2,148
3264,P5,6,226
3265,P3,20,880
3266,P4,1,149
3267,P5,4,230
3268,P3,12,892
3269,P4,1,150
3270,P5,3,233
3271,P3,19,911
3272,P4,4,154
3273,P5,3,236
3274,P3,20,931
3275,P4,3,157
3276,P5,3,239
3277,P3,12,943
3278,P4,2,159
3279,P5,5,244
3280,P3,22,965
3281,P4,3,162
3282,P5,6,250
3283,P3,16,981
3284,P4,3,165
3285,P5,4,254
3286,P3,12,993
3287,P4,1,166
3288,P5,3,257
3289,P3,20,1013
3290,P4,0,166
3291,P5,4,261
3292,P3,18,1031
3293,P4,3,169
3294,P5,5,266
3295,P3,21,1052
3296,P4,2,171
3297,P5,3,269
3298,P3,22,1074
3299,P4,2,173
3300,P5,2,271
3301,P3,16,1090
3302,P4,1,174
3303,P5,7,278
3304,P3,12,1102
3305,P4,4,178
3306,P5,4,282
3307,P3,20,1122
3308,P4,2,180
3309,P5,6,288
3310,P3,14,1136
3311,P4,1,181
3312,P5,3,291
3313,P3,11,1147
3314,P4,1,182
3315,P5,4,295
3316,P3,19,1166
3317,P4,3,185
3318,P5,2,297
3319,P3,20,1186
3320,P4,1,186
3321,P5,5,302
3322,P3,16,1202
3323,P4,5,191
3324,P5,3,305
3325,P3,14,1216
3326,P4,4,195
3327,P5,5,310
3328,P3,20,1236
3329,P4,4,199
3330,P5,1,311
3331,P3,16,1252
3332,P4,4,203
3333,P5,4,315
3334,P3,16,1268
3335,P4,5,208
3336,P5,4,319
3337,P3,17,1285
3338,P4,2,210
3339,P5,4,323
3340,P3,20,1305
3341,P4,3,213
3342,P5,3,326
3343,P3,19,1324
3344,P4,2,215
3345,P5,4,330
3346,P3,18,1342
3347,P4,2,217
3348,P5,5,335
3349,P3,15,1357
3350,P4,3,220
3351,P5,3,338
3352,P3,15,1372
3353,P4,3,223
3354,P5,3,341
3355,P3,14,1386
3356,P4,0,223
3357,P5,5,346
3358,P3,18,1404
3359,P4,3,226
3360,P5,3,349
3361,P3,23,1427
3362,P4,2,228
3363,P5,4,353
3364,P3,19,1446
3365,P4,7,235
3366,P5,4,357
3367,P3,15,1461
3368,P4,4,239
3369,P5,6,363
3370,P3,13,1474
3371,P4,3,242
3372,P5,5,368
3373,P3,17,1491
3374,P4,2,244
3375,P5,1,369
3376,P3,16,1507
3377,P4,2,246
3378,P5,2,371
3379,P3,19,1526
3380,P4,3,249
3381,P5,4,375
3382,P3,14,1540
3383,P4,0,249
3384,P5,8,383
3385,P3,15,1555
3386,P4,1,250
3387,P5,2,385
3388,P3,17,1572
3389,P4,2,252
3390,P5,3,388
3391,P3,23,1595
3392,P4,2,254
3393,P5,4,392
3394,P3,18,1613
3395,P4,2,256
3396,P5,4,396
3397,P3,18,1631
3398,P4,5,261
3399,P5,3,399
3400,P3,15,1646
3401,P4,3,264
3402,P5,1,400
3403,P3,14,1660
3404,P4,1,265
3405,P5,6,406
3406,P3,22,1682
3407,P4,2,267
3408,P5,2,408
3409,P3,16,1698
3410,P4,2,269
3411,P5,2,410
3412,P3,15,1713
3413,P4,4,273
3414,P5,4,414
3415,P3,16,1729
3416,P4,4,277
3417,P5,2,416
3418,P3,17,1746
3419,P4,5,282
3420,P5,6,422
3421,P3,22,1768
3422,P4,3,285
3423,P5,2,424
3424,P3,23,1791
3425,P4,4,289
3426,P5,5,429
3427,P3,17,1808
3428,P4,2,291
3429,P5,3,432
3430,P3,16,1824
3431,P4,0,291
3432,P5,5,437
3433,P3,17,1841
3434,P4,2,293
3435,P5,3,440
3436,P3,18,1859
3437,P4,1,294
3438,P5,0,440
3439,P3,8,1867
3440,P4,2,296
3441,P5,6,446
3442,P3,14,1881
3443,P4,3,299
3444,P5,3,449
3445,P3,11,1892
3446,P4,0,299
3447,P5,7,456
3448,P3,25,1917
3449,P4,0,299
3450,P5,0,456
3451,P3,17,1934
3452,P4,0,299
3453,P5,2,458
3454,P3,16,1950
3455,P4,3,302
3456,P5,3,461
3457,P3,20,1970
3458,P4,0,302
3459,P5,6,467
3460,P3,12,1982
3461,P4,3,305
3462,P5,1,468
3463,P3,14,1996
3464,P4,5,310
3465,P5,4,472
3466,P3,23,2019
3467,P4,2,312
3468,P5,3,475
3469,P3,16,2035
3470,P4,0,312
3471,P5,4,479
3472,P3,26,2061
3473,P4,2,314
3474,P5,2,481
3475,P3,16,2077
3476,P4,3,317
3477,P5,5,486
3478,P3,26,2103
3479,P4,2,319
3480,P5,2,488
3481,P3,16,2119
3482,P4,3,322
3483,P5,4,492
3484,P3,19,2138
3485,P4,2,324
3486,P5,3,495
3487,P3,11,2149
3488,P4,2,326
3489,P5,3,498
3490,P3,15,2164
3491,P4,1,327
3492,P5,1,499
3493,P3,19,2183
3494,P4,4,331
3495,P5,2,501
3496,P3,16,2199
3497,P4,2,333
3498,P5,4,505
3499,P3,9,2208
3500,P4,5,338
3501,P5,4,509
3502,P3,19,2227
3503,P4,1,339
3504,P5,2,511
3505,P3,17,2244
3506,P4,2,341
3507,P5,3,514
3508,P3,20,2264
3509,P4,1,342
3510,P5,1,515
3511,P3,18,2282
3512,P4,2,344
3513,P5,3,518
3514,P3,22,2304
3515,P4,2,346
3516,P5,4,522
3517,P3,21,2325
3518,P4,2,348
3519,P5,4,526
3520,P3,14,2339
3521,P4,4,352
3522,P5,5,531
3523,P3,21,2360
3524,P4,3,355
3525,P5,1,532
3526,P3,15,2375
3527,P4,6,361
3528,P5,2,534
3529,P3,20,2395
3530,P4,0,361
3531,P5,3,537
3532,P3,16,2411
3533,P4,3,364
3534,P5,3,540
3535,P3,12,2423
3536,P4,1,365
3537,P5,3,543
3538,P3,21,2444
3539,P4,2,367
3540,P5,1,544
3541,P3,14,2458
3542,P4,0,367
3543,P5,3,547
3544,P3,8,2466
3545,P4,2,369
3546,P5,8,555
3547,P3,17,2483
3548,P4,3,372
3549,P5,3,558
3550,P3,14,2497
3551,P4,0,372
3552,P5,5,563
3553,P3,19,2516
3554,P4,1,373
3555,P5,4,567
3556,P3,18,2534
3557,P4,4,377
3558,P5,2,569
3559,P3,21,2555
3560,P4,3,380
3561,P5,3,572
3562,P3,13,2568
3563,P4,0,380
3564,P5,7,579
3565,P3,26,2594
3566,P4,6,386
3567,P5,2,581
3568,P3,17,2611
3569,P4,1,387
3570,P5,4,585
3571,P3,13,2624
3572,P4,1,388
3573,P5,5,590
3574,P3,11,2635
3575,P4,2,390
3576,P5,3,593
3577,P3,17,2652
3578,P4,1,391
3579,P5,2,595
3580,P3,15,2667
3581,P4,1,392
3582,P5,3,598
3583,P3,14,2681
3584,P4,3,395
3585,P5,3,601
3586,P3,18,2699
3587,P4,3,398
3588,P5,5,606
3589,P3,15,2714
3590,P4,4,402
3591,P5,1,607
3592,P3,24,2738
3593,P4,2,404
3594,P5,2,609
3595,P3,12,2750
3596,P4,1,405
3597,P5,4,613
3598,P3,19,2769
3599,P4,2,407
3600,P5,2,615
3601,P3,17,2786
3602,P4,3,410
3603,P5,2,617
3604,P3,12,2798
3605,P4,1,411
3606,P5,3,620
3607,P3,20,2818
3608,P4,3,414
3609,P5,3,623
3610,P3,19,2837
3611,P4,0,414
3612,P5,2,625
3613,P3,10,2847
3614,P4,2,416
3615,P5,6,631
3616,P3,18,2865
3617,P4,4,420
3618,P5,3,634
3619,P3,17,2882
3620,P4,2,422
3621,P5,4,638
3622,P3,15,2897
3623,P4,1,423
3624,P5,7,645
3625,P3,23,2920
3626,P4,4,427
3627,P5,2,647
3628,P3,11,2931
3629,P4,3,430
3630,P5,4,651
3631,P3,15,2946
3632,P4,4,434
3633,P5,5,656
3634,P3,10,2956
3635,P4,1,435
3636,P5,6,662
3637,P3,11,2967
3638,P4,1,436
3639,P5,3,665
3640,P3,26,2993
3641,P4,3,439
3642,P5,6,671
3643,P3,19,3012
3644,P4,4,443
3645,P5,3,674
3646,P3,0,0
3647,P4,0,0
3648,P5,0,0
3649,P3,0,0
3650,P4,0,0
3651,P5,16,16
3652,P3,2,2
3653,P4,0,0
3654,P5,16,32
3655,P3,0,2
3656,P4,0,0
3657,P5,16,48
3658,P3,0,2
3659,P4,0,0
3660,P5,16,64
3661,P3,1,3
3662,P4,0,0
3663,P5,16,80
3664,P3,0,3
3665,P4,0,0
3666,P5,16,96
3667,P3,0,3
3668,P4,0,0
3669,P5,16,112
3670,P3,0,3
3671,P4,0,0
3672,P5,16,128
3673,P3,0,3
3674,P4,0,0
3675,P5,16,144
3676,P3,1,4
3677,P4,0,0
3678,P5,16,160
3679,P3,0,4
3680,P4,0,0
3681,P5,16,176
3682,P3,2,6
3683,P4,0,0
3684,P5,16,192
3685,P3,1,7
3686,P4,0,0
3687,P5,16,208
3688,P3,0,7
3689,P4,0,0
3690,P5,16,224
3691,P3,0,7
3692,P4,0,0
3693,P5,16,240
3694,P3,0,7
3695,P4,0,0
3696,P5,16,256
3697,P3,0,7
3698,P4,0,0
3699,P5,16,272
3700,P3,1,8
3701,P4,0,0
3702,P5,16,288
3703,P3,0,8
3704,P4,0,0
3705,P5,16,304
3706,P3,0,8
3707,P4,0,0
3708,P5,17,321
3709,P3,1,9
3710,P4,0,0
3711,P5,16,337
3712,P3,0,9
3713,P4,0,0
3714,P5,16,353
3715,P3,1,10
3716,P4,0,0
3717,P5,16,369
3718,P3,1,11
3719,P4,0,0
3720,P5,16,385
3721,P3,0,11
3722,P4,0,0
3723,P5,16,401
3724,P3,0,11
3725,P4,0,0
3726,P5,16,417
3727,P3,0,11
3728,P4,0,0
3729,P5,16,433
3730,P3,0,11
3731,P4,0,0
3732,P5,16,449
3733,P3,0,11
3734,P4,0,0
3735,P5,16,465
3736,P3,1,12
3737,P4,0,0
3738,P5,16,481
3739,P3,1,13
3740,P4,0,0
3741,P5,16,497
3742,P3,0,13
3743,P4,0,0
3744,P5,16,513
3745,P3,0,13
3746,P4,0,0
3747,P5,16,529
3748,P3,0,13
3749,P4,0,0
3750,P5,16,545
3751,P3,0,13
3752,P4,0,0
3753,P5,16,561
3754,P3,1,14
3755,P4,0,0
3756,P5,16,577
3757,P3,0,14
3758,P4,0,0
3759,P5,16,593
3760,P3,0,14
3761,P4,0,0
3762,P5,16,609
3763,P3,0,0
3764,P4,0,0
3765,P5,0,0
3766,P3,0,0
3767,P4,0,0
3768,P5,19,19
3769,P3,0,0
3770,P4,0,0
3771,P5,16,35
3772,P3,0,0
3773,P4,0,0
3774,P5,17,52
3775,P3,0,0
3776,P4,0,0
3777,P5,17,69
3778,P3,0,0
3779,P4,0,0
3780,P5,17,86
3781,P3,0,0
3782,P4,0,0
3783,P5,18,104
3784,P3,0,0
3785,P4,0,0
3786,P5,19,123
3787,P3,0,0
3788,P4,0,0
3789,P5,17,140
3790,P3,0,0
3791,P4,0,0
3792,P5,18,158
3793,P3,0,0
3794,P4,0,0
3795,P5,20,178
3796,P3,0,0
3797,P4,0,0
3798,P5,18,196
3799,P3,0,0
3800,P4,0,0
3801,P5,17,213
3802,P3,0,0
3803,P4,0,0
3804,P5,16,229
3805,P3,0,0
3806,P4,0,0
3807,P5,17,246
3808,P3,0,0
3809,P4,0,0
3810,P5,17,263
3811,P3,0,0
3812,P4,0,0
3813,P5,18,281
3814,P3,0,0
3815,P4,0,0
3816,P5,18,299
3817,P3,0,0
3818,P4,0,0
3819,P5,18,317
3820,P3,0,0
3821,P4,0,0
3822,P5,0,0
3823,P3,1,1
3824,P4,32,32
3825,P5,0,0
3826,P3,0,1
3827,P4,33,65
3828,P5,0,0
3829,P3,0,1
3830,P4,34,99
3831,P5,1,1
3832,P3,0,1
3833,P4,32,131
3834,P5,0,1
3835,P3,0,1
3836,P4,32,163
3837,P5,0,1
3838,P3,0,1
3839,P4,32,195
3840,P5,1,2
3841,P3,0,1
3842,P4,32,227
3843,P5,0,2
3844,P3,0,1
3845,P4,32,259
3846,P5,2,4
3847,P3,0,1
3848,P4,32,291
3849,P5,0,4
3850,P3,1,2
3851,P4,33,324
3852,P5,1,5
3853,P3,0,2
3854,P4,32,356
3855,P5,1,6
3856,P3,1,3
3857,P4,34,390
3858,P5,0,6
3859,P3,0,3
3860,P4,33,423
3861,P5,0,6
3862,P3,0,3
3863,P4,32,455
3864,P5,0,6
3865,P3,0,3
3866,P4,33,488
3867,P5,0,6
3868,P3,1,4
3869,P4,32,520
3870,P5,1,7
3871,P3,0,4
3872,P4,33,553
3873,P5,0,7
3874,P3,0,4
3875,P4,33,586
3876,P5,0,7
3877,P3,0,0
3878,P4,0,0
3879,P5,0,0
3880,P3,0,0
3881,P4,24,24
3882,P5,16,16
3883,P3,0,0
3884,P4,19,43
3885,P5,2,18
3886,P3,0,0
3887,P4,22,65
3888,P5,2,20
3889,P3,0,0
3890,P4,23,88
3891,P5,9,29
3892,P3,0,0
3893,P4,23,111
3894,P5,8,37
3895,P3,0,0
3896,P4,22,133
3897,P5,10,47
3898,P3,0,0
3899,P4,26,159
3900,P5,2,49
3901,P3,0,0
3902,P4,18,177
3903,P5,2,51
3904,P3,0,0
3905,P4,20,197
3906,P5,7,58
3907,P3,1,1
3908,P4,22,219
3909,P5,3,61
3910,P3,0,1
3911,P4,25,244
3912,P5,8,69
3913,P3,0,0
3914,P4,0,0
3915,P5,0,0
3916,P3,4,4
3917,P4,2,2
3918,P5,14,14
3919,P3,6,10
3920,P4,7,9
3921,P5,10,24
3922,P3,3,13
3923,P4,7,16
3924,P5,13,37
3925,P3,7,20
3926,P4,4,20
3927,P5,12,49
3928,P3,4,24
3929,P4,8,28
3930,P5,15,64
3931,P3,2,26
3932,P4,7,35
3933,P5,10,74
3934,P3,5,31
3935,P4,3,38
3936,P5,12,86
3937,P3,5,36
3938,P4,9,47
3939,P5,7,93
3940,P3,4,40
3941,P4,6,53
3942,P5,13,106
3943,P3,6,46
3944,P4,4,57
3945,P5,15,121
3946,P3,3,49
3947,P4,5,62
3948,P5,17,138
3949,P3,2,51
3950,P4,9,71
3951,P5,16,154
3952,P3,2,53
3953,P4,2,73
3954,P5,20,174
3955,P3,4,57
3956,P4,11,84
3957,P5,10,184
3958,P3,9,66
3959,P4,6,90
3960,P5,9,193
3961,P3,4,70
3962,P4,10,100
3963,P5,12,205
3964,P3,8,78
3965,P4,6,106
3966,P5,9,214
3967,P3,7,85
3968,P4,3,109
3969,P5,11,225
3970,P3,1,86
3971,P4,2,111
3972,P5,15,240
3973,P3,2,88
3974,P4,3,114
3975,P5,16,256
3976,P3,3,91
3977,P4,14,128
3978,P5,10,266
3979,P3,5,96
3980,P4,5,133
3981,P5,10,276
3982,P3,3,99
3983,P4,2,135
3984,P5,12,288
3985,P3,2,101
3986,P4,7,142
3987,P5,11,299
3988,P3,6,107
3989,P4,9,151
3990,P5,9,308
3991,P3,5,112
3992,P4,3,154
3993,P5,12,320
3994,P3,2,114
3995,P4,4,158
3996,P5,13,333
3997,P3,4,118
3998,P4,6,164
3999,P5,12,345
4000,P3,4,122
4001,P4,3,167
4002,P5,15,360
4003,P3,2,124
4004,P4,5,172
4005,P5,16,376
4006,P3,3,127
4007,P4,6,178
4008,P5,12,388
4009,P3,1,128
4010,P4,7,185
4011,P5,11,399
4012,P3,1,129
4013,P4,5,190
4014,P5,22,421
4015,P3,5,134
4016,P4,6,196
4017,P5,15,436
4018,P3,0,134
4019,P4,6,202
4020,P5,11,447
4021,P3,5,139
4022,P4,7,209
4023,P5,8,455
4024,P3,4,143
4025,P4,2,211
4026,P5,12,467
4027,P3,6,149
4028,P4,5,216
4029,P5,10,477
4030,P3,11,160
4031,P4,3,219
4032,P5,4,481
4033,P3,5,165
4034,P4,3,222
4035,P5,13,494
4036,P3,5,170
4037,P4,8,230
4038,P5,7,501
4039,P3,3,173
4040,P4,4,234
4041,P5,12,513
4042,P3,2,175
4043,P4,8,242
4044,P5,18,531
4045,P3,2,177
4046,P4,4,246
4047,P5,14,545
4048,P3,3,180
4049,P4,12,258
4050,P5,13,558
4051,P3,7,187
4052,P4,6,264
4053,P5,6,564
4054,P3,8,195
4055,P4,7,271
4056,P5,5,569
4057,P3,3,198
4058,P4,7,278
4059,P5,9,578
4060,P3,5,203
4061,P4,3,281
4062,P5,16,594
4063,P3,6,209
4064,P4,9,290
4065,P5,8,602
4066,P3,4,213
4067,P4,3,293
4068,P5,16,618
4069,P3,2,215
4070,P4,6,299
4071,P5,9,627
4072,P3,5,220
4073,P4,7,306
4074,P5,13,640
4075,P3,6,226
4076,P4,2,308
4077,P5,14,654
4078,P3,5,231
4079,P4,6,314
4080,P5,9,663
4081,P3,5,236
4082,P4,8,322
4083,P5,8,671
4084,P3,4,240
4085,P4,14,336
4086,P5,10,681
4087,P3,7,247
4088,P4,11,347
4089,P5,12,693
4090,P3,5,252
4091,P4,4,351
4092,P5,9,702
4093,P3,4,256
4094,P4,5,356
4095,P5,9,711
4096,P3,3,259
4097,P4,2,358
4098,P5,13,724
4099,P3,9,268
4100,P4,5,363
4101,P5,8,732
4102,P3,3,271
4103,P4,4,367
4104,P5,12,744
4105,P3,1,272
4106,P4,8,375
4107,P5,16,760
4108,P3,1,273
4109,P4,4,379
4110,P5,15,775
4111,P3,3,276
4112,P4,4,383
4113,P5,13,788
4114,P3,4,280
4115,P4,3,386
4116,P5,11,799
4117,P3,3,283
4118,P4,7,393
4119,P5,13,812
4120,P3,4,287
4121,P4,4,397
4122,P5,12,824
4123,P3,5,292
4124,P4,1,398
4125,P5,13,837
4126,P3,4,296
4127,P4,6,404
4128,P5,10,847
4129,P3,1,297
4130,P4,4,408
4131,P5,16,863
4132,P3,3,300
4133,P4,9,417
4134,P5,12,875
4135,P3,1,301
4136,P4,9,426
4137,P5,15,890
4138,P3,5,306
4139,P4,7,433
4140,P5,9,899
4141,P3,5,311
4142,P4,2,435
4143,P5,9,908
4144,P3,3,314
4145,P4,5,440
4146,P5,16,924
4147,P3,4,318
4148,P4,11,451
4149,P5,7,931
4150,P3,3,321
4151,P4,7,458
4152,P5,10,941
4153,P3,2,323
4154,P4,5,463
4155,P5,12,953
4156,P3,4,327
4157,P4,6,469
4158,P5,16,969
4159,P3,6,333
4160,P4,5,474
4161,P5,10,979
4162,P3,0,0
4163,P4,0,0
4164,P5,0,0
4165,P3,0,0
4166,P4,3,3
4167,P5,34,34
4168,P3,1,1
4169,P4,5,8
4170,P5,29,63
4171,P3,1,2
4172,P4,3,11
4173,P5,31,94
4174,P3,3,5
4175,P4,4,15
4176,P5,34,128
4177,P3,1,6
4178,P4,3,18
4179,P5,30,158
4180,P3,2,8
4181,P4,7,25
4182,P5,32,190
4183,P3,0,0
4184,P4,0,0
4185,P5,0,0
4186,P3,1,1
4187,P4,22,22
4188,P5,19,19
4189,P3,4,5
4190,P4,20,42
4191,P5,20,39
4192,P3,6,11
4193,P4,18,60
4194,P5,19,58
4195,P3,0,11
4196,P4,20,80
4197,P5,18,76
4198,P3,3,14
4199,P4,21,101
4200,P5,16,92
4201,P3,3,17
4202,P4,19,120
4203,P5,19,111
4204,P3,0,0
4205,P4,0,0
4206,P5,0,0
4207,P3,11,11
4208,P4,19,19
4209,P5,7,7
4210,P3,9,20
4211,P4,15,34
4212,P5,4,11
4213,P3,9,29
4214,P4,18,52
4215,P5,7,18
4216,P3,12,41
4217,P4,21,73
4218,P5,4,22
4219,P3,0,0
4220,P4,0,0
4221,P5,0,0
4222,P3,2,2
4223,P4,39,39
4224,P5,3,3
4225,P3,3,5
4226,P4,43,82
4227,P5,0,3
4228,P3,5,10
4229,P4,46,128
4230,P5,3,6
4231,P3,4,14
4232,P4,43,171
4233,P5,1,7
4234,P3,4,18
4235,P4,44,215
4236,P5,2,9
4237,P3,6,24
4238,P4,40,255
4239,P5,5,14
4240,P3,1,25
4241,P4,37,292
4242,P5,2,16
4243,P3,1,26
4244,P4,35,327
4245,P5,1,17
4246,P3,5,31
4247,P4,45,372
4248,P5,4,21
4249,P3,2,33
4250,P4,48,420
4251,P5,1,22
4252,P3,1,34
4253,P4,41,461
4254,P5,2,24
4255,P3,1,35
4256,P4,53,514
4257,P5,0,24
4258,P3,3,38
4259,P4,42,556
4260,P5,1,25
4261,P3,0,38
4262,P4,40,596
4263,P5,1,26
4264,P3,3,41
4265,P4,47,643
4266,P5,3,29
4267,P3,3,44
4268,P4,43,686
4269,P5,1,30
4270,P3,2,46
4271,P4,38,724
4272,P5,1,31
4273,P3,5,51
4274,P4,57,781
4275,P5,4,35
4276,P3,0,0
4277,P4,0,0
4278,P5,0,0
4279,P3,0,0
4280,P4,1,1
4281,P5,29,29
4282,P3,2,2
4283,P4,2,3
4284,P5,26,55
4285,P3,2,4
4286,P4,2,5
4287,P5,30,85
4288,P3,1,5
4289,P4,0,5
4290,P5,31,116
4291,P3,0,5
4292,P4,0,5
4293,P5,26,142
4294,P3,3,8
4295,P4,1,6
4296,P5,30,172
4297,P3,1,9
4298,P4,0,6
4299,P5,29,201
4300,P3,0,9
4301,P4,0,6
4302,P5,25,226
4303,P3,2,11
4304,P4,1,7
4305,P5,28,254
4306,P3,0,11
4307,P4,1,8
4308,P5,31,285
4309,P3,1,12
4310,P4,0,8
4311,P5,30,315
4312,P3,0,12
4313,P4,0,8
4314,P5,41,356
4315,P3,0,12
4316,P4,0,8
4317,P5,30,386
4318,P3,1,13
4319,P4,0,8
4320,P5,32,418
4321,P3,2,15
4322,P4,0,8
4323,P5,23,441
4324,P3,1,16
4325,P4,1,9
4326,P5,27,468
4327,P3,0,16
4328,P4,0,9
4329,P5,27,495
4330,P3,1,17
4331,P4,1,10
4332,P5,31,526
4333,P3,0,17
4334,P4,1,11
4335,P5,28,554
4336,P3,0,17
4337,P4,0,11
4338,P5,30,584
4339,P3,0,17
4340,P4,1,12
4341,P5,28,612
4342,P3,1,18
4343,P4,0,12
4344,P5,31,643
4345,P3,0,18
4346,P4,0,12
4347,P5,33,676
4348,P3,0,18
4349,P4,1,13
4350,P5,26,702
4351,P3,1,19
4352,P4,0,13
4353,P5,28,730
4354,P3,1,20
4355,P4,1,14
4356,P5,30,760
4357,P3,3,23
4358,P4,0,14
4359,P5,35,795
4360,P3,3,26
4361,P4,2,16
4362,P5,34,829
4363,P3,0,0
4364,P4,0,0
4365,P5,0,0
4366,P3,138,138
4367,P4,1,1
4368,P5,32,32
4369,P3,156,294
4370,P4,2,3
4371,P5,27,59
4372,P3,163,457
4373,P4,3,6
4374,P5,33,92
4375,P3,163,620
4376,P4,0,6
4377,P5,37,129
4378,P3,159,779
4379,P4,1,7
4380,P5,29,158
4381,P3,0,0
4382,P4,0,0
4383,P5,0,0
4384,P3,0,0
4385,P4,0,0
4386,P5,23,23
4387,P3,0,0
4388,P4,2,2
4389,P5,22,45
4390,P3,0,0
4391,P4,0,0
4392,P5,0,0
4393,P3,0,0
4394,P4,17,17
4395,P5,8,8
4396,P3,0,0
4397,P4,19,36
4398,P5,10,18
4399,P3,0,0
4400,P4,12,48
4401,P5,15,33
4402,P3,0,0
4403,P4,18,66
4404,P5,13,46
4405,P3,0,0
4406,P4,15,81
4407,P5,15,61
4408,P3,0,0
4409,P4,21,102
4410,P5,6,67
4411,P3,0,0
4412,P4,18,120
4413,P5,7,74
4414,P3,0,0
4415,P4,19,139
4416,P5,6,80
4417,P3,0,0
4418,P4,14,153
4419,P5,11,91
4420,P3,0,0
4421,P4,12,165
4422,P5,10,101
4423,P3,0,0
4424,P4,16,181
4425,P5,6,107
4426,P3,0,0
4427,P4,20,201
4428,P5,10,117
4429,P3,0,0
4430,P4,24,225
4431,P5,6,123
4432,P3,0,0
4433,P4,22,247
4434,P5,8,131
4435,P3,0,0
4436,P4,21,268
4437,P5,7,138
4438,P3,0,0
4439,P4,20,288
4440,P5,10,148
4441,P3,0,0
4442,P4,20,308
4443,P5,9,157
4444,P3,0,0
4445,P4,20,328
4446,P5,10,167
4447,P3,0,0
4448,P4,19,347
4449,P5,11,178
4450,P3,0,0
4451,P4,17,364
4452,P5,4,182
4453,P3,0,0
4454,P4,20,384
4455,P5,11,193
4456,P3,0,0
4457,P4,29,413
4458,P5,10,203
4459,P3,0,0
4460,P4,20,433
4461,P5,6,209
4462,P3,0,0
4463,P4,23,456
4464,P5,5,214
4465,P3,0,0
4466,P4,16,472
4467,P5,9,223
4468,P3,0,0
4469,P4,20,492
4470,P5,11,234
4471,P3,0,0
4472,P4,19,511
4473,P5,11,245
4474,P3,0,0
4475,P4,13,524
4476,P5,14,259
4477,P3,0,0
4478,P4,23,547
4479,P5,9,268
4480,P3,0,0
4481,P4,19,566
4482,P5,8,276
4483,P3,0,0
4484,P4,18,584
4485,P5,15,291
4486,P3,0,0
4487,P4,16,600
4488,P5,14,305
4489,P3,0,0
4490,P4,24,624
4491,P5,9,314
4492,P3,0,0
4493,P4,0,0
4494,P5,0,0
4495,P3,0,0
4496,P4,0,0
4497,P5,39,39
4498,P3,0,0
4499,P4,5,5
4500,P5,34,73
4501,P3,0,0
4502,P4,2,7
4503,P5,40,113
4504,P3,0,0
4505,P4,8,15
4506,P5,31,144
4507,P3,0,0
4508,P4,0,15
4509,P5,32,176
4510,P3,0,0
4511,P4,0,15
4512,P5,35,211
4513,P3,0,0
4514,P4,2,17
4515,P5,42,253
4516,P3,0,0
4517,P4,1,18
4518,P5,37,290
4519,P3,0,0
4520,P4,1,19
4521,P5,30,320
4522,P3,0,0
4523,P4,0,19
4524,P5,28,348
4525,P3,0,0
4526,P4,5,24
4527,P5,42,390
4528,P3,0,0
4529,P4,0,24
4530,P5,37,427
4531,P3,0,0
4532,P4,2,26
4533,P5,28,455
4534,P3,0,0
4535,P4,0,26
4536,P5,35,490
4537,P3,0,0
4538,P4,0,26
4539,P5,36,526
4540,P3,0,0
4541,P4,1,27
4542,P5,28,554
4543,P3,0,0
4544,P4,4,31
4545,P5,28,582
4546,P3,0,0
4547,P4,0,0
4548,P5,0,0
4549,P3,23,23
4550,P4,0,0
4551,P5,12,12
4552,P3,28,51
4553,P4,2,2
4554,P5,14,26
4555,P3,26,77
4556,P4,0,2
4557,P5,16,42
4558,P3,31,108
4559,P4,0,2
4560,P5,20,62
4561,P3,33,141
4562,P4,0,2
4563,P5,15,77
4564,P3,31,172
4565,P4,2,4
4566,P5,20,97
4567,P3,29,201
4568,P4,0,4
4569,P5,26,123
4570,P3,28,229
4571,P4,1,5
4572,P5,20,143
4573,P3,34,263
4574,P4,2,7
4575,P5,21,164
4576,P3,35,298
4577,P4,0,7
4578,P5,16,180
4579,P3,27,325
4580,P4,2,9
4581,P5,13,193
4582,P3,26,351
4583,P4,2,11
4584,P5,22,215
4585,P3,26,377
4586,P4,1,12
4587,P5,23,238
4588,P3,28,405
4589,P4,0,12
4590,P5,20,258
4591,P3,29,434
4592,P4,2,14
4593,P5,15,273
4594,P3,33,467
4595,P4,0,14
4596,P5,20,293
4597,P3,28,495
4598,P4,1,15
4599,P5,19,312
4600,P3,32,527
4601,P4,0,15
4602,P5,19,331
4603,P3,27,554
4604,P4,0,15
4605,P5,19,350
4606,P3,29,583
4607,P4,3,18
4608,P5,20,370
4609,P3,31,614
4610,P4,1,19
4611,P5,16,386
4612,P3,34,648
4613,P4,2,21
4614,P5,22,408
4615,P3,36,684
4616,P4,1,22
4617,P5,22,430
4618,P3,0,0
4619,P4,0,0
4620,P5,0,0
4621,P3,0,0
4622,P4,0,0
4623,P5,16,16
4624,P3,0,0
4625,P4,0,0
4626,P5,16,32
4627,P3,0,0
4628,P4,0,0
4629,P5,16,48
4630,P3,0,0
4631,P4,0,0
4632,P5,16,64
4633,P3,0,0
4634,P4,0,0
4635,P5,16,80
4636,P3,0,0
4637,P4,0,0
4638,P5,16,96
4639,P3,0,0
4640,P4,0,0
4641,P5,16,112
4642,P3,0,0
4643,P4,0,0
4644,P5,16,128
4645,P3,0,0
4646,P4,0,0
4647,P5,16,144
4648,P3,0,0
4649,P4,0,0
4650,P5,16,160
4651,P3,0,0
4652,P4,0,0
4653,P5,16,176
4654,P3,0,0
4655,P4,0,0
4656,P5,16,192
4657,P3,0,0
4658,P4,0,0
4659,P5,16,208
4660,P3,0,0
4661,P4,0,0
4662,P5,0,0
4663,P3,0,0
4664,P4,17,17
4665,P5,1,1
4666,P3,0,0
4667,P4,13,30
4668,P5,2,3
4669,P3,0,0
4670,P4,4,34
4671,P5,1,4
4672,P3,0,0
4673,P4,13,47
4674,P5,1,5
4675,P3,0,0
4676,P4,11,58
4677,P5,2,7
4678,P3,0,0
4679,P4,14,72
4680,P5,4,11
4681,P3,0,0
4682,P4,0,0
4683,P5,0,0
4684,P3,2,2
4685,P4,14,14
4686,P5,13,13
4687,P3,1,3
4688,P4,12,26
4689,P5,16,29
4690,P3,2,5
4691,P4,13,39
4692,P5,10,39
4693,P3,3,8
4694,P4,10,49
4695,P5,12,51
4696,P3,1,9
4697,P4,13,62
4698,P5,15,66
4699,P3,8,17
4700,P4,16,78
4701,P5,10,76
4702,P3,1,18
4703,P4,13,91
4704,P5,12,88
4705,P3,4,22
4706,P4,10,101
4707,P5,14,102
4708,P3,5,27
4709,P4,16,117
4710,P5,11,113
4711,P3,6,33
4712,P4,16,133
4713,P5,14,127
4714,P3,3,36
4715,P4,16,149
4716,P5,14,141
4717,P3,3,39
4718,P4,13,162
4719,P5,12,153
4720,P3,3,42
4721,P4,13,175
4722,P5,13,166
4723,P3,3,45
4724,P4,12,187
4725,P5,10,176
4726,P3,5,50
4727,P4,14,201
4728,P5,13,189
4729,P3,7,57
4730,P4,17,218
4731,P5,11,200
4732,P3,3,60
4733,P4,13,231
4734,P5,12,212
4735,P3,6,66
4736,P4,9,240
4737,P5,14,226
4738,P3,6,72
4739,P4,17,257
4740,P5,13,239
4741,P3,3,75
4742,P4,12,269
4743,P5,13,252
4744,P3,5,80
4745,P4,12,281
4746,P5,12,264
4747,P3,8,88
4748,P4,11,292
4749,P5,14,278
4750,P3,3,91
4751,P4,11,303
4752,P5,13,291
4753,P3,0,0
4754,P4,0,0
4755,P5,0,0
4756,P3,3,3
4757,P4,17,17
4758,P5,1,1
4759,P3,4,7
4760,P4,16,33
4761,P5,4,5
4762,P3,3,10
4763,P4,15,48
4764,P5,4,9
4765,P3,4,14
4766,P4,16,64
4767,P5,3,12
4768,P3,7,21
4769,P4,16,80
4770,P5,5,17
4771,P3,3,24
4772,P4,17,97
4773,P5,4,21
4774,P3,6,30
4775,P4,17,114
4776,P5,3,24
4777,P3,4,34
4778,P4,17,131
4779,P5,2,26
4780,P3,6,40
4781,P4,16,147
4782,P5,6,32
4783,P3,2,42
4784,P4,17,164
4785,P5,6,38
4786,P3,2,44
4787,P4,16,180
4788,P5,7,45
4789,P3,3,47
4790,P4,17,197
4791,P5,4,49
4792,P3,4,51
4793,P4,17,214
4794,P5,5,54
4795,P3,3,54
4796,P4,17,231
4797,P5,4,58
4798,P3,4,58
4799,P4,15,246
4800,P5,6,64
4801,P3,5,63
4802,P4,18,264
4803,P5,1,65
4804,P3,4,67
4805,P4,16,280
4806,P5,4,69
4807,P3,5,72
4808,P4,16,296
4809,P5,6,75
4810,P3,4,76
4811,P4,16,312
4812,P5,5,80
4813,P3,3,79
4814,P4,15,327
4815,P5,1,81
4816,P3,5,84
4817,P4,16,343
4818,P5,2,83
4819,P3,6,90
4820,P4,17,360
4821,P5,2,85
4822,P3,4,94
4823,P4,17,377
4824,P5,0,85
4825,P3,3,97
4826,P4,17,394
4827,P5,4,89
4828,P3,3,100
4829,P4,15,409
4830,P5,10,99
4831,P3,2,102
4832,P4,19,428
4833,P5,1,100
4834,P3,5,107
4835,P4,17,445
4836,P5,1,101
4837,P3,3,110
4838,P4,17,462
4839,P5,2,103
4840,P3,2,112
4841,P4,16,478
4842,P5,2,105
4843,P3,0,0
4844,P4,0,0
4845,P5,0,0
4846,P3,0,0
4847,P4,10,10
4848,P5,10,10
4849,P3,4,4
4850,P4,11,21
4851,P5,5,15
4852,P3,3,7
4853,P4,15,36
4854,P5,4,19
4855,P3,3,10
4856,P4,12,48
4857,P5,6,25
4858,P3,1,11
4859,P4,14,62
4860,P5,3,28
4861,P3,2,13
4862,P4,13,75
4863,P5,4,32
4864,P3,3,16
4865,P4,15,90
4866,P5,4,36
4867,P3,0,16
4868,P4,11,101
4869,P5,4,40
4870,P3,2,18
4871,P4,15,116
4872,P5,2,42
4873,P3,4,22
4874,P4,12,128
4875,P5,4,46
4876,P3,1,23
4877,P4,10,138
4878,P5,6,52
4879,P3,1,24
4880,P4,9,147
4881,P5,9,61
4882,P3,4,28
4883,P4,11,158
4884,P5,6,67
4885,P3,2,30
4886,P4,11,169
4887,P5,6,73
4888,P3,5,35
4889,P4,10,179
4890,P5,8,81
4891,P3,2,37
4892,P4,10,189
4893,P5,6,87
4894,P3,2,39
4895,P4,8,197
4896,P5,8,95
4897,P3,0,39
4898,P4,11,208
4899,P5,8,103
4900,P3,0,0
4901,P4,0,0
4902,P5,0,0
4903,P3,0,0
4904,P4,17,17
4905,P5,0,0
4906,P3,0,0
4907,P4,21,38
4908,P5,1,1
4909,P3,0,0
4910,P4,19,57
4911,P5,1,2
4912,P3,0,0
4913,P4,18,75
4914,P5,1,3
4915,P3,0,0
4916,P4,20,95
4917,P5,0,3
4918,P3,0,0
4919,P4,17,112
4920,P5,1,4
4921,P3,0,0
4922,P4,17,129
4923,P5,0,4
4924,P3,0,0
4925,P4,21,150
4926,P5,0,4
4927,P3,0,0
4928,P4,17,167
4929,P5,1,5
4930,P3,0,0
4931,P4,17,184
4932,P5,0,5
4933,P3,0,0
4934,P4,16,200
4935,P5,0,5
4936,P3,0,0
4937,P4,13,213
4938,P5,0,5
4939,P3,0,0
4940,P4,21,234
4941,P5,0,5
4942,P3,0,0
4943,P4,16,250
4944,P5,0,5
4945,P3,0,0
4946,P4,16,266
4947,P5,0,5
4948,P3,0,0
4949,P4,16,282
4950,P5,0,5
4951,P3,0,0
4952,P4,16,298
4953,P5,0,5
4954,P3,0,0
4955,P4,18,316
4956,P5,0,5
4957,P3,0,0
4958,P4,16,332
4959,P5,0,5
4960,P3,0,0
4961,P4,15,347
4962,P5,1,6
4963,P3,0,0
4964,P4,17,364
4965,P5,0,6
4966,P3,0,0
4967,P4,16,380
4968,P5,0,6
4969,P3,0,0
4970,P4,21,401
4971,P5,0,6
4972,P3,0,0
4973,P4,14,415
4974,P5,0,6
4975,P3,0,0
4976,P4,22,437
4977,P5,0,6
4978,P3,0,0
4979,P4,20,457
4980,P5,1,7
4981,P3,0,0
4982,P4,16,473
4983,P5,0,7
4984,P3,0,0
4985,P4,19,492
4986,P5,1,8
4987,P3,0,0
4988,P4,18,510
4989,P5,0,8
4990,P3,0,0
4991,P4,20,530
4992,P5,0,8
4993,P3,0,0
4994,P4,15,545
4995,P5,0,8
4996,P3,0,0
4997,P4,17,562
4998,P5,0,8
4999,P3,0,0
5000,P4,19,581
5001,P5,0,8
5002,P3,0,0
5003,P4,16,597
5004,P5,0,8
5005,P3,0,0
5006,P4,18,615
5007,P5,0,8
5008,P3,0,0
5009,P4,15,630
5010,P5,1,9
5011,P3,0,0
5012,P4,17,647
5013,P5,0,9
5014,P3,0,0
5015,P4,20,667
5016,P5,0,9
5017,P3,0,0
5018,P4,19,686
5019,P5,0,9
5020,P3,0,0
5021,P4,0,0
5022,P5,0,0
5023,P3,0,0
5024,P4,17,17
5025,P5,7,7
5026,P3,0,0
5027,P4,15,32
5028,P5,1,8
5029,P3,0,0
5030,P4,14,46
5031,P5,8,16
5032,P3,0,0
5033,P4,16,62
5034,P5,4,20
5035,P3,0,0
5036,P4,16,78
5037,P5,6,26
5038,P3,0,0
5039,P4,0,0
5040,P5,0,0
5041,P3,2,2
5042,P4,16,16
5043,P5,0,0
5044,P3,0,0
5045,P4,0,0
5046,P5,0,0
5047,P3,0,0
5048,P4,27,27
5049,P5,6,6
5050,P3,0,0
5051,P4,17,44
5052,P5,2,8
5053,P3,2,2
5054,P4,21,65
5055,P5,6,14
5056,P3,0,2
5057,P4,22,87
5058,P5,3,17
5059,P3,0,2
5060,P4,18,105
5061,P5,2,19
5062,P3,0,2
5063,P4,20,125
5064,P5,5,24
5065,P3,0,2
5066,P4,24,149
5067,P5,2,26
5068,P3,1,3
5069,P4,22,171
5070,P5,3,29
5071,P3,0,3
5072,P4,26,197
5073,P5,2,31
5074,P3,0,3
5075,P4,15,212
5076,P5,2,33
5077,P3,0,3
5078,P4,35,247
5079,P5,6,39
5080,P3,0,3
5081,P4,27,274
5082,P5,3,42
5083,P3,0,3
5084,P4,24,298
5085,P5,3,45
5086,P3,0,3
5087,P4,26,324
5088,P5,1,46
5089,P3,0,3
5090,P4,17,341
5091,P5,5,51
5092,P3,0,3
5093,P4,20,361
5094,P5,3,54
5095,P3,0,3
5096,P4,19,380
5097,P5,13,67
5098,P3,0,3
5099,P4,15,395
5100,P5,3,70
5101,P3,0,3
5102,P4,17,412
5103,P5,5,75
5104,P3,0,3
5105,P4,24,436
5106,P5,3,78
5107,P3,2,5
5108,P4,18,454
5109,P5,4,82
5110,P3,0,5
5111,P4,22,476
5112,P5,4,86
5113,P3,1,6
5114,P4,22,498
5115,P5,6,92
5116,P3,0,6
5117,P4,20,518
5118,P5,2,94
5119,P3,0,6
5120,P4,17,535
5121,P5,10,104
5122,P3,0,6
5123,P4,26,561
5124,P5,5,109
5125,P3,0,6
5126,P4,24,585
5127,P5,6,115
5128,P3,0,6
5129,P4,20,605
5130,P5,7,122
5131,P3,0,6
5132,P4,25,630
5133,P5,5,127
5134,P3,0,6
5135,P4,25,655
5136,P5,7,134
5137,P3,0,6
5138,P4,33,688
5139,P5,3,137
5140,P3,0,6
5141,P4,26,714
5142,P5,2,139
5143,P3,0,0
5144,P4,0,0
5145,P5,0,0
5146,P3,16,16
5147,P4,1,1
5148,P5,13,13
5149,P3,8,24
5150,P4,0,1
5151,P5,14,27
5152,P3,13,37
5153,P4,3,4
5154,P5,15,42
5155,P3,13,50
5156,P4,2,6
5157,P5,12,54
5158,P3,19,69
5159,P4,4,10
5160,P5,7,61
5161,P3,12,81
5162,P4,5,15
5163,P5,15,76
5164,P3,17,98
5165,P4,4,19
5166,P5,13,89
5167,P3,20,118
5168,P4,0,19
5169,P5,13,102
5170,P3,15,133
5171,P4,4,23
5172,P5,17,119
5173,P3,11,144
5174,P4,1,24
5175,P5,11,130
5176,P3,0,0
5177,P4,0,0
5178,P5,0,0
5179,P3,14,14
5180,P4,48,48
5181,P5,0,0
5182,P3,20,34
5183,P4,59,107
5184,P5,0,0
5185,P3,24,58
5186,P4,63,170
5187,P5,1,1
5188,P3,20,78
5189,P4,59,229
5190,P5,0,1
5191,P3,18,96
5192,P4,63,292
5193,P5,1,2
5194,P3,26,122
5195,P4,52,344
5196,P5,1,3
5197,P3,30,152
5198,P4,58,402
5199,P5,0,3
5200,P3,25,177
5201,P4,63,465
5202,P5,0,3
5203,P3,28,205
5204,P4,55,520
5205,P5,0,3
5206,P3,23,228
5207,P4,62,582
5208,P5,1,4
5209,P3,0,0
5210,P4,0,0
5211,P5,0,0
5212,P3,0,0
5213,P4,0,0
5214,P5,17,17
5215,P3,0,0
5216,P4,1,1
5217,P5,16,33
5218,P3,0,0
5219,P4,0,1
5220,P5,17,50
5221,P3,0,0
5222,P4,0,1
5223,P5,17,67
5224,P3,0,0
5225,P4,0,1
5226,P5,16,83
5227,P3,0,0
5228,P4,0,1
5229,P5,17,100
5230,P3,1,1
5231,P4,0,1
5232,P5,19,119
5233,P3,0,1
5234,P4,0,1
5235,P5,17,136
5236,P3,0,1
5237,P4,0,1
5238,P5,18,154
5239,P3,0,1
5240,P4,0,1
5241,P5,16,170
5242,P3,0,1
5243,P4,0,1
5244,P5,16,186
5245,P3,0,1
5246,P4,0,1
5247,P5,17,203
5248,P3,0,1
5249,P4,0,1
5250,P5,17,220
5251,P3,0,1
5252,P4,0,1
5253,P5,17,237
5254,P3,1,2
5255,P4,2,3
5256,P5,18,255
5257,P3,1,3
5258,P4,2,5
5259,P5,17,272
5260,P3,1,4
5261,P4,2,7
5262,P5,18,290
5263,P3,0,4
5264,P4,0,7
5265,P5,18,308
5266,P3,0,4
5267,P4,0,7
5268,P5,18,326
5269,P3,0,4
5270,P4,0,7
5271,P5,16,342
5272,P3,0,4
5273,P4,0,7
5274,P5,17,359
5275,P3,0,4
5276,P4,0,7
5277,P5,16,375
5278,P3,0,4
5279,P4,0,7
5280,P5,18,393
5281,P3,0,4
5282,P4,1,8
5283,P5,17,410
5284,P3,0,4
5285,P4,0,8
5286,P5,17,427
5287,P3,0,4
5288,P4,0,8
5289,P5,17,444
5290,P3,0,4
5291,P4,0,8
5292,P5,17,461
5293,P3,0,0
5294,P4,0,0
5295,P5,0,0
5296,P3,0,0
5297,P4,45,45
5298,P5,15,15
5299,P3,0,0
5300,P4,47,92
5301,P5,13,28
5302,P3,0,0
5303,P4,46,138
5304,P5,14,42
5305,P3,0,0
5306,P4,45,183
5307,P5,11,53
5308,P3,0,0
5309,P4,39,222
5310,P5,10,63
5311,P3,0,0
5312,P4,40,262
5313,P5,19,82
5314,P3,0,0
5315,P4,47,309
5316,P5,8,90
5317,P3,0,0
5318,P4,43,352
5319,P5,12,102
5320,P3,0,0
5321,P4,0,0
5322,P5,0,0
5323,P3,0,0
5324,P4,3,3
5325,P5,15,15
5326,P3,0,0
5327,P4,1,4
5328,P5,18,33
5329,P3,0,0
5330,P4,3,7
5331,P5,17,50
5332,P3,0,0
5333,P4,1,8
5334,P5,17,67
5335,P3,0,0
5336,P4,1,9
5337,P5,15,82
5338,P3,0,0
5339,P4,1,10
5340,P5,18,100
5341,P3,0,0
5342,P4,2,12
5343,P5,15,115
5344,P3,0,0
5345,P4,1,13
5346,P5,16,131
5347,P3,0,0
5348,P4,0,0
5349,P5,0,0
5350,P3,0,0
5351,P4,5,5
5352,P5,24,24
5353,P3,1,1
5354,P4,6,11
5355,P5,19,43
5356,P3,3,4
5357,P4,3,14
5358,P5,26,69
5359,P3,3,7
5360,P4,7,21
5361,P5,21,90
5362,P3,3,10
5363,P4,5,26
5364,P5,23,113
5365,P3,1,11
5366,P4,5,31
5367,P5,25,138
5368,P3,0,11
5369,P4,3,34
5370,P5,27,165
5371,P3,1,12
5372,P4,6,40
5373,P5,26,191
5374,P3,2,14
5375,P4,7,47
5376,P5,26,217
5377,P3,0,14
5378,P4,6,53
5379,P5,17,234
5380,P3,2,16
5381,P4,4,57
5382,P5,20,254
5383,P3,2,18
5384,P4,5,62
5385,P5,27,281
5386,P3,1,19
5387,P4,3,65
5388,P5,22,303
5389,P3,2,21
5390,P4,3,68
5391,P5,21,324
5392,P3,1,22
5393,P4,7,75
5394,P5,24,348
5395,P3,1,23
5396,P4,4,79
5397,P5,27,375
5398,P3,1,24
5399,P4,6,85
5400,P5,21,396
5401,P3,4,28
5402,P4,2,87
5403,P5,23,419
5404,P3,0,28
5405,P4,5,92
5406,P5,22,441
5407,P3,3,31
5408,P4,4,96
5409,P5,24,465
5410,P3,0,31
5411,P4,8,104
5412,P5,21,486
5413,P3,2,33
5414,P4,4,108
5415,P5,15,501
5416,P3,2,35
5417,P4,6,114
5418,P5,18,519
5419,P3,0,0
5420,P4,0,0
5421,P5,0,0
5422,P3,0,0
5423,P4,11,11
5424,P5,23,23
5425,P3,0,0
5426,P4,6,17
5427,P5,15,38
5428,P3,0,0
5429,P4,0,17
5430,P5,19,57
5431,P3,0,0
5432,P4,6,23
5433,P5,18,75
5434,P3,0,0
5435,P4,1,24
5436,P5,20,95
5437,P3,0,0
5438,P4,2,26
5439,P5,20,115
5440,P3,0,0
5441,P4,2,28
5442,P5,16,131
5443,P3,0,0
5444,P4,8,36
5445,P5,17,148
5446,P3,0,0
5447,P4,9,45
5448,P5,14,162
5449,P3,0,0
5450,P4,8,53
5451,P5,24,186
5452,P3,0,0
5453,P4,1,54
5454,P5,23,209
5455,P3,0,0
5456,P4,6,60
5457,P5,18,227
5458,P3,0,0
5459,P4,4,64
5460,P5,20,247
5461,P3,0,0
5462,P4,10,74
5463,P5,17,264
5464,P3,0,0
5465,P4,4,78
5466,P5,23,287
5467,P3,0,0
5468,P4,8,86
5469,P5,24,311
5470,P3,0,0
5471,P4,5,91
5472,P5,22,333
5473,P3,0,0
5474,P4,0,91
5475,P5,24,357
5476,P3,0,0
5477,P4,2,93
5478,P5,18,375
5479,P3,0,0
5480,P4,6,99
5481,P5,20,395
5482,P3,0,0
5483,P4,4,103
5484,P5,22,417
5485,P3,0,0
5486,P4,10,113
5487,P5,14,431
5488,P3,0,0
5489,P4,6,119
5490,P5,18,449
5491,P3,0,0
5492,P4,10,129
5493,P5,18,467
5494,P3,0,0
5495,P4,3,132
5496,P5,15,482
5497,P3,0,0
5498,P4,3,135
5499,P5,20,502
5500,P3,0,0
5501,P4,8,143
5502,P5,19,521
5503,P3,0,0
5504,P4,6,149
5505,P5,14,535
5506,P3,0,0
5507,P4,6,155
5508,P5,14,549
5509,P3,0,0
5510,P4,11,166
5511,P5,11,560
5512,P3,0,0
5513,P4,6,172
5514,P5,18,578
5515,P3,0,0
5516,P4,7,179
5517,P5,25,603
5518,P3,0,0
5519,P4,4,183
5520,P5,26,629
5521,P3,0,0
5522,P4,5,188
5523,P5,20,649
5524,P3,0,0
5525,P4,0,188
5526,P5,22,671
5527,P3,0,0
5528,P4,11,199
5529,P5,18,689
5530,P3,0,0
5531,P4,5,204
5532,P5,23,712
5533,P3,0,0
5534,P4,4,208
5535,P5,19,731
5536,P3,0,0
5537,P4,1,209
5538,P5,21,752
5539,P3,0,0
5540,P4,7,216
5541,P5,13,765
5542,P3,0,0
5543,P4,4,220
5544,P5,24,789
5545,P3,0,0
5546,P4,0,220
5547,P5,22,811
5548,P3,0,0
5549,P4,11,231
5550,P5,16,827
5551,P3,0,0
5552,P4,6,237
5553,P5,20,847
5554,P3,0,0
5555,P4,7,244
5556,P5,15,862
5557,P3,0,0
5558,P4,4,248
5559,P5,24,886
5560,P3,0,0
5561,P4,0,0
5562,P5,0,0
5563,P3,4,4
5564,P4,0,0
5565,P5,5,5
5566,P3,9,13
5567,P4,3,3
5568,P5,10,15
5569,P3,4,17
5570,P4,2,5
5571,P5,9,24
5572,P3,7,24
5573,P4,2,7
5574,P5,4,28
5575,P3,3,27
5576,P4,2,9
5577,P5,10,38
5578,P3,5,32
5579,P4,1,10
5580,P5,13,51
5581,P3,4,36
5582,P4,4,14
5583,P5,14,65
5584,P3,6,42
5585,P4,0,14
5586,P5,8,73
5587,P3,3,45
5588,P4,1,15
5589,P5,10,83
5590,P3,4,49
5591,P4,2,17
5592,P5,12,95
5593,P3,6,55
5594,P4,6,23
5595,P5,14,109
5596,P3,4,59
5597,P4,1,24
5598,P5,6,115
5599,P3,8,67
5600,P4,2,26
5601,P5,9,124
5602,P3,7,74
5603,P4,3,29
5604,P5,13,137
5605,P3,10,84
5606,P4,3,32
5607,P5,11,148
5608,P3,4,88
5609,P4,2,34
5610,P5,15,163
5611,P3,7,95
5612,P4,0,34
5613,P5,12,175
5614,P3,5,100
5615,P4,3,37
5616,P5,16,191
5617,P3,2,102
5618,P4,5,42
5619,P5,12,203
5620,P3,4,106
5621,P4,2,44
5622,P5,13,216
5623,P3,6,112
5624,P4,2,46
5625,P5,8,224
5626,P3,3,115
5627,P4,6,52
5628,P5,18,242
5629,P3,9,124
5630,P4,1,53
5631,P5,9,251
5632,P3,0,0
5633,P4,0,0
5634,P5,0,0
5635,P3,0,0
5636,P4,0,0
5637,P5,19,19
5638,P3,0,0
5639,P4,0,0
5640,P5,16,35
5641,P3,0,0
5642,P4,0,0
5643,P5,17,52
5644,P3,0,0
5645,P4,1,1
5646,P5,17,69
5647,P3,0,0
5648,P4,0,1
5649,P5,18,87
5650,P3,0,0
5651,P4,0,1
5652,P5,18,105
5653,P3,0,0
5654,P4,0,1
5655,P5,18,123
5656,P3,0,0
5657,P4,0,1
5658,P5,18,141
5659,P3,0,0
5660,P4,0,1
5661,P5,16,157
5662,P3,0,0
5663,P4,0,1
5664,P5,18,175
5665,P3,0,0
5666,P4,0,1
5667,P5,17,192
5668,P3,0,0
5669,P4,0,1
5670,P5,17,209
5671,P3,0,0
5672,P4,0,1
5673,P5,17,226
5674,P3,0,0
5675,P4,0,1
5676,P5,16,242
5677,P3,0,0
5678,P4,2,3
5679,P5,18,260
5680,P3,0,0
5681,P4,0,3
5682,P5,17,277
5683,P3,0,0
5684,P4,0,3
5685,P5,18,295
5686,P3,0,0
5687,P4,0,3
5688,P5,16,311
5689,P3,0,0
5690,P4,0,3
5691,P5,17,328
5692,P3,0,0
5693,P4,0,3
5694,P5,17,345
5695,P3,0,0
5696,P4,0,3
5697,P5,18,363
5698,P3,0,0
5699,P4,0,3
5700,P5,18,381
5701,P3,0,0
5702,P4,0,3
5703,P5,17,398
5704,P3,0,0
5705,P4,0,3
5706,P5,18,416
5707,P3,0,0
5708,P4,1,4
5709,P5,17,433
5710,P3,0,0
5711,P4,0,4
5712,P5,16,449
5713,P3,0,0
5714,P4,0,4
5715,P5,16,465
5716,P3,0,0
5717,P4,0,0
5718,P5,0,0
5719,P3,0,0
5720,P4,18,18
5721,P5,4,4
5722,P3,0,0
5723,P4,14,32
5724,P5,1,5
5725,P3,0,0
5726,P4,17,49
5727,P5,1,6
5728,P3,0,0
5729,P4,13,62
5730,P5,3,9
5731,P3,0,0
5732,P4,17,79
5733,P5,4,13
5734,P3,0,0
5735,P4,16,95
5736,P5,0,13
5737,P3,0,0
5738,P4,20,115
5739,P5,2,15
5740,P3,0,0
5741,P4,13,128
5742,P5,4,19
5743,P3,0,0
5744,P4,17,145
5745,P5,1,20
5746,P3,0,0
5747,P4,15,160
5748,P5,3,23
5749,P3,0,0
5750,P4,14,174
5751,P5,4,27
5752,P3,0,0
5753,P4,16,190
5754,P5,2,29
5755,P3,0,0
5756,P4,15,205
5757,P5,2,31
5758,P3,0,0
5759,P4,17,222
5760,P5,3,34
5761,P3,0,0
5762,P4,15,237
5763,P5,3,37
5764,P3,0,0
5765,P4,16,253
5766,P5,1,38
5767,P3,0,0
5768,P4,21,274
5769,P5,1,39
5770,P3,0,0
5771,P4,15,289
5772,P5,2,41
5773,P3,0,0
5774,P4,20,309
5775,P5,2,43
5776,P3,0,0
5777,P4,17,326
5778,P5,4,47
5779,P3,0,0
5780,P4,16,342
5781,P5,0,47
5782,P3,0,0
5783,P4,0,0
5784,P5,0,0
5785,P3,14,14
5786,P4,36,36
5787,P5,2,2
5788,P3,21,35
5789,P4,33,69
5790,P5,5,7
5791,P3,12,47
5792,P4,23,92
5793,P5,2,9
5794,P3,23,70
5795,P4,20,112
5796,P5,3,12
5797,P3,0,0
5798,P4,0,0
5799,P5,0,0
5800,P3,0,0
5801,P4,20,20
5802,P5,2,2
5803,P3,0,0
5804,P4,18,38
5805,P5,1,3
5806,P3,0,0
5807,P4,21,59
5808,P5,3,6
5809,P3,0,0
5810,P4,25,84
5811,P5,2,8
5812,P3,0,0
5813,P4,16,100
5814,P5,1,9
5815,P3,0,0
5816,P4,19,119
5817,P5,2,11
5818,P3,0,0
5819,P4,17,136
5820,P5,3,14
5821,P3,0,0
5822,P4,18,154
5823,P5,1,15
5824,P3,0,0
5825,P4,20,174
5826,P5,2,17
5827,P3,0,0
5828,P4,19,193
5829,P5,4,21
5830,P3,0,0
5831,P4,18,211
5832,P5,2,23
5833,P3,0,0
5834,P4,19,230
5835,P5,4,27
5836,P3,0,0
5837,P4,18,248
5838,P5,1,28
5839,P3,0,0
5840,P4,20,268
5841,P5,1,29
5842,P3,0,0
5843,P4,18,286
5844,P5,1,30
5845,P3,0,0
5846,P4,19,305
5847,P5,1,31
5848,P3,0,0
5849,P4,20,325
5850,P5,2,33
5851,P3,0,0
5852,P4,18,343
5853,P5,2,35
5854,P3,0,0
5855,P4,17,360
5856,P5,3,38
5857,P3,0,0
5858,P4,17,377
5859,P5,1,39
5860,P3,0,0
5861,P4,20,397
5862,P5,1,40
5863,P3,0,0
5864,P4,22,419
5865,P5,3,43
5866,P3,0,0
5867,P4,18,437
5868,P5,1,44
5869,P3,0,0
5870,P4,22,459
5871,P5,1,45
5872,P3,0,0
5873,P4,17,476
5874,P5,0,45
5875,P3,0,0
5876,P4,21,497
5877,P5,4,49
5878,P3,0,0
5879,P4,20,517
5880,P5,2,51
5881,P3,0,0
5882,P4,23,540
5883,P5,0,51
5884,P3,0,0
5885,P4,0,0
5886,P5,0,0
5887,P3,1,1
5888,P4,48,48
5889,P5,21,21
5890,P3,1,2
5891,P4,46,94
5892,P5,18,39
5893,P3,0,2
5894,P4,53,147
5895,P5,17,56
5896,P3,0,2
5897,P4,38,185
5898,P5,18,74
5899,P3,0,2
5900,P4,49,234
5901,P5,18,92
5902,P3,0,2
5903,P4,44,278
5904,P5,17,109
5905,P3,1,3
5906,P4,41,319
5907,P5,15,124
5908,P3,0,3
5909,P4,48,367
5910,P5,21,145
5911,P3,0,3
5912,P4,47,414
5913,P5,17,162
5914,P3,0,3
5915,P4,53,467
5916,P5,19,181
5917,P3,2,5
5918,P4,51,518
5919,P5,14,195
5920,P3,0,5
5921,P4,50,568
5922,P5,13,208
5923,P3,2,7
5924,P4,45,613
5925,P5,18,226
5926,P3,0,7
5927,P4,50,663
5928,P5,18,244
5929,P3,0,7
5930,P4,54,717
5931,P5,15,259
5932,P3,0,7
5933,P4,53,770
5934,P5,21,280
5935,P3,0,0
5936,P4,0,0
5937,P5,0,0
5938,P3,7,7
5939,P4,45,45
5940,P5,8,8
5941,P3,0,7
5942,P4,36,81
5943,P5,3,11
5944,P3,2,9
5945,P4,47,128
5946,P5,5,16
5947,P3,4,13
5948,P4,42,170
5949,P5,4,20
5950,P3,0,13
5951,P4,38,208
5952,P5,1,21
5953,P3,1,14
5954,P4,51,259
5955,P5,0,21
5956,P3,0,0
5957,P4,0,0
5958,P5,0,0
5959,P3,0,0
5960,P4,14,14
5961,P5,11,11
5962,P3,2,2
5963,P4,25,39
5964,P5,7,18
5965,P3,0,2
5966,P4,10,49
5967,P5,18,36
5968,P3,1,3
5969,P4,16,65
5970,P5,12,48
5971,P3,3,6
5972,P4,20,85
5973,P5,8,56
5974,P3,1,7
5975,P4,13,98
5976,P5,14,70
5977,P3,1,8
5978,P4,17,115
5979,P5,13,83
5980,P3,0,0
5981,P4,0,0
5982,P5,0,0
5983,P3,47,47
5984,P4,6,6
5985,P5,51,51
5986,P3,53,100
5987,P4,1,7
5988,P5,58,109
5989,P3,43,143
5990,P4,1,8
5991,P5,53,162
5992,P3,51,194
5993,P4,1,9
5994,P5,47,209
5995,P3,42,236
5996,P4,6,15
5997,P5,62,271
5998,P3,37,273
5999,P4,4,19
6000,P5,53,324
6001,P3,50,323
6002,P4,2,21
6003,P5,64,388
6004,P3,63,386
6005,P4,0,21
6006,P5,53,441
6007,P3,83,469
6008,P4,1,22
6009,P5,60,501
6010,P3,34,503
6011,P4,2,24
6012,P5,54,555
6013,P3,55,558
6014,P4,1,25
6015,P5,51,606
6016,P3,51,609
6017,P4,1,26
6018,P5,53,659
6019,P3,51,660
6020,P4,3,29
6021,P5,46,705
6022,P3,64,724
6023,P4,1,30
6024,P5,44,749
6025,P3,54,778
6026,P4,1,31
6027,P5,48,797
6028,P3,57,835
6029,P4,3,34
6030,P5,60,857
6031,P3,63,898
6032,P4,5,39
6033,P5,47,904
6034,P3,41,939
6035,P4,11,50
6036,P5,49,953
6037,P3,0,0
6038,P4,0,0
6039,P5,0,0
6040,P3,11,11
6041,P4,16,16
6042,P5,0,0
6043,P3,0,0
6044,P4,0,0
6045,P5,0,0
6046,P3,0,0
6047,P4,27,27
6048,P5,32,32
6049,P3,0,0
6050,P4,17,44
6051,P5,35,67
6052,P3,0,0
6053,P4,16,60
6054,P5,35,102
6055,P3,0,0
6056,P4,16,76
6057,P5,32,134
6058,P3,0,0
6059,P4,19,95
6060,P5,32,166
6061,P3,0,0
6062,P4,14,109
6063,P5,32,198
6064,P3,0,0
6065,P4,16,125
6066,P5,37,235
6067,P3,0,0
6068,P4,16,141
6069,P5,39,274
6070,P3,0,0
6071,P4,18,159
6072,P5,32,306
6073,P3,0,0
6074,P4,17,176
6075,P5,38,344
6076,P3,0,0
6077,P4,16,192
6078,P5,37,381
6079,P3,0,0
6080,P4,28,220
6081,P5,32,413
6082,P3,0,0
6083,P4,17,237
6084,P5,36,449
6085,P3,0,0
6086,P4,18,255
6087,P5,31,480
6088,P3,0,0
6089,P4,15,270
6090,P5,36,516
6091,P3,0,0
6092,P4,22,292
6093,P5,36,552
6094,P3,0,0
6095,P4,20,312
6096,P5,28,580
6097,P3,0,0
6098,P4,21,333
6099,P5,31,611
6100,P3,0,0
6101,P4,23,356
6102,P5,36,647
6103,P3,0,0
6104,P4,18,374
6105,P5,32,679
6106,P3,0,0
6107,P4,23,397
6108,P5,31,710
6109,P3,0,0
6110,P4,16,413
6111,P5,40,750
6112,P3,0,0
6113,P4,14,427
6114,P5,44,794
6115,P3,0,0
6116,P4,17,444
6117,P5,32,826
6118,P3,0,0
6119,P4,20,464
6120,P5,25,851
6121,P3,0,0
6122,P4,18,482
6123,P5,33,884
6124,P3,0,0
6125,P4,16,498
6126,P5,39,923
6127,P3,0,0
6128,P4,22,520
6129,P5,37,960
6130,P3,0,0
6131,P4,26,546
6132,P5,44,1004
6133,P3,0,0
6134,P4,19,565
6135,P5,40,1044
6136,P3,0,0
6137,P4,15,580
6138,P5,25,1069
6139,P3,0,0
6140,P4,18,598
6141,P5,34,1103
6142,P3,0,0
6143,P4,15,613
6144,P5,37,1140
6145,P3,0,0
6146,P4,14,627
6147,P5,28,1168
6148,P3,0,0
6149,P4,21,648
6150,P5,39,1207
6151,P3,0,0
6152,P4,18,666
6153,P5,40,1247
6154,P3,0,0
6155,P4,15,681
6156,P5,40,1287
6157,P3,0,0
6158,P4,5,686
6159,P5,32,1319
6160,P3,0,0
6161,P4,21,707
6162,P5,30,1349
6163,P3,0,0
6164,P4,16,723
6165,P5,29,1378
6166,P3,0,0
6167,P4,15,738
6168,P5,35,1413
6169,P3,0,0
6170,P4,17,755
6171,P5,34,1447
6172,P3,0,0
6173,P4,20,775
6174,P5,34,1481
6175,P3,0,0
6176,P4,0,0
6177,P5,0,0
6178,P3,4,4
6179,P4,0,0
6180,P5,16,16
6181,P3,0,4
6182,P4,1,1
6183,P5,16,32
6184,P3,3,7
6185,P4,0,1
6186,P5,16,48
6187,P3,0,7
6188,P4,2,3
6189,P5,16,64
6190,P3,3,10
6191,P4,0,3
6192,P5,16,80
6193,P3,1,11
6194,P4,0,3
6195,P5,16,96
6196,P3,5,16
6197,P4,0,3
6198,P5,16,112
6199,P3,4,20
6200,P4,0,3
6201,P5,16,128
6202,P3,0,20
6203,P4,0,3
6204,P5,16,144
6205,P3,0,20
6206,P4,0,3
6207,P5,16,160
6208,P3,6,26
6209,P4,0,3
6210,P5,16,176
6211,P3,2,28
6212,P4,0,3
6213,P5,16,192
6214,P3,1,29
6215,P4,0,3
6216,P5,16,208
6217,P3,1,30
6218,P4,0,3
6219,P5,16,224
6220,P3,1,31
6221,P4,0,3
6222,P5,16,240
6223,P3,0,31
6224,P4,0,3
6225,P5,16,256
6226,P3,2,33
6227,P4,0,3
6228,P5,16,272
6229,P3,1,34
6230,P4,0,3
6231,P5,16,288
6232,P3,2,36
6233,P4,0,3
6234,P5,16,304
6235,P3,0,36
6236,P4,0,3
6237,P5,16,320
6238,P3,0,36
6239,P4,0,3
6240,P5,16,336
6241,P3,3,39
6242,P4,0,3
6243,P5,16,352
6244,P3,2,41
6245,P4,0,3
6246,P5,16,368
6247,P3,0,0
6248,P4,0,0
6249,P5,0,0
6250,P3,0,0
6251,P4,0,0
6252,P5,19,19
6253,P3,0,0
6254,P4,4,4
6255,P5,17,36
6256,P3,0,0
6257,P4,1,5
6258,P5,16,52
6259,P3,0,0
6260,P4,1,6
6261,P5,15,67
6262,P3,0,0
6263,P4,1,7
6264,P5,16,83
6265,P3,0,0
6266,P4,0,7
6267,P5,18,101
6268,P3,0,0
6269,P4,1,8
6270,P5,16,117
6271,P3,0,0
6272,P4,3,11
6273,P5,17,134
6274,P3,0,0
6275,P4,0,11
6276,P5,18,152
6277,P3,0,0
6278,P4,0,11
6279,P5,16,168
6280,P3,0,0
6281,P4,0,11
6282,P5,17,185
6283,P3,0,0
6284,P4,1,12
6285,P5,16,201
6286,P3,0,0
6287,P4,1,13
6288,P5,16,217
6289,P3,0,0
6290,P4,1,14
6291,P5,19,236
6292,P3,0,0
6293,P4,2,16
6294,P5,17,253
6295,P3,0,0
6296,P4,2,18
6297,P5,14,267
6298,P3,0,0
6299,P4,1,19
6300,P5,17,284
6301,P3,0,0
6302,P4,2,21
6303,P5,16,300
6304,P3,0,0
6305,P4,2,23
6306,P5,14,314
6307,P3,0,0
6308,P4,1,24
6309,P5,17,331
6310,P3,0,0
6311,P4,3,27
6312,P5,14,345
6313,P3,0,0
6314,P4,1,28
6315,P5,24,369
6316,P3,0,0
6317,P4,1,29
6318,P5,16,385
6319,P3,0,0
6320,P4,1,30
6321,P5,15,400
6322,P3,0,0
6323,P4,0,30
6324,P5,18,418
6325,P3,0,0
6326,P4,0,0
6327,P5,0,0
6328,P3,0,0
6329,P4,32,32
6330,P5,5,5
6331,P3,0,0
6332,P4,34,66
6333,P5,2,7
6334,P3,0,0
6335,P4,34,100
6336,P5,0,7
6337,P3,0,0
6338,P4,32,132
6339,P5,3,10
6340,P3,0,0
6341,P4,33,165
6342,P5,1,11
6343,P3,0,0
6344,P4,33,198
6345,P5,0,11
6346,P3,0,0
6347,P4,31,229
6348,P5,4,15
6349,P3,0,0
6350,P4,34,263
6351,P5,1,16
6352,P3,0,0
6353,P4,33,296
6354,P5,2,18
6355,P3,0,0
6356,P4,31,327
6357,P5,3,21
6358,P3,0,0
6359,P4,31,358
6360,P5,1,22
6361,P3,0,0
6362,P4,34,392
6363,P5,2,24
6364,P3,0,0
6365,P4,31,423
6366,P5,0,24
6367,P3,0,0
6368,P4,33,456
6369,P5,2,26
6370,P3,0,0
6371,P4,33,489
6372,P5,2,28
6373,P3,0,0
6374,P4,31,520
6375,P5,3,31
6376,P3,0,0
6377,P4,0,0
6378,P5,0,0
6379,P3,0,0
6380,P4,0,0
6381,P5,16,16
6382,P3,0,0
6383,P4,0,0
6384,P5,16,32
6385,P3,0,0
6386,P4,0,0
6387,P5,16,48
6388,P3,0,0
6389,P4,0,0
6390,P5,16,64
6391,P3,0,0
6392,P4,0,0
6393,P5,16,80
6394,P3,0,0
6395,P4,0,0
6396,P5,16,96
6397,P3,0,0
6398,P4,1,1
6399,P5,17,113
6400,P3,0,0
6401,P4,0,1
6402,P5,16,129
6403,P3,0,0
6404,P4,0,1
6405,P5,16,145
6406,P3,0,0
6407,P4,0,1
6408,P5,16,161
6409,P3,0,0
6410,P4,0,1
6411,P5,16,177
6412,P3,0,0
6413,P4,0,1
6414,P5,16,193
6415,P3,0,0
6416,P4,0,1
6417,P5,16,209
6418,P3,0,0
6419,P4,0,1
6420,P5,16,225
6421,P3,0,0
6422,P4,0,1
6423,P5,17,242
6424,P3,1,1
6425,P4,0,1
6426,P5,16,258
6427,P3,0,1
6428,P4,0,1
6429,P5,16,274
6430,P3,0,1
6431,P4,0,1
6432,P5,16,290
6433,P3,0,1
6434,P4,0,1
6435,P5,15,305
6436,P3,0,1
6437,P4,1,2
6438,P5,16,321
6439,P3,0,1
6440,P4,0,2
6441,P5,16,337
6442,P3,0,0
6443,P4,0,0
6444,P5,0,0
6445,P3,53,53
6446,P4,12,12
6447,P5,51,51
6448,P3,71,124
6449,P4,15,27
6450,P5,61,112
6451,P3,72,196
6452,P4,11,38
6453,P5,61,173
6454,P3,70,266
6455,P4,15,53
6456,P5,61,234
6457,P3,76,342
6458,P4,18,71
6459,P5,65,299
6460,P3,0,0
6461,P4,0,0
6462,P5,0,0
6463,P3,0,0
6464,P4,10,10
6465,P5,6,6
6466,P3,0,0
6467,P4,5,15
6468,P5,11,17
6469,P3,0,0
6470,P4,9,24
6471,P5,7,24
6472,P3,0,0
6473,P4,9,33
6474,P5,7,31
6475,P3,0,0
6476,P4,11,44
6477,P5,5,36
6478,P3,0,0
6479,P4,10,54
6480,P5,6,42
6481,P3,0,0
6482,P4,8,62
6483,P5,8,50
6484,P3,0,0
6485,P4,10,72
6486,P5,6,56
6487,P3,0,0
6488,P4,13,85
6489,P5,3,59
6490,P3,0,0
6491,P4,10,95
6492,P5,6,65
6493,P3,0,0
6494,P4,7,102
6495,P5,9,74
6496,P3,0,0
6497,P4,13,115
6498,P5,3,77
6499,P3,0,0
6500,P4,11,126
6501,P5,6,83
6502,P3,0,0
6503,P4,8,134
6504,P5,8,91
6505,P3,0,0
6506,P4,9,143
6507,P5,7,98
6508,P3,0,0
6509,P4,11,154
6510,P5,5,103
6511,P3,0,0
6512,P4,7,161
6513,P5,9,112
6514,P3,0,0
6515,P4,12,173
6516,P5,5,117
6517,P3,0,0
6518,P4,10,183
6519,P5,6,123
6520,P3,0,0
6521,P4,10,193
6522,P5,6,129
6523,P3,0,0
6524,P4,5,198
6525,P5,11,140
6526,P3,0,0
6527,P4,9,207
6528,P5,7,147
6529,P3,0,0
6530,P4,10,217
6531,P5,6,153
6532,P3,0,0
6533,P4,6,223
6534,P5,10,163
6535,P3,0,0
6536,P4,7,230
6537,P5,9,172
6538,P3,0,0
6539,P4,10,240
6540,P5,6,178
6541,P3,0,0
6542,P4,9,249
6543,P5,7,185
6544,P3,0,0
6545,P4,10,259
6546,P5,6,191
6547,P3,0,0
6548,P4,7,266
6549,P5,9,200
6550,P3,0,0
6551,P4,8,274
6552,P5,8,208
6553,P3,0,0
6554,P4,9,283
6555,P5,8,216
6556,P3,0,0
6557,P4,11,294
6558,P5,5,221
6559,P3,0,0
6560,P4,6,300
6561,P5,10,231
6562,P3,0,0
6563,P4,11,311
6564,P5,6,237
6565,P3,0,0
6566,P4,10,321
6567,P5,6,243
6568,P3,0,0
6569,P4,7,328
6570,P5,9,252
6571,P3,0,0
6572,P4,8,336
6573,P5,8,260
6574,P3,0,0
6575,P4,11,347
6576,P5,6,266
6577,P3,0,0
6578,P4,10,357
6579,P5,6,272
6580,P3,0,0
6581,P4,8,365
6582,P5,8,280
6583,P3,0,0
6584,P4,10,375
6585,P5,6,286
6586,P3,0,0
6587,P4,9,384
6588,P5,8,294
6589,P3,0,0
6590,P4,5,389
6591,P5,11,305
6592,P3,0,0
6593,P4,9,398
6594,P5,7,312
6595,P3,0,0
6596,P4,9,407
6597,P5,7,319
6598,P3,0,0
6599,P4,9,416
6600,P5,7,326
6601,P3,0,0
6602,P4,9,425
6603,P5,7,333
6604,P3,0,0
6605,P4,9,434
6606,P5,7,340
6607,P3,0,0
6608,P4,8,442
6609,P5,8,348
6610,P3,0,0
6611,P4,11,453
6612,P5,5,353
6613,P3,0,0
6614,P4,10,463
6615,P5,6,359
6616,P3,0,0
6617,P4,10,473
6618,P5,6,365
6619,P3,0,0
6620,P4,13,486
6621,P5,3,368
6622,P3,0,0
6623,P4,9,495
6624,P5,7,375
6625,P3,0,0
6626,P4,0,0
6627,P5,0,0
6628,P3,0,0
6629,P4,13,13
6630,P5,17,17
6631,P3,1,1
6632,P4,10,23
6633,P5,21,38
6634,P3,1,2
6635,P4,10,33
6636,P5,15,53
6637,P3,4,6
6638,P4,18,51
6639,P5,9,62
6640,P3,3,9
6641,P4,11,62
6642,P5,22,84
6643,P3,0,9
6644,P4,14,76
6645,P5,21,105
6646,P3,4,13
6647,P4,12,88
6648,P5,18,123
6649,P3,0,13
6650,P4,11,99
6651,P5,20,143
6652,P3,2,15
6653,P4,16,115
6654,P5,9,152
6655,P3,1,16
6656,P4,13,128
6657,P5,23,175
6658,P3,2,18
6659,P4,14,142
6660,P5,21,196
6661,P3,4,22
6662,P4,9,151
6663,P5,13,209
6664,P3,0,22
6665,P4,16,167
6666,P5,26,235
6667,P3,0,22
6668,P4,13,180
6669,P5,14,249
6670,P3,0,22
6671,P4,10,190
6672,P5,18,267
6673,P3,4,26
6674,P4,13,203
6675,P5,15,282
6676,P3,10,36
6677,P4,15,218
6678,P5,17,299
6679,P3,0,36
6680,P4,14,232
6681,P5,24,323
6682,P3,0,36
6683,P4,14,246
6684,P5,18,341
6685,P3,0,36
6686,P4,11,257
6687,P5,17,358
6688,P3,0,0
6689,P4,0,0
6690,P5,0,0
6691,P3,0,0
6692,P4,13,13
6693,P5,31,31
6694,P3,0,0
6695,P4,9,22
6696,P5,32,63
6697,P3,0,0
6698,P4,9,31
6699,P5,27,90
6700,P3,0,0
6701,P4,20,51
6702,P5,33,123
6703,P3,0,0
6704,P4,8,59
6705,P5,27,150
6706,P3,0,0
6707,P4,11,70
6708,P5,29,179
6709,P3,0,0
6710,P4,12,82
6711,P5,27,206
6712,P3,0,0
6713,P4,11,93
6714,P5,24,230
6715,P3,0,0
6716,P4,10,103
6717,P5,31,261
6718,P3,0,0
6719,P4,10,113
6720,P5,27,288
6721,P3,0,0
6722,P4,11,124
6723,P5,32,320
6724,P3,0,0
6725,P4,9,133
6726,P5,24,344
6727,P3,0,0
6728,P4,10,143
6729,P5,26,370
6730,P3,0,0
6731,P4,11,154
6732,P5,29,399
6733,P3,0,0
6734,P4,15,169
6735,P5,28,427
6736,P3,0,0
6737,P4,16,185
6738,P5,34,461
6739,P3,0,0
6740,P4,9,194
6741,P5,25,486
6742,P3,0,0
6743,P4,7,201
6744,P5,29,515
6745,P3,0,0
6746,P4,0,0
6747,P5,0,0
6748,P3,0,0
6749,P4,16,16
6750,P5,2,2
6751,P3,0,0
6752,P4,18,34
6753,P5,4,6
6754,P3,0,0
6755,P4,17,51
6756,P5,1,7
6757,P3,0,0
6758,P4,17,68
6759,P5,3,10
6760,P3,0,0
6761,P4,18,86
6762,P5,1,11
6763,P3,0,0
6764,P4,17,103
6765,P5,0,11
6766,P3,0,0
6767,P4,16,119
6768,P5,2,13
6769,P3,0,0
6770,P4,15,134
6771,P5,2,15
6772,P3,0,0
6773,P4,18,152
6774,P5,0,15
6775,P3,0,0
6776,P4,15,167
6777,P5,1,16
6778,P3,0,0
6779,P4,16,183
6780,P5,2,18
6781,P3,0,0
6782,P4,16,199
6783,P5,3,21
6784,P3,0,0
6785,P4,17,216
6786,P5,1,22
6787,P3,0,0
6788,P4,17,233
6789,P5,1,23
6790,P3,0,0
6791,P4,18,251
6792,P5,2,25
6793,P3,0,0
6794,P4,17,268
6795,P5,0,25
6796,P3,0,0
6797,P4,17,285
6798,P5,2,27
6799,P3,0,0
6800,P4,15,300
6801,P5,2,29
6802,P3,0,0
6803,P4,16,316
6804,P5,2,31
6805,P3,0,0
6806,P4,17,333
6807,P5,0,31
6808,P3,0,0
6809,P4,18,351
6810,P5,0,31
6811,P3,0,0
6812,P4,0,0
6813,P5,0,0
6814,P3,0,0
6815,P4,16,16
6816,P5,25,25
6817,P3,0,0
6818,P4,8,24
6819,P5,29,54
6820,P3,0,0
6821,P4,10,34
6822,P5,22,76
6823,P3,0,0
6824,P4,13,47
6825,P5,27,103
6826,P3,0,0
6827,P4,8,55
6828,P5,24,127
6829,P3,0,0
6830,P4,18,73
6831,P5,25,152
6832,P3,0,0
6833,P4,15,88
6834,P5,25,177
6835,P3,0,0
6836,P4,20,108
6837,P5,31,208
6838,P3,0,0
6839,P4,10,118
6840,P5,31,239
6841,P3,0,0
6842,P4,15,133
6843,P5,28,267
6844,P3,0,0
6845,P4,12,145
6846,P5,27,294
6847,P3,0,0
6848,P4,16,161
6849,P5,24,318
6850,P3,0,0
6851,P4,14,175
6852,P5,26,344
6853,P3,0,0
6854,P4,10,185
6855,P5,21,365
6856,P3,0,0
6857,P4,16,201
6858,P5,31,396
6859,P3,0,0
6860,P4,11,212
6861,P5,26,422
6862,P3,0,0
6863,P4,14,226
6864,P5,21,443
6865,P3,0,0
6866,P4,12,238
6867,P5,21,464
6868,P3,0,0
6869,P4,19,257
6870,P5,23,487
6871,P3,0,0
6872,P4,13,270
6873,P5,23,510
6874,P3,0,0
6875,P4,11,281
6876,P5,28,538
6877,P3,0,0
6878,P4,10,291
6879,P5,27,565
6880,P3,0,0
6881,P4,11,302
6882,P5,27,592
6883,P3,0,0
6884,P4,7,309
6885,P5,22,614
6886,P3,0,0
6887,P4,15,324
6888,P5,26,640
6889,P3,0,0
6890,P4,11,335
6891,P5,32,672
6892,P3,0,0
6893,P4,7,342
6894,P5,31,703
6895,P3,0,0
6896,P4,18,360
6897,P5,29,732
6898,P3,0,0
6899,P4,13,373
6900,P5,29,761
6901,P3,0,0
6902,P4,11,384
6903,P5,26,787
6904,P3,0,0
6905,P4,12,396
6906,P5,28,815
6907,P3,0,0
6908,P4,15,411
6909,P5,27,842
6910,P3,0,0
6911,P4,15,426
6912,P5,24,866
6913,P3,0,0
6914,P4,10,436
6915,P5,22,888
6916,P3,0,0
6917,P4,17,453
6918,P5,25,913
6919,P3,0,0
6920,P4,10,463
6921,P5,23,936
6922,P3,0,0
6923,P4,16,479
6924,P5,24,960
6925,P3,0,0
6926,P4,12,491
6927,P5,24,984
6928,P3,0,0
6929,P4,7,498
6930,P5,28,1012
6931,P3,0,0
6932,P4,14,512
6933,P5,25,1037
6934,P3,0,0
6935,P4,8,520
6936,P5,31,1068
6937,P3,0,0
6938,P4,9,529
6939,P5,25,1093
6940,P3,0,0
6941,P4,9,538
6942,P5,25,1118
6943,P3,0,0
6944,P4,0,0
6945,P5,0,0
6946,P3,0,0
6947,P4,9,9
6948,P5,21,21
6949,P3,0,0
6950,P4,0,9
6951,P5,18,39
6952,P3,0,0
6953,P4,5,14
6954,P5,17,56
6955,P3,0,0
6956,P4,0,0
6957,P5,0,0
6958,P3,0,0
6959,P4,0,0
6960,P5,17,17
6961,P3,0,0
6962,P4,11,11
6963,P5,18,35
6964,P3,0,0
6965,P4,0,11
6966,P5,18,53
6967,P3,0,0
6968,P4,0,11
6969,P5,18,71
6970,P3,0,0
6971,P4,0,11
6972,P5,19,90
6973,P3,0,0
6974,P4,0,11
6975,P5,19,109
6976,P3,0,0
6977,P4,0,0
6978,P5,0,0
6979,P3,1,1
6980,P4,16,16
6981,P5,1,1
6982,P3,2,3
6983,P4,16,32
6984,P5,1,2
6985,P3,1,4
6986,P4,16,48
6987,P5,1,3
6988,P3,0,4
6989,P4,17,65
6990,P5,0,3
6991,P3,2,6
6992,P4,16,81
6993,P5,0,3
6994,P3,0,6
6995,P4,16,97
6996,P5,1,4
6997,P3,0,6
6998,P4,16,113
6999,P5,4,8
7000,P3,0,6
7001,P4,16,129
7002,P5,0,8
7003,P3,1,7
7004,P4,17,146
7005,P5,3,11
7006,P3,1,8
7007,P4,16,162
7008,P5,1,12
7009,P3,1,9
7010,P4,18,180
7011,P5,0,12
7012,P3,2,11
7013,P4,17,197
7014,P5,2,14
7015,P3,1,12
7016,P4,16,213
7017,P5,0,14
7018,P3,0,0
7019,P4,0,0
7020,P5,0,0
7021,P3,7,7
7022,P4,33,33
7023,P5,6,6
7024,P3,2,9
7025,P4,29,62
7026,P5,2,8
7027,P3,6,15
7028,P4,18,80
7029,P5,4,12
7030,P3,8,23
7031,P4,28,108
7032,P5,2,14
7033,P3,10,33
7034,P4,26,134
7035,P5,1,15
7036,P3,4,37
7037,P4,25,159
7038,P5,2,17
7039,P3,6,43
7040,P4,34,193
7041,P5,2,19
7042,P3,4,47
7043,P4,26,219
7044,P5,9,28
7045,P3,13,60
7046,P4,30,249
7047,P5,3,31
7048,P3,5,65
7049,P4,32,281
7050,P5,1,32
7051,P3,5,70
7052,P4,29,310
7053,P5,3,35
7054,P3,5,75
7055,P4,40,350
7056,P5,2,37
7057,P3,5,80
7058,P4,32,382
7059,P5,4,41
7060,P3,6,86
7061,P4,27,409
7062,P5,5,46
7063,P3,4,90
7064,P4,32,441
7065,P5,3,49
7066,P3,9,99
7067,P4,27,468
7068,P5,2,51
7069,P3,9,108
7070,P4,34,502
7071,P5,1,52
7072,P3,6,114
7073,P4,27,529
7074,P5,3,55
7075,P3,2,116
7076,P4,31,560
7077,P5,1,56
7078,P3,5,121
7079,P4,29,589
7080,P5,1,57
7081,P3,13,134
7082,P4,29,618
7083,P5,2,59
7084,P3,0,134
7085,P4,31,649
7086,P5,4,63
7087,P3,10,144
7088,P4,32,681
7089,P5,2,65
7090,P3,6,150
7091,P4,30,711
7092,P5,2,67
7093,P3,15,165
7094,P4,26,737
7095,P5,3,70
7096,P3,14,179
7097,P4,29,766
7098,P5,3,73
7099,P3,11,190
7100,P4,27,793
7101,P5,5,78
7102,P3,13,203
7103,P4,37,830
7104,P5,5,83
7105,P3,3,206
7106,P4,20,850
7107,P5,3,86
7108,P3,6,212
7109,P4,35,885
7110,P5,4,90
7111,P3,7,219
7112,P4,31,916
7113,P5,0,90
7114,P3,3,222
7115,P4,32,948
7116,P5,2,92
7117,P3,4,226
7118,P4,37,985
7119,P5,1,93
7120,P3,12,238
7121,P4,24,1009
7122,P5,4,97
7123,P3,5,243
7124,P4,28,1037
7125,P5,3,100
7126,P3,4,247
7127,P4,26,1063
7128,P5,1,101
7129,P3,4,251
7130,P4,22,1085
7131,P5,4,105
7132,P3,8,259
7133,P4,27,1112
7134,P5,3,108
7135,P3,4,263
7136,P4,25,1137
7137,P5,3,111
7138,P3,4,267
7139,P4,22,1159
7140,P5,3,114
7141,P3,7,274
7142,P4,35,1194
7143,P5,1,115
7144,P3,4,278
7145,P4,17,1211
7146,P5,6,121
7147,P3,7,285
7148,P4,26,1237
7149,P5,5,126
7150,P3,4,289
7151,P4,36,1273
7152,P5,3,129
7153,P3,6,295
7154,P4,33,1306
7155,P5,0,129
7156,P3,9,304
7157,P4,29,1335
7158,P5,3,132
7159,P3,6,310
7160,P4,23,1358
7161,P5,3,135
7162,P3,8,318
7163,P4,32,1390
7164,P5,5,140
7165,P3,0,0
7166,P4,0,0
7167,P5,0,0
7168,P3,0,0
7169,P4,8,8
7170,P5,25,25
7171,P3,0,0
7172,P4,4,12
7173,P5,24,49
7174,P3,0,0
7175,P4,11,23
7176,P5,17,66
7177,P3,0,0
7178,P4,10,33
7179,P5,21,87
7180,P3,0,0
7181,P4,8,41
7182,P5,26,113
7183,P3,0,0
7184,P4,7,48
7185,P5,26,139
7186,P3,0,0
7187,P4,5,53
7188,P5,28,167
7189,P3,0,0
7190,P4,13,66
7191,P5,20,187
7192,P3,0,0
7193,P4,10,76
7194,P5,22,209
7195,P3,0,0
7196,P4,2,78
7197,P5,31,240
7198,P3,0,0
7199,P4,10,88
7200,P5,24,264
7201,P3,0,0
7202,P4,10,98
7203,P5,24,288
7204,P3,0,0
7205,P4,4,102
7206,P5,24,312
7207,P3,0,0
7208,P4,9,111
7209,P5,21,333
7210,P3,0,0
7211,P4,6,117
7212,P5,30,363
7213,P3,0,0
7214,P4,13,130
7215,P5,18,381
7216,P3,0,0
7217,P4,16,146
7218,P5,18,399
7219,P3,0,0
7220,P4,11,157
7221,P5,21,420
7222,P3,0,0
7223,P4,3,160
7224,P5,23,443
7225,P3,0,0
7226,P4,7,167
7227,P5,25,468
7228,P3,0,0
7229,P4,9,176
7230,P5,17,485
7231,P3,0,0
7232,P4,4,180
7233,P5,24,509
7234,P3,0,0
7235,P4,13,193
7236,P5,21,530
7237,P3,0,0
7238,P4,8,201
7239,P5,21,551
7240,P3,0,0
7241,P4,8,209
7242,P5,24,575
7243,P3,0,0
7244,P4,6,215
7245,P5,23,598
7246,P3,0,0
7247,P4,8,223
7248,P5,28,626
7249,P3,0,0
7250,P4,0,0
7251,P5,0,0
7252,P3,0,0
7253,P4,23,23
7254,P5,7,7
7255,P3,0,0
7256,P4,0,0
7257,P5,0,0
7258,P3,23,23
7259,P4,112,112
7260,P5,0,0
7261,P3,54,77
7262,P4,132,244
7263,P5,0,0
7264,P3,67,144
7265,P4,140,384
7266,P5,0,0
7267,P3,50,194
7268,P4,112,496
7269,P5,0,0
7270,P3,76,270
7271,P4,133,629
7272,P5,0,0
7273,P3,70,340
7274,P4,139,768
7275,P5,0,0
7276,P3,53,393
7277,P4,125,893
7278,P5,0,0
7279,P3,71,464
7280,P4,124,1017
7281,P5,0,0
7282,P3,62,526
7283,P4,135,1152
7284,P5,0,0
7285,P3,0,0
7286,P4,0,0
7287,P5,0,0
7288,P3,4,4
7289,P4,22,22
7290,P5,0,0
7291,P3,6,10
7292,P4,18,40
7293,P5,0,0
7294,P3,5,15
7295,P4,29,69
7296,P5,4,4
7297,P3,5,20
7298,P4,25,94
7299,P5,2,6
7300,P3,9,29
7301,P4,18,112
7302,P5,1,7
7303,P3,1,30
7304,P4,25,137
7305,P5,2,9
7306,P3,6,36
7307,P4,21,158
7308,P5,1,10
7309,P3,5,41
7310,P4,17,175
7311,P5,0,10
7312,P3,4,45
7313,P4,17,192
7314,P5,3,13
7315,P3,8,53
7316,P4,28,220
7317,P5,3,16
7318,P3,7,60
7319,P4,24,244
7320,P5,3,19
7321,P3,0,0
7322,P4,0,0
7323,P5,0,0
7324,P3,1,1
7325,P4,23,23
7326,P5,10,10
7327,P3,2,3
7328,P4,26,49
7329,P5,9,19
7330,P3,1,4
7331,P4,25,74
7332,P5,5,24
7333,P3,0,4
7334,P4,26,100
7335,P5,5,29
7336,P3,0,0
7337,P4,0,0
7338,P5,0,0
7339,P3,1,1
7340,P4,17,17
7341,P5,8,8
7342,P3,0,1
7343,P4,14,31
7344,P5,10,18
7345,P3,2,3
7346,P4,15,46
7347,P5,4,22
7348,P3,1,4
7349,P4,19,65
7350,P5,12,34
7351,P3,2,6
7352,P4,14,79
7353,P5,9,43
7354,P3,0,6
7355,P4,14,93
7356,P5,18,61
7357,P3,0,6
7358,P4,17,110
7359,P5,6,67
7360,P3,0,6
7361,P4,17,127
7362,P5,12,79
7363,P3,0,6
7364,P4,15,142
7365,P5,10,89
7366,P3,1,7
7367,P4,15,157
7368,P5,6,95
7369,P3,1,8
7370,P4,14,171
7371,P5,10,105
7372,P3,1,9
7373,P4,14,185
7374,P5,10,115
7375,P3,1,10
7376,P4,16,201
7377,P5,10,125
7378,P3,0,10
7379,P4,16,217
7380,P5,12,137
7381,P3,0,10
7382,P4,17,234
7383,P5,11,148
7384,P3,0,10
7385,P4,15,249
7386,P5,8,156
7387,P3,0,10
7388,P4,14,263
7389,P5,5,161
7390,P3,0,10
7391,P4,17,280
7392,P5,11,172
7393,P3,1,11
7394,P4,13,293
7395,P5,8,180
7396,P3,0,11
7397,P4,17,310
7398,P5,7,187
7399,P3,1,12
7400,P4,14,324
7401,P5,9,196
7402,P3,0,12
7403,P4,14,338
7404,P5,9,205
7405,P3,1,13
7406,P4,14,352
7407,P5,11,216
7408,P3,0,13
7409,P4,13,365
7410,P5,13,229
7411,P3,0,13
7412,P4,14,379
7413,P5,6,235
7414,P3,1,14
7415,P4,15,394
7416,P5,8,243
7417,P3,2,16
7418,P4,16,410
7419,P5,8,251
7420,P3,1,17
7421,P4,12,422
7422,P5,12,263
7423,P3,2,19
7424,P4,15,437
7425,P5,2,265
7426,P3,0,0
7427,P4,0,0
7428,P5,0,0
7429,P3,0,0
7430,P4,17,17
7431,P5,14,14
7432,P3,1,1
7433,P4,14,31
7434,P5,16,30
7435,P3,1,2
7436,P4,13,44
7437,P5,17,47
7438,P3,1,3
7439,P4,17,61
7440,P5,14,61
7441,P3,1,4
7442,P4,12,73
7443,P5,16,77
7444,P3,1,5
7445,P4,10,83
7446,P5,16,93
7447,P3,1,6
7448,P4,13,96
7449,P5,14,107
7450,P3,2,8
7451,P4,14,110
7452,P5,16,123
7453,P3,1,9
7454,P4,19,129
7455,P5,12,135
7456,P3,2,11
7457,P4,15,144
7458,P5,15,150
7459,P3,0,0
7460,P4,0,0
7461,P5,0,0
7462,P3,0,0
7463,P4,7,7
7464,P5,37,37
7465,P3,0,0
7466,P4,9,16
7467,P5,39,76
7468,P3,0,0
7469,P4,9,25
7470,P5,35,111
7471,P3,0,0
7472,P4,13,38
7473,P5,34,145
7474,P3,0,0
7475,P4,13,51
7476,P5,40,185
7477,P3,0,0
7478,P4,9,60
7479,P5,35,220
7480,P3,0,0
7481,P4,12,72
7482,P5,38,258
7483,P3,0,0
7484,P4,0,0
7485,P5,0,0
7486,P3,0,0
7487,P4,4,4
7488,P5,13,13
7489,P3,0,0
7490,P4,1,5
7491,P5,17,30
7492,P3,0,0
7493,P4,2,7
7494,P5,15,45
7495,P3,0,0
7496,P4,4,11
7497,P5,13,58
7498,P3,0,0
7499,P4,2,13
7500,P5,14,72
7501,P3,0,0
7502,P4,3,16
7503,P5,13,85
7504,P3,0,0
7505,P4,3,19
7506,P5,13,98
7507,P3,0,0
7508,P4,3,22
7509,P5,14,112
7510,P3,0,0
7511,P4,2,24
7512,P5,15,127
7513,P3,0,0
7514,P4,1,25
7515,P5,15,142
7516,P3,0,0
7517,P4,0,25
7518,P5,17,159
7519,P3,0,0
7520,P4,1,26
7521,P5,16,175
7522,P3,0,0
7523,P4,2,28
7524,P5,15,190
7525,P3,0,0
7526,P4,1,29
7527,P5,15,205
7528,P3,0,0
7529,P4,4,33
7530,P5,15,220
7531,P3,0,0
7532,P4,3,36
7533,P5,14,234
7534,P3,0,0
7535,P4,0,0
7536,P5,0,0
7537,P3,8,8
7538,P4,62,62
7539,P5,6,6
7540,P3,3,11
7541,P4,65,127
7542,P5,9,15
7543,P3,5,16
7544,P4,58,185
7545,P5,6,21
7546,P3,5,21
7547,P4,51,236
7548,P5,8,29
7549,P3,2,23
7550,P4,56,292
7551,P5,7,36
7552,P3,2,25
7553,P4,51,343
7554,P5,7,43
7555,P3,6,31
7556,P4,44,387
7557,P5,10,53
7558,P3,9,40
7559,P4,53,440
7560,P5,8,61
7561,P3,2,42
7562,P4,47,487
7563,P5,10,71
7564,P3,8,50
7565,P4,51,538
7566,P5,8,79
7567,P3,5,55
7568,P4,53,591
7569,P5,11,90
7570,P3,21,76
7571,P4,46,637
7572,P5,7,97
7573,P3,0,0
7574,P4,0,0
7575,P5,0,0
7576,P3,0,0
7577,P4,8,8
7578,P5,8,8
7579,P3,0,0
7580,P4,4,12
7581,P5,12,20
7582,P3,0,0
7583,P4,5,17
7584,P5,12,32
7585,P3,0,0
7586,P4,3,20
7587,P5,13,45
7588,P3,0,0
7589,P4,6,26
7590,P5,10,55
7591,P3,0,0
7592,P4,7,33
7593,P5,9,64
7594,P3,0,0
7595,P4,3,36
7596,P5,13,77
7597,P3,0,0
7598,P4,5,41
7599,P5,12,89
7600,P3,0,0
7601,P4,5,46
7602,P5,12,101
7603,P3,0,0
7604,P4,0,0
7605,P5,0,0
7606,P3,0,0
7607,P4,0,0
7608,P5,16,16
7609,P3,0,0
7610,P4,0,0
7611,P5,16,32
7612,P3,0,0
7613,P4,0,0
7614,P5,16,48
7615,P3,0,0
7616,P4,0,0
7617,P5,16,64
7618,P3,0,0
7619,P4,0,0
7620,P5,0,0
7621,P3,0,0
7622,P4,0,0
7623,P5,16,16
7624,P3,0,0
7625,P4,0,0
7626,P5,17,33
7627,P3,0,0
7628,P4,0,0
7629,P5,16,49
7630,P3,0,0
7631,P4,0,0
7632,P5,16,65
7633,P3,0,0
7634,P4,0,0
7635,P5,16,81
7636,P3,0,0
7637,P4,0,0
7638,P5,16,97
7639,P3,0,0
7640,P4,0,0
7641,P5,16,113
7642,P3,0,0
7643,P4,0,0
7644,P5,16,129
7645,P3,0,0
7646,P4,0,0
7647,P5,16,145
7648,P3,0,0
7649,P4,0,0
7650,P5,16,161
7651,P3,0,0
7652,P4,0,0
7653,P5,16,177
7654,P3,0,0
7655,P4,0,0
7656,P5,16,193
7657,P3,0,0
7658,P4,0,0
7659,P5,16,209
7660,P3,0,0
7661,P4,0,0
7662,P5,16,225
7663,P3,0,0
7664,P4,0,0
7665,P5,0,0
7666,P3,0,0
7667,P4,17,17
7668,P5,3,3
7669,P3,0,0
7670,P4,21,38
7671,P5,1,4
7672,P3,0,0
7673,P4,22,60
7674,P5,4,8
7675,P3,0,0
7676,P4,23,83
7677,P5,2,10
7678,P3,0,0
7679,P4,23,106
7680,P5,1,11
7681,P3,0,0
7682,P4,21,127
7683,P5,1,12
7684,P3,0,0
7685,P4,22,149
7686,P5,3,15
7687,P3,0,0
7688,P4,18,167
7689,P5,3,18
7690,P3,0,0
7691,P4,22,189
7692,P5,4,22
7693,P3,0,0
7694,P4,20,209
7695,P5,2,24
7696,P3,0,0
7697,P4,21,230
7698,P5,2,26
7699,P3,0,0
7700,P4,20,250
7701,P5,0,26
7702,P3,0,0
7703,P4,21,271
7704,P5,0,26
7705,P3,0,0
7706,P4,20,291
7707,P5,0,26
7708,P3,0,0
7709,P4,22,313
7710,P5,2,28
7711,P3,0,0
7712,P4,22,335
7713,P5,4,32
7714,P3,0,0
7715,P4,26,361
7716,P5,0,32
7717,P3,0,0
7718,P4,22,383
7719,P5,1,33
7720,P3,0,0
7721,P4,23,406
7722,P5,2,35
7723,P3,0,0
7724,P4,21,427
7725,P5,3,38
7726,P3,0,0
7727,P4,21,448
7728,P5,0,38
7729,P3,0,0
7730,P4,25,473
7731,P5,3,41
7732,P3,0,0
7733,P4,21,494
7734,P5,1,42
7735,P3,0,0
7736,P4,0,0
7737,P5,0,0
7738,P3,0,0
7739,P4,80,80
7740,P5,0,0
7741,P3,60,60
7742,P4,81,161
7743,P5,0,0
7744,P3,6,66
7745,P4,86,247
7746,P5,0,0
7747,P3,10,76
7748,P4,85,332
7749,P5,0,0
7750,P3,15,91
7751,P4,84,416
7752,P5,0,0
7753,P3,12,103
7754,P4,86,502
7755,P5,0,0
7756,P3,14,117
7757,P4,86,588
7758,P5,0,0
7759,P3,15,132
7760,P4,88,676
7761,P5,0,0
7762,P3,0,0
7763,P4,0,0
7764,P5,0,0
7765,P3,0,0
7766,P4,1,1
7767,P5,20,20
7768,P3,0,0
7769,P4,0,1
7770,P5,16,36
7771,P3,0,0
7772,P4,4,5
7773,P5,18,54
7774,P3,0,0
7775,P4,2,7
7776,P5,17,71
7777,P3,0,0
7778,P4,0,7
7779,P5,19,90
7780,P3,0,0
7781,P4,5,12
7782,P5,23,113
7783,P3,0,0
7784,P4,1,13
7785,P5,21,134
7786,P3,0,0
7787,P4,0,13
7788,P5,20,154
7789,P3,0,0
7790,P4,4,17
7791,P5,15,169
7792,P3,1,1
7793,P4,3,20
7794,P5,22,191
7795,P3,0,1
7796,P4,1,21
7797,P5,17,208
7798,P3,0,1
7799,P4,3,24
7800,P5,17,225
7801,P3,0,1
7802,P4,1,25
7803,P5,20,245
7804,P3,0,1
7805,P4,1,26
7806,P5,19,264
7807,P3,0,1
7808,P4,2,28
7809,P5,20,284
7810,P3,0,1
7811,P4,0,28
7812,P5,18,302
7813,P3,0,1
7814,P4,3,31
7815,P5,19,321
7816,P3,0,1
7817,P4,1,32
7818,P5,20,341
7819,P3,0,1
7820,P4,1,33
7821,P5,16,357
7822,P3,0,1
7823,P4,0,33
7824,P5,18,375
7825,P3,0,1
7826,P4,0,33
7827,P5,21,396
7828,P3,0,1
7829,P4,2,35
7830,P5,18,414
7831,P3,0,1
7832,P4,0,35
7833,P5,18,432
7834,P3,0,1
7835,P4,1,36
7836,P5,19,451
7837,P3,1,2
7838,P4,3,39
7839,P5,21,472
7840,P3,0,2
7841,P4,2,41
7842,P5,20,492
7843,P3,0,2
7844,P4,0,41
7845,P5,19,511
7846,P3,0,0
7847,P4,0,0
7848,P5,0,0
7849,P3,0,0
7850,P4,48,48
7851,P5,33,33
7852,P3,3,3
7853,P4,57,105
7854,P5,28,61
7855,P3,2,5
7856,P4,36,141
7857,P5,30,91
7858,P3,1,6
7859,P4,32,173
7860,P5,27,118
7861,P3,2,8
7862,P4,60,233
7863,P5,23,141
7864,P3,2,10
7865,P4,44,277
7866,P5,31,172
7867,P3,1,11
7868,P4,43,320
7869,P5,26,198
7870,P3,2,13
7871,P4,45,365
7872,P5,29,227
7873,P3,1,14
7874,P4,37,402
7875,P5,32,259
7876,P3,2,16
7877,P4,65,467
7878,P5,26,285
7879,P3,3,19
7880,P4,44,511
7881,P5,26,311
7882,P3,4,23
7883,P4,44,555
7884,P5,31,342
7885,P3,4,27
7886,P4,55,610
7887,P5,19,361
7888,P3,5,32
7889,P4,54,664
7890,P5,26,387
7891,P3,1,33
7892,P4,38,702
7893,P5,33,420
7894,P3,2,35
7895,P4,33,735
7896,P5,30,450
7897,P3,1,36
7898,P4,41,776
7899,P5,28,478
7900,P3,0,36
7901,P4,48,824
7902,P5,26,504
7903,P3,4,40
7904,P4,45,869
7905,P5,27,531
7906,P3,2,42
7907,P4,60,929
7908,P5,24,555
7909,P3,1,43
7910,P4,37,966
7911,P5,32,587
7912,P3,3,46
7913,P4,57,1023
7914,P5,28,615
7915,P3,2,48
7916,P4,54,1077
7917,P5,29,644
7918,P3,6,54
7919,P4,52,1129
7920,P5,36,680
7921,P3,1,55
7922,P4,54,1183
7923,P5,25,705
7924,P3,3,58
7925,P4,44,1227
7926,P5,24,729
7927,P3,1,59
7928,P4,53,1280
7929,P5,34,763
7930,P3,2,61
7931,P4,61,1341
7932,P5,27,790
7933,P3,2,63
7934,P4,47,1388
7935,P5,26,816
7936,P3,1,64
7937,P4,60,1448
7938,P5,25,841
7939,P3,5,69
7940,P4,47,1495
7941,P5,31,872
7942,P3,2,71
7943,P4,52,1547
7944,P5,28,900
7945,P3,2,73
7946,P4,57,1604
7947,P5,26,926
7948,P3,1,74
7949,P4,46,1650
7950,P5,21,947
7951,P3,3,77
7952,P4,30,1680
7953,P5,27,974
7954,P3,2,79
7955,P4,57,1737
7956,P5,26,1000
7957,P3,2,81
7958,P4,44,1781
7959,P5,32,1032
7960,P3,0,81
7961,P4,41,1822
7962,P5,33,1065
7963,P3,0,81
7964,P4,57,1879
7965,P5,24,1089
7966,P3,1,82
7967,P4,35,1914
7968,P5,31,1120
7969,P3,2,84
7970,P4,38,1952
7971,P5,29,1149
7972,P3,1,85
7973,P4,51,2003
7974,P5,33,1182
7975,P3,1,86
7976,P4,61,2064
7977,P5,27,1209
7978,P3,3,89
7979,P4,46,2110
7980,P5,27,1236
7981,P3,1,90
7982,P4,55,2165
7983,P5,34,1270
7984,P3,0,0
7985,P4,0,0
7986,P5,0,0
7987,P3,17,17
7988,P4,137,137
7989,P5,0,0
7990,P3,0,0
7991,P4,0,0
7992,P5,0,0
7993,P3,0,0
7994,P4,0,0
7995,P5,16,16
7996,P3,0,0
7997,P4,0,0
7998,P5,16,32
7999,P3,0,0
8000,P4,0,0
8001,P5,16,48
8002,P3,0,0
8003,P4,0,0
8004,P5,0,0
8005,P3,0,0
8006,P4,10,10
8007,P5,16,16
8008,P3,0,0
8009,P4,0,0
8010,P5,0,0
8011,P3,0,0
8012,P4,20,20
8013,P5,37,37
8014,P3,0,0
8015,P4,23,43
8016,P5,30,67
8017,P3,0,0
8018,P4,20,63
8019,P5,41,108
8020,P3,0,0
8021,P4,21,84
8022,P5,32,140
8023,P3,0,0
8024,P4,22,106
8025,P5,41,181
8026,P3,0,0
8027,P4,23,129
8028,P5,39,220
8029,P3,0,0
8030,P4,21,150
8031,P5,29,249
8032,P3,0,0
8033,P4,20,170
8034,P5,45,294
8035,P3,0,0
8036,P4,18,188
8037,P5,38,332
8038,P3,0,0
8039,P4,21,209
8040,P5,35,367
8041,P3,0,0
8042,P4,21,230
8043,P5,37,404
8044,P3,0,0
8045,P4,19,249
8046,P5,27,431
8047,P3,0,0
8048,P4,25,274
8049,P5,33,464
8050,P3,0,0
8051,P4,19,293
8052,P5,33,497
8053,P3,1,1
8054,P4,17,310
8055,P5,31,528
8056,P3,0,1
8057,P4,37,347
8058,P5,32,560
8059,P3,0,1
8060,P4,16,363
8061,P5,34,594
8062,P3,0,1
8063,P4,25,388
8064,P5,41,635
8065,P3,0,1
8066,P4,23,411
8067,P5,38,673
8068,P3,0,1
8069,P4,25,436
8070,P5,36,709
8071,P3,0,1
8072,P4,18,454
8073,P5,30,739
8074,P3,0,1
8075,P4,21,475
8076,P5,27,766
8077,P3,0,1
8078,P4,25,500
8079,P5,32,798
8080,P3,0,1
8081,P4,22,522
8082,P5,36,834
8083,P3,0,1
8084,P4,18,540
8085,P5,36,870
8086,P3,0,1
8087,P4,16,556
8088,P5,40,910
8089,P3,0,1
8090,P4,28,584
8091,P5,31,941
8092,P3,0,0
8093,P4,0,0
8094,P5,0,0
8095,P3,0,0
8096,P4,43,43
8097,P5,0,0
8098,P3,2,2
8099,P4,42,85
8100,P5,1,1
8101,P3,0,2
8102,P4,44,129
8103,P5,0,1
8104,P3,1,3
8105,P4,47,176
8106,P5,0,1
8107,P3,0,3
8108,P4,46,222
8109,P5,0,1
8110,P3,0,3
8111,P4,49,271
8112,P5,0,1
8113,P3,0,3
8114,P4,48,319
8115,P5,0,1
8116,P3,0,3
8117,P4,42,361
8118,P5,0,1
8119,P3,0,3
8120,P4,48,409
8121,P5,0,1
8122,P3,0,3
8123,P4,49,458
8124,P5,0,1
8125,P3,0,3
8126,P4,46,504
8127,P5,0,1
8128,P3,0,3
8129,P4,53,557
8130,P5,0,1
8131,P3,0,3
8132,P4,45,602
8133,P5,0,1
8134,P3,0,3
8135,P4,50,652
8136,P5,0,1
8137,P3,1,4
8138,P4,45,697
8139,P5,1,2
8140,P3,0,4
8141,P4,49,746
8142,P5,0,2
8143,P3,0,4
8144,P4,50,796
8145,P5,1,3
8146,P3,0,4
8147,P4,53,849
8148,P5,0,3
8149,P3,0,4
8150,P4,46,895
8151,P5,0,3
8152,P3,1,5
8153,P4,43,938
8154,P5,1,4
8155,P3,1,6
8156,P4,44,982
8157,P5,0,4
8158,P3,0,6
8159,P4,48,1030
8160,P5,0,4
8161,P3,0,6
8162,P4,42,1072
8163,P5,0,4
8164,P3,0,6
8165,P4,48,1120
8166,P5,0,4
8167,P3,0,6
8168,P4,44,1164
8169,P5,0,4
8170,P3,0,6
8171,P4,39,1203
8172,P5,1,5
8173,P3,0,6
8174,P4,46,1249
8175,P5,0,5
8176,P3,0,6
8177,P4,40,1289
8178,P5,0,5
8179,P3,3,9
8180,P4,48,1337
8181,P5,1,6
8182,P3,0,9
8183,P4,43,1380
8184,P5,0,6
8185,P3,0,9
8186,P4,42,1422
8187,P5,0,6
8188,P3,0,9
8189,P4,46,1468
8190,P5,1,7
8191,P3,0,9
8192,P4,51,1519
8193,P5,0,7
8194,P3,0,9
8195,P4,49,1568
8196,P5,0,7
8197,P3,2,11
8198,P4,46,1614
8199,P5,1,8
8200,P3,0,11
8201,P4,46,1660
8202,P5,0,8
8203,P3,1,12
8204,P4,47,1707
8205,P5,1,9
8206,P3,1,13
8207,P4,40,1747
8208,P5,0,9
8209,P3,0,13
8210,P4,50,1797
8211,P5,0,9
8212,P3,0,13
8213,P4,48,1845
8214,P5,0,9
8215,P3,0,13
8216,P4,45,1890
8217,P5,0,9
8218,P3,0,13
8219,P4,53,1943
8220,P5,0,9
8221,P3,1,14
8222,P4,50,1993
8223,P5,0,9
8224,P3,0,14
8225,P4,50,2043
8226,P5,0,9
8227,P3,0,14
8228,P4,47,2090
8229,P5,0,9
8230,P3,0,14
8231,P4,46,2136
8232,P5,1,10
8233,P3,1,15
8234,P4,46,2182
8235,P5,0,10
8236,P3,0,15
8237,P4,47,2229
8238,P5,0,10
8239,P3,1,16
8240,P4,45,2274
8241,P5,0,10
8242,P3,0,16
8243,P4,46,2320
8244,P5,0,10
8245,P3,0,16
8246,P4,55,2375
8247,P5,1,11
8248,P3,0,16
8249,P4,43,2418
8250,P5,0,11
8251,P3,3,19
8252,P4,54,2472
8253,P5,1,12
8254,P3,0,19
8255,P4,50,2522
8256,P5,0,12
8257,P3,1,20
8258,P4,53,2575
8259,P5,0,12
8260,P3,0,20
8261,P4,44,2619
8262,P5,0,12
8263,P3,0,20
8264,P4,49,2668
8265,P5,0,12
8266,P3,0,20
8267,P4,49,2717
8268,P5,0,12
8269,P3,0,20
8270,P4,48,2765
8271,P5,0,12
8272,P3,0,0
8273,P4,0,0
8274,P5,0,0
8275,P3,72,72
8276,P4,6,6
8277,P5,2,2
8278,P3,77,149
8279,P4,26,32
8280,P5,1,3
8281,P3,92,241
8282,P4,33,65
8283,P5,8,11
8284,P3,84,325
8285,P4,24,89
8286,P5,1,12
8287,P3,95,420
8288,P4,23,112
8289,P5,1,13
8290,P3,91,511
8291,P4,25,137
8292,P5,5,18
8293,P3,97,608
8294,P4,28,165
8295,P5,2,20
8296,P3,80,688
8297,P4,42,207
8298,P5,9,29
8299,P3,95,783
8300,P4,28,235
8301,P5,3,32
8302,P3,100,883
8303,P4,31,266
8304,P5,1,33
8305,P3,95,978
8306,P4,33,299
8307,P5,2,35
8308,P3,88,1066
8309,P4,36,335
8310,P5,6,41
8311,P3,83,1149
8312,P4,28,363
8313,P5,1,42
8314,P3,92,1241
8315,P4,38,401
8316,P5,6,48
8317,P3,99,1340
8318,P4,35,436
8319,P5,3,51
8320,P3,0,0
8321,P4,0,0
8322,P5,0,0
8323,P3,0,0
8324,P4,16,16
8325,P5,0,0
8326,P3,0,0
8327,P4,16,32
8328,P5,1,1
8329,P3,0,0
8330,P4,16,48
8331,P5,2,3
8332,P3,0,0
8333,P4,19,67
8334,P5,0,3
8335,P3,0,0
8336,P4,16,83
8337,P5,1,4
8338,P3,0,0
8339,P4,16,99
8340,P5,0,4
8341,P3,0,0
8342,P4,17,116
8343,P5,3,7
8344,P3,0,0
8345,P4,16,132
8346,P5,3,10
8347,P3,0,0
8348,P4,16,148
8349,P5,1,11
8350,P3,0,0
8351,P4,16,164
8352,P5,0,11
8353,P3,0,0
8354,P4,16,180
8355,P5,0,11
8356,P3,0,0
8357,P4,17,197
8358,P5,0,11
8359,P3,0,0
8360,P4,16,213
8361,P5,0,11
8362,P3,0,0
8363,P4,17,230
8364,P5,0,11
8365,P3,0,0
8366,P4,18,248
8367,P5,0,11
8368,P3,0,0
8369,P4,17,265
8370,P5,0,11
8371,P3,0,0
8372,P4,16,281
8373,P5,0,11
8374,P3,0,0
8375,P4,16,297
8376,P5,0,11
8377,P3,0,0
8378,P4,17,314
8379,P5,0,11
8380,P3,0,0
8381,P4,15,329
8382,P5,2,13
8383,P3,0,0
8384,P4,16,345
8385,P5,0,13
8386,P3,0,0
8387,P4,0,0
8388,P5,0,0
8389,P3,2,2
8390,P4,14,14
8391,P5,16,16
8392,P3,0,2
8393,P4,14,28
8394,P5,15,31
8395,P3,1,3
8396,P4,16,44
8397,P5,14,45
8398,P3,1,4
8399,P4,18,62
8400,P5,16,61
8401,P3,1,5
8402,P4,15,77
8403,P5,16,77
8404,P3,0,5
8405,P4,15,92
8406,P5,15,92
8407,P3,0,5
8408,P4,11,103
8409,P5,16,108
8410,P3,0,5
8411,P4,18,121
8412,P5,10,118
8413,P3,0,5
8414,P4,17,138
8415,P5,15,133
8416,P3,0,0
8417,P4,0,0
8418,P5,0,0
8419,P3,0,0
8420,P4,3,3
8421,P5,15,15
8422,P3,2,2
8423,P4,2,5
8424,P5,14,29
8425,P3,1,3
8426,P4,2,7
8427,P5,14,43
8428,P3,1,4
8429,P4,7,14
8430,P5,13,56
8431,P3,0,4
8432,P4,4,18
8433,P5,14,70
8434,P3,1,5
8435,P4,3,21
8436,P5,14,84
8437,P3,4,9
8438,P4,2,23
8439,P5,15,99
8440,P3,1,10
8441,P4,8,31
8442,P5,16,115
8443,P3,0,10
8444,P4,5,36
8445,P5,11,126
8446,P3,0,0
8447,P4,0,0
8448,P5,0,0
8449,P3,0,0
8450,P4,60,60
8451,P5,1,1
8452,P3,0,0
8453,P4,64,124
8454,P5,0,1
8455,P3,0,0
8456,P4,57,181
8457,P5,1,2
8458,P3,0,0
8459,P4,59,240
8460,P5,0,2
8461,P3,0,0
8462,P4,58,298
8463,P5,0,2
8464,P3,0,0
8465,P4,53,351
8466,P5,2,4
8467,P3,0,0
8468,P4,53,404
8469,P5,0,4
8470,P3,0,0
8471,P4,57,461
8472,P5,0,4
8473,P3,1,1
8474,P4,57,518
8475,P5,0,4
8476,P3,0,0
8477,P4,0,0
8478,P5,0,0
8479,P3,5,5
8480,P4,45,45
8481,P5,2,2
8482,P3,20,25
8483,P4,44,89
8484,P5,5,7
8485,P3,11,36
8486,P4,40,129
8487,P5,4,11
8488,P3,12,48
8489,P4,40,169
8490,P5,7,18
8491,P3,20,68
8492,P4,52,221
8493,P5,6,24
8494,P3,24,92
8495,P4,53,274
8496,P5,7,31
8497,P3,20,112
8498,P4,50,324
8499,P5,7,38
8500,P3,22,134
8501,P4,48,372
8502,P5,3,41
8503,P3,16,150
8504,P4,40,412
8505,P5,8,49
8506,P3,16,166
8507,P4,34,446
8508,P5,4,53
8509,P3,9,175
8510,P4,27,473
8511,P5,20,73
8512,P3,17,192
8513,P4,46,519
8514,P5,9,82
8515,P3,13,205
8516,P4,39,558
8517,P5,12,94
8518,P3,18,223
8519,P4,65,623
8520,P5,13,107
8521,P3,18,241
8522,P4,59,682
8523,P5,4,111
8524,P3,9,250
8525,P4,49,731
8526,P5,2,113
8527,P3,17,267
8528,P4,45,776
8529,P5,1,114
8530,P3,21,288
8531,P4,58,834
8532,P5,3,117
8533,P3,14,302
8534,P4,44,878
8535,P5,2,119
8536,P3,18,320
8537,P4,41,919
8538,P5,10,129
8539,P3,25,345
8540,P4,47,966
8541,P5,0,129
8542,P3,23,368
8543,P4,59,1025
8544,P5,5,134
8545,P3,18,386
8546,P4,42,1067
8547,P5,8,142
8548,P3,15,401
8549,P4,41,1108
8550,P5,11,153
8551,P3,16,417
8552,P4,40,1148
8553,P5,10,163
8554,P3,21,438
8555,P4,37,1185
8556,P5,12,175
8557,P3,0,0
8558,P4,0,0
8559,P5,0,0
8560,P3,6,6
8561,P4,7,7
8562,P5,16,16
8563,P3,7,13
8564,P4,11,18
8565,P5,23,39
8566,P3,7,20
8567,P4,9,27
8568,P5,16,55
8569,P3,4,24
8570,P4,15,42
8571,P5,14,69
8572,P3,10,34
8573,P4,8,50
8574,P5,21,90
8575,P3,11,45
8576,P4,4,54
8577,P5,20,110
8578,P3,5,50
8579,P4,8,62
8580,P5,15,125
8581,P3,9,59
8582,P4,14,76
8583,P5,13,138
8584,P3,10,69
8585,P4,6,82
8586,P5,16,154
8587,P3,3,72
8588,P4,10,92
8589,P5,16,170
8590,P3,0,0
8591,P4,0,0
8592,P5,0,0
8593,P3,17,17
8594,P4,30,30
8595,P5,0,0
8596,P3,13,30
8597,P4,33,63
8598,P5,4,4
8599,P3,11,41
8600,P4,33,96
8601,P5,4,8
8602,P3,20,61
8603,P4,34,130
8604,P5,1,9
8605,P3,14,75
8606,P4,29,159
8607,P5,1,10
8608,P3,10,85
8609,P4,28,187
8610,P5,3,13
8611,P3,17,102
8612,P4,30,217
8613,P5,2,15
8614,P3,14,116
8615,P4,28,245
8616,P5,5,20
8617,P3,15,131
8618,P4,27,272
8619,P5,1,21
8620,P3,20,151
8621,P4,34,306
8622,P5,3,24
8623,P3,17,168
8624,P4,29,335
8625,P5,2,26
8626,P3,18,186
8627,P4,31,366
8628,P5,2,28
8629,P3,13,199
8630,P4,31,397
8631,P5,4,32
8632,P3,13,212
8633,P4,31,428
8634,P5,2,34
8635,P3,18,230
8636,P4,32,460
8637,P5,2,36
8638,P3,20,250
8639,P4,35,495
8640,P5,3,39
8641,P3,19,269
8642,P4,25,520
8643,P5,2,41
8644,P3,18,287
8645,P4,36,556
8646,P5,3,44
8647,P3,10,297
8648,P4,28,584
8649,P5,4,48
8650,P3,15,312
8651,P4,29,613
8652,P5,2,50
8653,P3,16,328
8654,P4,33,646
8655,P5,2,52
8656,P3,17,345
8657,P4,32,678
8658,P5,3,55
8659,P3,18,363
8660,P4,25,703
8661,P5,1,56
8662,P3,14,377
8663,P4,32,735
8664,P5,1,57
8665,P3,15,392
8666,P4,29,764
8667,P5,1,58
8668,P3,18,410
8669,P4,26,790
8670,P5,1,59
8671,P3,15,425
8672,P4,24,814
8673,P5,2,61
8674,P3,10,435
8675,P4,34,848
8676,P5,6,67
8677,P3,18,453
8678,P4,42,890
8679,P5,1,68
8680,P3,15,468
8681,P4,30,920
8682,P5,3,71
8683,P3,14,482
8684,P4,36,956
8685,P5,1,72
8686,P3,15,497
8687,P4,35,991
8688,P5,2,74
8689,P3,17,514
8690,P4,31,1022
8691,P5,3,77
8692,P3,13,527
8693,P4,31,1053
8694,P5,3,80
8695,P3,14,541
8696,P4,30,1083
8697,P5,2,82
8698,P3,15,556
8699,P4,27,1110
8700,P5,4,86
8701,P3,14,570
8702,P4,31,1141
8703,P5,2,88
8704,P3,14,584
8705,P4,29,1170
8706,P5,5,93
8707,P3,20,604
8708,P4,29,1199
8709,P5,3,96
8710,P3,13,617
8711,P4,34,1233
8712,P5,3,99
8713,P3,16,633
8714,P4,33,1266
8715,P5,4,103
8716,P3,15,648
8717,P4,34,1300
8718,P5,3,106
8719,P3,19,667
8720,P4,32,1332
8721,P5,1,107
8722,P3,14,681
8723,P4,33,1365
8724,P5,4,111
8725,P3,15,696
8726,P4,30,1395
8727,P5,6,117
8728,P3,16,712
8729,P4,41,1436
8730,P5,2,119
8731,P3,16,728
8732,P4,33,1469
8733,P5,4,123
8734,P3,12,740
8735,P4,34,1503
8736,P5,3,126
8737,P3,18,758
8738,P4,29,1532
8739,P5,0,126
8740,P3,14,772
8741,P4,41,1573
8742,P5,1,127
8743,P3,0,0
8744,P4,0,0
8745,P5,0,0
8746,P3,8,8
8747,P4,1,1
8748,P5,18,18
8749,P3,3,11
8750,P4,6,7
8751,P5,24,42
8752,P3,8,19
8753,P4,1,8
8754,P5,23,65
8755,P3,6,25
8756,P4,1,9
8757,P5,27,92
8758,P3,12,37
8759,P4,4,13
8760,P5,32,124
8761,P3,10,47
8762,P4,3,16
8763,P5,22,146
8764,P3,9,56
8765,P4,9,25
8766,P5,20,166
8767,P3,4,60
8768,P4,0,25
8769,P5,18,184
8770,P3,15,75
8771,P4,4,29
8772,P5,21,205
8773,P3,1,76
8774,P4,7,36
8775,P5,17,222
8776,P3,2,78
8777,P4,3,39
8778,P5,24,246
8779,P3,6,84
8780,P4,9,48
8781,P5,27,273
8782,P3,1,85
8783,P4,2,50
8784,P5,21,294
8785,P3,7,92
8786,P4,3,53
8787,P5,26,320
8788,P3,7,99
8789,P4,4,57
8790,P5,23,343
8791,P3,8,107
8792,P4,3,60
8793,P5,20,363
8794,P3,10,117
8795,P4,2,62
8796,P5,23,386
8797,P3,9,126
8798,P4,3,65
8799,P5,24,410
8800,P3,2,128
8801,P4,4,69
8802,P5,26,436
8803,P3,6,134
8804,P4,3,72
8805,P5,20,456
8806,P3,10,144
8807,P4,8,80
8808,P5,30,486
8809,P3,3,147
8810,P4,3,83
8811,P5,23,509
8812,P3,4,151
8813,P4,1,84
8814,P5,11,520
8815,P3,5,156
8816,P4,2,86
8817,P5,30,550
8818,P3,18,174
8819,P4,3,89
8820,P5,29,579
8821,P3,0,0
8822,P4,0,0
8823,P5,0,0
8824,P3,2,2
8825,P4,28,28
8826,P5,0,0
8827,P3,6,8
8828,P4,32,60
8829,P5,0,0
8830,P3,2,10
8831,P4,27,87
8832,P5,0,0
8833,P3,8,18
8834,P4,28,115
8835,P5,0,0
8836,P3,7,25
8837,P4,27,142
8838,P5,0,0
8839,P3,8,33
8840,P4,31,173
8841,P5,0,0
8842,P3,5,38
8843,P4,36,209
8844,P5,0,0
8845,P3,2,40
8846,P4,28,237
8847,P5,0,0
8848,P3,4,44
8849,P4,31,268
8850,P5,0,0
8851,P3,1,45
8852,P4,30,298
8853,P5,0,0
8854,P3,7,52
8855,P4,35,333
8856,P5,0,0
8857,P3,4,56
8858,P4,30,363
8859,P5,0,0
8860,P3,12,68
8861,P4,28,391
8862,P5,0,0
8863,P3,7,75
8864,P4,29,420
8865,P5,0,0
8866,P3,3,78
8867,P4,31,451
8868,P5,0,0
8869,P3,2,80
8870,P4,24,475
8871,P5,0,0
8872,P3,7,87
8873,P4,29,504
8874,P5,0,0
8875,P3,5,92
8876,P4,32,536
8877,P5,1,1
8878,P3,8,100
8879,P4,27,563
8880,P5,0,1
8881,P3,5,105
8882,P4,27,590
8883,P5,0,1
8884,P3,2,107
8885,P4,36,626
8886,P5,0,1
8887,P3,2,109
8888,P4,28,654
8889,P5,0,1
8890,P3,8,117
8891,P4,26,680
8892,P5,0,1
8893,P3,4,121
8894,P4,31,711
8895,P5,0,1
8896,P3,5,126
8897,P4,38,749
8898,P5,0,1
8899,P3,2,128
8900,P4,28,777
8901,P5,0,1
8902,P3,5,133
8903,P4,26,803
8904,P5,0,1
8905,P3,5,138
8906,P4,31,834
8907,P5,0,1
8908,P3,3,141
8909,P4,29,863
8910,P5,0,1
8911,P3,14,155
8912,P4,30,893
8913,P5,0,1
8914,P3,4,159
8915,P4,30,923
8916,P5,0,1
8917,P3,7,166
8918,P4,36,959
8919,P5,0,1
8920,P3,3,169
8921,P4,30,989
8922,P5,0,1
8923,P3,2,171
8924,P4,27,1016
8925,P5,0,1
8926,P3,9,180
8927,P4,28,1044
8928,P5,0,1
8929,P3,5,185
8930,P4,32,1076
8931,P5,0,1
8932,P3,5,190
8933,P4,30,1106
8934,P5,0,1
8935,P3,7,197
8936,P4,28,1134
8937,P5,0,1
8938,P3,8,205
8939,P4,31,1165
8940,P5,0,1
8941,P3,7,212
8942,P4,28,1193
8943,P5,0,1
8944,P3,2,214
8945,P4,40,1233
8946,P5,0,1
8947,P3,10,224
8948,P4,34,1267
8949,P5,0,1
8950,P3,1,225
8951,P4,33,1300
8952,P5,0,1
8953,P3,2,227
8954,P4,25,1325
8955,P5,0,1
8956,P3,4,231
8957,P4,31,1356
8958,P5,0,1
8959,P3,0,231
8960,P4,31,1387
8961,P5,0,1
8962,P3,9,240
8963,P4,29,1416
8964,P5,0,1
8965,P3,2,242
8966,P4,33,1449
8967,P5,0,1
8968,P3,3,245
8969,P4,30,1479
8970,P5,0,1
8971,P3,3,248
8972,P4,33,1512
8973,P5,1,2
8974,P3,6,254
8975,P4,31,1543
8976,P5,0,2
8977,P3,1,255
8978,P4,30,1573
8979,P5,0,2
8980,P3,0,0
8981,P4,0,0
8982,P5,0,0
8983,P3,1,1
8984,P4,57,57
8985,P5,2,2
8986,P3,0,1
8987,P4,43,100
8988,P5,2,4
8989,P3,1,2
8990,P4,50,150
8991,P5,4,8
8992,P3,0,2
8993,P4,44,194
8994,P5,2,10
8995,P3,0,2
8996,P4,45,239
8997,P5,2,12
8998,P3,0,2
8999,P4,45,284
9000,P5,2,14
9001,P3,0,2
9002,P4,61,345
9003,P5,1,15
9004,P3,0,2
9005,P4,44,389
9006,P5,0,15
9007,P3,0,2
9008,P4,40,429
9009,P5,3,18
9010,P3,0,2
9011,P4,44,473
9012,P5,3,21
9013,P3,0,2
9014,P4,47,520
9015,P5,0,21
9016,P3,0,2
9017,P4,46,566
9018,P5,1,22
9019,P3,0,2
9020,P4,48,614
9021,P5,0,22
9022,P3,0,0
9023,P4,0,0
9024,P5,0,0
9025,P3,0,0
9026,P4,15,15
9027,P5,5,5
9028,P3,0,0
9029,P4,15,30
9030,P5,3,8
9031,P3,0,0
9032,P4,14,44
9033,P5,5,13
9034,P3,0,0
9035,P4,16,60
9036,P5,5,18
9037,P3,0,0
9038,P4,16,76
9039,P5,4,22
9040,P3,0,0
9041,P4,15,91
9042,P5,1,23
9043,P3,0,0
9044,P4,15,106
9045,P5,4,27
9046,P3,0,0
9047,P4,17,123
9048,P5,5,32
9049,P3,0,0
9050,P4,17,140
9051,P5,4,36
9052,P3,0,0
9053,P4,15,155
9054,P5,3,39
9055,P3,0,0
9056,P4,16,171
9057,P5,2,41
9058,P3,0,0
9059,P4,15,186
9060,P5,4,45
9061,P3,0,0
9062,P4,15,201
9063,P5,7,52
9064,P3,0,0
9065,P4,16,217
9066,P5,4,56
9067,P3,0,0
9068,P4,16,233
9069,P5,6,62
9070,P3,0,0
9071,P4,16,249
9072,P5,1,63
9073,P3,0,0
9074,P4,16,265
9075,P5,2,65
9076,P3,0,0
9077,P4,16,281
9078,P5,1,66
9079,P3,0,0
9080,P4,15,296
9081,P5,2,68
9082,P3,0,0
9083,P4,16,312
9084,P5,4,72
9085,P3,0,0
9086,P4,16,328
9087,P5,7,79
9088,P3,0,0
9089,P4,16,344
9090,P5,6,85
9091,P3,0,0
9092,P4,16,360
9093,P5,4,89
9094,P3,0,0
9095,P4,15,375
9096,P5,2,91
9097,P3,0,0
9098,P4,16,391
9099,P5,3,94
9100,P3,0,0
9101,P4,14,405
9102,P5,6,100
9103,P3,0,0
9104,P4,16,421
9105,P5,6,106
9106,P3,0,0
9107,P4,16,437
9108,P5,3,109
9109,P3,0,0
9110,P4,15,452
9111,P5,2,111
9112,P3,0,0
9113,P4,15,467
9114,P5,4,115
9115,P3,0,0
9116,P4,0,0
9117,P5,0,0
9118,P3,0,0
9119,P4,22,22
9120,P5,15,15
9121,P3,0,0
9122,P4,18,40
9123,P5,10,25
9124,P3,0,0
9125,P4,25,65
9126,P5,18,43
9127,P3,0,0
9128,P4,21,86
9129,P5,13,56
9130,P3,1,1
9131,P4,27,113
9132,P5,10,66
9133,P3,0,1
9134,P4,25,138
9135,P5,14,80
9136,P3,0,1
9137,P4,27,165
9138,P5,14,94
9139,P3,0,1
9140,P4,22,187
9141,P5,14,108
9142,P3,0,1
9143,P4,26,213
9144,P5,12,120
9145,P3,0,1
9146,P4,25,238
9147,P5,17,137
9148,P3,0,0
9149,P4,0,0
9150,P5,0,0
9151,P3,0,0
9152,P4,5,5
9153,P5,22,22
9154,P3,0,0
9155,P4,2,7
9156,P5,25,47
9157,P3,0,0
9158,P4,9,16
9159,P5,22,69
9160,P3,0,0
9161,P4,8,24
9162,P5,24,93
9163,P3,0,0
9164,P4,4,28
9165,P5,26,119
9166,P3,0,0
9167,P4,2,30
9168,P5,19,138
9169,P3,0,0
9170,P4,3,33
9171,P5,24,162
9172,P3,0,0
9173,P4,6,39
9174,P5,26,188
9175,P3,0,0
9176,P4,1,40
9177,P5,26,214
9178,P3,0,0
9179,P4,2,42
9180,P5,24,238
9181,P3,0,0
9182,P4,4,46
9183,P5,25,263
9184,P3,0,0
9185,P4,4,50
9186,P5,24,287
9187,P3,0,0
9188,P4,2,52
9189,P5,20,307
9190,P3,0,0
9191,P4,0,0
9192,P5,0,0
9193,P3,13,13
9194,P4,85,85
9195,P5,5,5
9196,P3,38,51
9197,P4,87,172
9198,P5,2,7
9199,P3,39,90
9200,P4,89,261
9201,P5,1,8
9202,P3,27,117
9203,P4,76,337
9204,P5,5,13
9205,P3,34,151
9206,P4,85,422
9207,P5,3,16
9208,P3,33,184
9209,P4,85,507
9210,P5,1,17
9211,P3,39,223
9212,P4,87,594
9213,P5,2,19
9214,P3,32,255
9215,P4,80,674
9216,P5,8,27
9217,P3,40,295
9218,P4,104,778
9219,P5,6,33
9220,P3,32,327
9221,P4,95,873
9222,P5,1,34
9223,P3,24,351
9224,P4,79,952
9225,P5,0,34
9226,P3,27,378
9227,P4,83,1035
9228,P5,4,38
9229,P3,19,397
9230,P4,86,1121
9231,P5,0,38
9232,P3,49,446
9233,P4,95,1216
9234,P5,4,42
9235,P3,42,488
9236,P4,87,1303
9237,P5,0,42
9238,P3,48,536
9239,P4,91,1394
9240,P5,2,44
9241,P3,39,575
9242,P4,102,1496
9243,P5,4,48
9244,P3,35,610
9245,P4,90,1586
9246,P5,4,52
9247,P3,28,638
9248,P4,78,1664
9249,P5,2,54
9250,P3,41,679
9251,P4,102,1766
9252,P5,2,56
9253,P3,0,0
9254,P4,0,0
9255,P5,0,0
9256,P3,0,0
9257,P4,0,0
9258,P5,30,30
9259,P3,0,0
9260,P4,6,6
9261,P5,23,53
9262,P3,0,0
9263,P4,4,10
9264,P5,34,87
9265,P3,0,0
9266,P4,0,10
9267,P5,29,116
9268,P3,0,0
9269,P4,1,11
9270,P5,28,144
9271,P3,0,0
9272,P4,4,15
9273,P5,29,173
9274,P3,0,0
9275,P4,0,0
9276,P5,0,0
9277,P3,0,0
9278,P4,25,25
9279,P5,4,4
9280,P3,0,0
9281,P4,22,47
9282,P5,1,5
9283,P3,0,0
9284,P4,22,69
9285,P5,2,7
9286,P3,0,0
9287,P4,24,93
9288,P5,2,9
9289,P3,0,0
9290,P4,21,114
9291,P5,0,9
9292,P3,0,0
9293,P4,24,138
9294,P5,3,12
9295,P3,0,0
9296,P4,23,161
9297,P5,1,13
9298,P3,0,0
9299,P4,21,182
9300,P5,1,14
9301,P3,0,0
9302,P4,23,205
9303,P5,4,18
9304,P3,0,0
9305,P4,22,227
9306,P5,5,23
9307,P3,0,0
9308,P4,23,250
9309,P5,2,25
9310,P3,0,0
9311,P4,24,274
9312,P5,2,27
9313,P3,0,0
9314,P4,22,296
9315,P5,4,31
9316,P3,0,0
9317,P4,27,323
9318,P5,3,34
9319,P3,0,0
9320,P4,25,348
9321,P5,3,37
9322,P3,0,0
9323,P4,20,368
9324,P5,2,39
9325,P3,0,0
9326,P4,24,392
9327,P5,3,42
9328,P3,0,0
9329,P4,22,414
9330,P5,0,42
9331,P3,0,0
9332,P4,26,440
9333,P5,4,46
9334,P3,0,0
9335,P4,24,464
9336,P5,3,49
9337,P3,0,0
9338,P4,27,491
9339,P5,0,49
9340,P3,0,0
9341,P4,24,515
9342,P5,0,49
9343,P3,0,0
9344,P4,26,541
9345,P5,3,52
9346,P3,0,0
9347,P4,26,567
9348,P5,3,55
9349,P3,0,0
9350,P4,21,588
9351,P5,2,57
9352,P3,0,0
9353,P4,20,608
9354,P5,3,60
9355,P3,0,0
9356,P4,24,632
9357,P5,0,60
9358,P3,0,0
9359,P4,23,655
9360,P5,2,62
9361,P3,0,0
9362,P4,0,0
9363,P5,0,0
9364,P3,16,16
9365,P4,26,26
9366,P5,0,0
9367,P3,21,37
9368,P4,27,53
9369,P5,0,0
9370,P3,25,62
9371,P4,28,81
9372,P5,2,2
9373,P3,26,88
9374,P4,22,103
9375,P5,0,2
9376,P3,23,111
9377,P4,29,132
9378,P5,1,3
9379,P3,29,140
9380,P4,21,153
9381,P5,1,4
9382,P3,26,166
9383,P4,24,177
9384,P5,1,5
9385,P3,15,181
9386,P4,28,205
9387,P5,2,7
9388,P3,19,200
9389,P4,24,229
9390,P5,1,8
9391,P3,14,214
9392,P4,29,258
9393,P5,0,8
9394,P3,19,233
9395,P4,29,287
9396,P5,0,8
9397,P3,11,244
9398,P4,28,315
9399,P5,2,10
9400,P3,20,264
9401,P4,27,342
9402,P5,0,10
9403,P3,16,280
9404,P4,27,369
9405,P5,1,11
9406,P3,23,303
9407,P4,29,398
9408,P5,1,12
9409,P3,22,325
9410,P4,24,422
9411,P5,0,12
9412,P3,22,347
9413,P4,20,442
9414,P5,1,13
9415,P3,24,371
9416,P4,19,461
9417,P5,2,15
9418,P3,16,387
9419,P4,23,484
9420,P5,0,15
9421,P3,24,411
9422,P4,21,505
9423,P5,1,16
9424,P3,14,425
9425,P4,24,529
9426,P5,0,16
9427,P3,22,447
9428,P4,26,555
9429,P5,0,16
9430,P3,15,462
9431,P4,20,575
9432,P5,2,18
9433,P3,21,483
9434,P4,31,606
9435,P5,2,20
9436,P3,15,498
9437,P4,25,631
9438,P5,0,20
9439,P3,24,522
9440,P4,24,655
9441,P5,1,21
9442,P3,21,543
9443,P4,23,678
9444,P5,2,23
9445,P3,25,568
9446,P4,27,705
9447,P5,1,24
9448,P3,27,595
9449,P4,26,731
9450,P5,1,25
9451,P3,20,615
9452,P4,19,750
9453,P5,2,27
9454,P3,0,0
9455,P4,0,0
9456,P5,0,0
9457,P3,0,0
9458,P4,16,16
9459,P5,0,0
9460,P3,0,0
9461,P4,16,32
9462,P5,0,0
9463,P3,0,0
9464,P4,16,48
9465,P5,0,0
9466,P3,0,0
9467,P4,16,64
9468,P5,0,0
9469,P3,0,0
9470,P4,16,80
9471,P5,0,0
9472,P3,0,0
9473,P4,17,97
9474,P5,0,0
9475,P3,0,0
9476,P4,0,0
9477,P5,0,0
9478,P3,0,0
9479,P4,0,0
9480,P5,16,16
9481,P3,0,0
9482,P4,0,0
9483,P5,16,32
9484,P3,0,0
9485,P4,0,0
9486,P5,16,48
9487,P3,0,0
9488,P4,0,0
9489,P5,16,64
9490,P3,0,0
9491,P4,0,0
9492,P5,16,80
9493,P3,0,0
9494,P4,0,0
9495,P5,16,96
9496,P3,0,0
9497,P4,0,0
9498,P5,0,0
9499,P3,6,6
9500,P4,2,2
9501,P5,8,8
9502,P3,7,13
9503,P4,2,4
9504,P5,4,12
9505,P3,13,26
9506,P4,0,4
9507,P5,15,27
9508,P3,7,33
9509,P4,2,6
9510,P5,12,39
9511,P3,8,41
9512,P4,1,7
9513,P5,17,56
9514,P3,13,54
9515,P4,1,8
9516,P5,15,71
9517,P3,0,0
9518,P4,0,0
9519,P5,0,0
9520,P3,1,1
9521,P4,4,4
9522,P5,32,32
9523,P3,0,1
9524,P4,2,6
9525,P5,24,56
9526,P3,1,2
9527,P4,5,11
9528,P5,27,83
9529,P3,0,2
9530,P4,1,12
9531,P5,24,107
9532,P3,0,2
9533,P4,0,12
9534,P5,26,133
9535,P3,0,2
9536,P4,3,15
9537,P5,32,165
9538,P3,2,4
9539,P4,6,21
9540,P5,28,193
9541,P3,0,4
9542,P4,2,23
9543,P5,28,221
9544,P3,0,4
9545,P4,4,27
9546,P5,22,243
9547,P3,0,4
9548,P4,5,32
9549,P5,28,271
9550,P3,0,4
9551,P4,1,33
9552,P5,21,292
9553,P3,0,4
9554,P4,1,34
9555,P5,24,316
9556,P3,0,4
9557,P4,1,35
9558,P5,22,338
9559,P3,0,4
9560,P4,3,38
9561,P5,31,369
9562,P3,0,4
9563,P4,0,38
9564,P5,27,396
9565,P3,0,0
9566,P4,0,0
9567,P5,0,0
9568,P3,3,3
9569,P4,26,26
9570,P5,3,3
9571,P3,1,4
9572,P4,25,51
9573,P5,2,5
9574,P3,0,4
9575,P4,25,76
9576,P5,1,6
9577,P3,2,6
9578,P4,24,100
9579,P5,2,8
9580,P3,0,6
9581,P4,26,126
9582,P5,3,11
9583,P3,1,7
9584,P4,26,152
9585,P5,4,15
9586,P3,1,8
9587,P4,26,178
9588,P5,1,16
9589,P3,2,10
9590,P4,27,205
9591,P5,1,17
9592,P3,0,10
9593,P4,25,230
9594,P5,2,19
9595,P3,0,10
9596,P4,25,255
9597,P5,2,21
9598,P3,0,0
9599,P4,0,0
9600,P5,0,0
9601,P3,4,4
9602,P4,59,59
9603,P5,0,0
9604,P3,16,20
9605,P4,54,113
9606,P5,0,0
9607,P3,9,29
9608,P4,58,171
9609,P5,0,0
9610,P3,0,0
9611,P4,0,0
9612,P5,0,0
9613,P3,0,0
9614,P4,0,0
9615,P5,25,25
9616,P3,0,0
9617,P4,2,2
9618,P5,16,41
9619,P3,1,1
9620,P4,0,2
9621,P5,25,66
9622,P3,0,1
9623,P4,1,3
9624,P5,31,97
9625,P3,0,1
9626,P4,2,5
9627,P5,27,124
9628,P3,0,1
9629,P4,0,5
9630,P5,27,151
9631,P3,0,1
9632,P4,3,8
9633,P5,25,176
9634,P3,0,1
9635,P4,1,9
9636,P5,24,200
9637,P3,2,3
9638,P4,1,10
9639,P5,22,222
9640,P3,0,3
9641,P4,0,10
9642,P5,28,250
9643,P3,0,3
9644,P4,0,10
9645,P5,26,276
9646,P3,0,3
9647,P4,0,10
9648,P5,28,304
9649,P3,0,3
9650,P4,0,10
9651,P5,30,334
9652,P3,0,3
9653,P4,0,10
9654,P5,29,363
9655,P3,0,3
9656,P4,0,10
9657,P5,27,390
9658,P3,0,3
9659,P4,1,11
9660,P5,29,419
9661,P3,0,3
9662,P4,0,11
9663,P5,28,447
9664,P3,0,3
9665,P4,1,12
9666,P5,21,468
9667,P3,0,3
9668,P4,0,12
9669,P5,24,492
9670,P3,1,4
9671,P4,0,12
9672,P5,27,519
9673,P3,0,4
9674,P4,0,12
9675,P5,25,544
9676,P3,0,4
9677,P4,1,13
9678,P5,21,565
9679,P3,0,4
9680,P4,1,14
9681,P5,26,591
9682,P3,0,4
9683,P4,1,15
9684,P5,28,619
9685,P3,0,4
9686,P4,1,16
9687,P5,27,646
9688,P3,0,4
9689,P4,1,17
9690,P5,29,675
9691,P3,0,4
9692,P4,0,17
9693,P5,21,696
9694,P3,0,4
9695,P4,1,18
9696,P5,23,719
9697,P3,0,4
9698,P4,0,18
9699,P5,18,737
9700,P3,0,4
9701,P4,0,18
9702,P5,32,769
9703,P3,1,5
9704,P4,1,19
9705,P5,20,789
9706,P3,0,5
9707,P4,0,19
9708,P5,27,816
9709,P3,1,6
9710,P4,1,20
9711,P5,27,843
9712,P3,0,6
9713,P4,1,21
9714,P5,24,867
9715,P3,0,6
9716,P4,0,21
9717,P5,25,892
9718,P3,0,6
9719,P4,0,21
9720,P5,23,915
9721,P3,0,6
9722,P4,0,21
9723,P5,30,945
9724,P3,0,6
9725,P4,0,21
9726,P5,25,970
9727,P3,0,6
9728,P4,2,23
9729,P5,26,996
9730,P3,0,6
9731,P4,1,24
9732,P5,24,1020
9733,P3,0,6
9734,P4,1,25
9735,P5,25,1045
9736,P3,0,6
9737,P4,0,25
9738,P5,23,1068
9739,P3,0,6
9740,P4,2,27
9741,P5,27,1095
9742,P3,0,6
9743,P4,0,27
9744,P5,26,1121
9745,P3,0,6
9746,P4,0,27
9747,P5,24,1145
9748,P3,0,6
9749,P4,0,27
9750,P5,27,1172
9751,P3,0,6
9752,P4,1,28
9753,P5,33,1205
9754,P3,0,6
9755,P4,2,30
9756,P5,26,1231
9757,P3,0,6
9758,P4,2,32
9759,P5,25,1256
9760,P3,0,6
9761,P4,0,32
9762,P5,30,1286
9763,P3,0,6
9764,P4,1,33
9765,P5,23,1309
9766,P3,0,6
9767,P4,0,33
9768,P5,24,1333
9769,P3,0,6
9770,P4,0,33
9771,P5,25,1358
9772,P3,0,6
9773,P4,0,33
9774,P5,27,1385
9775,P3,0,0
9776,P4,0,0
9777,P5,0,0
9778,P3,1,1
9779,P4,24,24
9780,P5,3,3
9781,P3,1,2
9782,P4,24,48
9783,P5,1,4
9784,P3,1,3
9785,P4,29,77
9786,P5,1,5
9787,P3,1,4
9788,P4,30,107
9789,P5,0,5
9790,P3,0,4
9791,P4,30,137
9792,P5,1,6
9793,P3,1,5
9794,P4,31,168
9795,P5,1,7
9796,P3,1,6
9797,P4,33,201
9798,P5,2,9
9799,P3,2,8
9800,P4,24,225
9801,P5,1,10
9802,P3,1,9
9803,P4,33,258
9804,P5,1,11
9805,P3,1,10
9806,P4,25,283
9807,P5,1,12
9808,P3,0,0
9809,P4,0,0
9810,P5,0,0
9811,P3,17,17
9812,P4,14,14
9813,P5,0,0
9814,P3,17,34
9815,P4,16,30
9816,P5,0,0
9817,P3,15,49
9818,P4,15,45
9819,P5,0,0
9820,P3,15,64
9821,P4,13,58
9822,P5,0,0
9823,P3,12,76
9824,P4,20,78
9825,P5,0,0
9826,P3,0,0
9827,P4,0,0
9828,P5,0,0
9829,P3,0,0
9830,P4,39,39
9831,P5,0,0
9832,P3,0,0
9833,P4,45,84
9834,P5,1,1
9835,P3,0,0
9836,P4,45,129
9837,P5,0,1
9838,P3,0,0
9839,P4,43,172
9840,P5,0,1
9841,P3,1,1
9842,P4,44,216
9843,P5,0,1
9844,P3,0,1
9845,P4,43,259
9846,P5,0,1
9847,P3,0,1
9848,P4,45,304
9849,P5,1,2
9850,P3,1,2
9851,P4,44,348
9852,P5,1,3
9853,P3,0,2
9854,P4,47,395
9855,P5,0,3
9856,P3,0,2
9857,P4,45,440
9858,P5,0,3
9859,P3,0,2
9860,P4,41,481
9861,P5,0,3
9862,P3,0,2
9863,P4,47,528
9864,P5,0,3
9865,P3,0,2
9866,P4,43,571
9867,P5,0,3
9868,P3,0,2
9869,P4,49,620
9870,P5,1,4
9871,P3,0,2
9872,P4,44,664
9873,P5,0,4
9874,P3,0,2
9875,P4,39,703
9876,P5,0,4
9877,P3,2,4
9878,P4,47,750
9879,P5,0,4
9880,P3,0,4
9881,P4,43,793
9882,P5,0,4
9883,P3,0,0
9884,P4,0,0
9885,P5,0,0
9886,P3,3,3
9887,P4,16,16
9888,P5,0,0
9889,P3,4,7
9890,P4,18,34
9891,P5,0,0
9892,P3,6,13
9893,P4,17,51
9894,P5,0,0
9895,P3,4,17
9896,P4,20,71
9897,P5,0,0
9898,P3,6,23
9899,P4,20,91
9900,P5,0,0
9901,P3,0,0
9902,P4,0,0
9903,P5,0,0
9904,P3,0,0
9905,P4,25,25
9906,P5,4,4
9907,P3,0,0
9908,P4,26,51
9909,P5,5,9
9910,P3,0,0
9911,P4,29,80
9912,P5,2,11
9913,P3,0,0
9914,P4,32,112
9915,P5,7,18
9916,P3,0,0
9917,P4,30,142
9918,P5,3,21
9919,P3,0,0
9920,P4,24,166
9921,P5,5,26
9922,P3,0,0
9923,P4,32,198
9924,P5,4,30
9925,P3,0,0
9926,P4,36,234
9927,P5,5,35
9928,P3,0,0
9929,P4,27,261
9930,P5,8,43
9931,P3,0,0
9932,P4,31,292
9933,P5,6,49
9934,P3,0,0
9935,P4,25,317
9936,P5,3,52
9937,P3,0,0
9938,P4,0,0
9939,P5,0,0
9940,P3,21,21
9941,P4,17,17
9942,P5,0,0
9943,P3,0,0
9944,P4,0,0
9945,P5,0,0
9946,P3,93,93
9947,P4,6,6
9948,P5,17,17
9949,P3,83,176
9950,P4,7,13
9951,P5,14,31
9952,P3,98,274
9953,P4,12,25
9954,P5,21,52
9955,P3,86,360
9956,P4,4,29
9957,P5,17,69
9958,P3,84,444
9959,P4,4,33
9960,P5,20,89
9961,P3,103,547
9962,P4,11,44
9963,P5,15,104
9964,P3,0,0
9965,P4,0,0
9966,P5,0,0
9967,P3,4,4
9968,P4,8,8
9969,P5,25,25
9970,P3,0,4
9971,P4,6,14
9972,P5,24,49
9973,P3,0,4
9974,P4,15,29
9975,P5,25,74
9976,P3,1,5
9977,P4,12,41
9978,P5,23,97
9979,P3,2,7
9980,P4,20,61
9981,P5,26,123
9982,P3,1,8
9983,P4,16,77
9984,P5,24,147
9985,P3,1,9
9986,P4,9,86
9987,P5,28,175
9988,P3,0,9
9989,P4,15,101
9990,P5,25,200
9991,P3,0,0
9992,P4,0,0
9993,P5,0,0
9994,P3,0,0
9995,P4,52,52
9996,P5,6,6
9997,P3,0,0
9998,P4,41,93
9999,P5,4,10
10000,P3,0,0
10001,P4,36,129
10002,P5,1,11
10003,P3,0,0
10004,P4,44,173
10005,P5,0,11
10006,P3,0,0
10007,P4,49,222
10008,P5,5,16
10009,P3,0,0
10010,P4,38,260
10011,P5,6,22
10012,P3,0,0
10013,P4,0,0
10014,P5,0,0
10015,P3,1,1
10016,P4,8,8
10017,P5,11,11
10018,P3,1,2
10019,P4,5,13
10020,P5,12,23
10021,P3,1,3
10022,P4,10,23
10023,P5,8,31
10024,P3,0,3
10025,P4,9,32
10026,P5,7,38
10027,P3,3,6
10028,P4,17,49
10029,P5,4,42
10030,P3,1,7
10031,P4,6,55
10032,P5,11,53
10033,P3,0,7
10034,P4,8,63
10035,P5,10,63
10036,P3,0,0
10037,P4,0,0
10038,P5,0,0
10039,P3,10,10
10040,P4,189,189
10041,P5,3,3
10042,P3,40,50
10043,P4,155,344
10044,P5,3,6
10045,P3,32,82
10046,P4,135,479
10047,P5,3,9
10048,P3,47,129
10049,P4,156,635
10050,P5,3,12
10051,P3,36,165
10052,P4,188,823
10053,P5,2,14
10054,P3,32,197
10055,P4,157,980
10056,P5,2,16
10057,P3,37,234
10058,P4,207,1187
10059,P5,4,20
10060,P3,27,261
10061,P4,172,1359
10062,P5,2,22
10063,P3,23,284
10064,P4,171,1530
10065,P5,5,27
10066,P3,0,0
10067,P4,0,0
10068,P5,0,0
10069,P3,0,0
10070,P4,22,22
10071,P5,19,19
10072,P3,2,2
10073,P4,26,48
10074,P5,19,38
10075,P3,1,3
10076,P4,29,77
10077,P5,18,56
10078,P3,1,4
10079,P4,24,101
10080,P5,18,74
10081,P3,1,5
10082,P4,15,116
10083,P5,15,89
10084,P3,0,5
10085,P4,17,133
10086,P5,15,104
10087,P3,2,7
10088,P4,19,152
10089,P5,18,122
10090,P3,0,7
10091,P4,20,172
10092,P5,16,138
10093,P3,0,7
10094,P4,15,187
10095,P5,16,154
10096,P3,0,7
10097,P4,15,202
10098,P5,18,172
10099,P3,0,7
10100,P4,17,219
10101,P5,18,190
10102,P3,2,9
10103,P4,20,239
10104,P5,15,205
10105,P3,1,10
10106,P4,24,263
10107,P5,15,220
10108,P3,2,12
10109,P4,18,281
10110,P5,21,241
10111,P3,3,15
10112,P4,19,300
10113,P5,15,256
10114,P3,2,17
10115,P4,19,319
10116,P5,18,274
10117,P3,1,18
10118,P4,16,335
10119,P5,20,294
10120,P3,1,19
10121,P4,15,350
10122,P5,16,310
10123,P3,0,19
10124,P4,20,370
10125,P5,18,328
10126,P3,0,19
10127,P4,17,387
10128,P5,18,346
10129,P3,0,19
10130,P4,11,398
10131,P5,18,364
10132,P3,0,19
10133,P4,15,413
10134,P5,18,382
10135,P3,0,19
10136,P4,26,439
10137,P5,14,396
10138,P3,5,24
10139,P4,28,467
10140,P5,19,415
10141,P3,1,25
10142,P4,25,492
10143,P5,18,433
10144,P3,1,26
10145,P4,17,509
10146,P5,18,451
10147,P3,2,28
10148,P4,20,529
10149,P5,17,468
10150,P3,2,30
10151,P4,26,555
10152,P5,17,485
10153,P3,1,31
10154,P4,18,573
10155,P5,17,502
10156,P3,2,33
10157,P4,17,590
10158,P5,14,516
10159,P3,0,33
10160,P4,15,605
10161,P5,17,533
10162,P3,2,35
10163,P4,15,620
10164,P5,15,548
10165,P3,3,38
10166,P4,16,636
10167,P5,20,568
10168,P3,0,38
10169,P4,19,655
10170,P5,17,585
10171,P3,1,39
10172,P4,17,672
10173,P5,19,604
10174,P3,0,39
10175,P4,25,697
10176,P5,18,622
10177,P3,1,40
10178,P4,16,713
10179,P5,18,640
10180,P3,2,42
10181,P4,13,726
10182,P5,21,661
10183,P3,2,44
10184,P4,22,748
10185,P5,17,678
10186,P3,1,45
10187,P4,17,765
10188,P5,15,693
10189,P3,1,46
10190,P4,19,784
10191,P5,18,711
10192,P3,0,46
10193,P4,26,810
10194,P5,15,726
10195,P3,0,46
10196,P4,19,829
10197,P5,15,741
10198,P3,3,49
10199,P4,20,849
10200,P5,21,762
10201,P3,1,50
10202,P4,19,868
10203,P5,16,778
10204,P3,3,53
10205,P4,13,881
10206,P5,18,796
10207,P3,0,0
10208,P4,0,0
10209,P5,0,0
10210,P3,0,0
10211,P4,3,3
10212,P5,36,36
10213,P3,0,0
10214,P4,1,4
10215,P5,32,68
10216,P3,0,0
10217,P4,2,6
10218,P5,36,104
10219,P3,0,0
10220,P4,1,7
10221,P5,34,138
10222,P3,0,0
10223,P4,1,8
10224,P5,36,174
10225,P3,0,0
10226,P4,0,8
10227,P5,37,211
10228,P3,0,0
10229,P4,0,8
10230,P5,41,252
10231,P3,0,0
10232,P4,2,10
10233,P5,33,285
10234,P3,0,0
10235,P4,0,10
10236,P5,31,316
10237,P3,0,0
10238,P4,0,10
10239,P5,31,347
10240,P3,0,0
10241,P4,0,10
10242,P5,33,380
10243,P3,0,0
10244,P4,1,11
10245,P5,28,408
10246,P3,0,0
10247,P4,1,12
10248,P5,32,440
10249,P3,0,0
10250,P4,0,0
10251,P5,0,0
10252,P3,4,4
10253,P4,7,7
10254,P5,20,20
10255,P3,7,11
10256,P4,2,9
10257,P5,23,43
10258,P3,4,15
10259,P4,2,11
10260,P5,21,64
10261,P3,5,20
10262,P4,3,14
10263,P5,27,91
10264,P3,3,23
10265,P4,3,17
10266,P5,26,117
10267,P3,2,25
10268,P4,6,23
10269,P5,29,146
10270,P3,2,27
10271,P4,3,26
10272,P5,23,169
10273,P3,8,35
10274,P4,5,31
10275,P5,23,192
10276,P3,2,37
10277,P4,4,35
10278,P5,23,215
10279,P3,0,37
10280,P4,3,38
10281,P5,25,240
10282,P3,3,40
10283,P4,4,42
10284,P5,19,259
10285,P3,3,43
10286,P4,1,43
10287,P5,24,283
10288,P3,2,45
10289,P4,9,52
10290,P5,24,307
10291,P3,5,50
10292,P4,2,54
10293,P5,24,331
10294,P3,4,54
10295,P4,6,60
10296,P5,25,356
10297,P3,7,61
10298,P4,1,61
10299,P5,22,378
10300,P3,5,66
10301,P4,4,65
10302,P5,23,401
10303,P3,2,68
10304,P4,6,71
10305,P5,20,421
10306,P3,7,75
10307,P4,2,73
10308,P5,19,440
10309,P3,1,76
10310,P4,2,75
10311,P5,25,465
10312,P3,1,77
10313,P4,2,77
10314,P5,22,487
10315,P3,3,80
10316,P4,3,80
10317,P5,21,508
10318,P3,0,0
10319,P4,0,0
10320,P5,0,0
10321,P3,0,0
10322,P4,18,18
10323,P5,16,16
10324,P3,0,0
10325,P4,19,37
10326,P5,24,40
10327,P3,0,0
10328,P4,20,57
10329,P5,17,57
10330,P3,0,0
10331,P4,25,82
10332,P5,14,71
10333,P3,0,0
10334,P4,27,109
10335,P5,15,86
10336,P3,0,0
10337,P4,16,125
10338,P5,20,106
10339,P3,0,0
10340,P4,28,153
10341,P5,12,118
10342,P3,0,0
10343,P4,20,173
10344,P5,12,130
10345,P3,0,0
10346,P4,16,189
10347,P5,21,151
10348,P3,0,0
10349,P4,27,216
10350,P5,10,161
10351,P3,0,0
10352,P4,19,235
10353,P5,23,184
10354,P3,0,0
10355,P4,25,260
10356,P5,14,198
10357,P3,0,0
10358,P4,10,270
10359,P5,25,223
10360,P3,0,0
10361,P4,19,289
10362,P5,20,243
10363,P3,0,0
10364,P4,21,310
10365,P5,14,257
10366,P3,0,0
10367,P4,28,338
10368,P5,12,269
10369,P3,0,0
10370,P4,19,357
10371,P5,20,289
10372,P3,0,0
10373,P4,18,375
10374,P5,21,310
10375,P3,0,0
10376,P4,22,397
10377,P5,19,329
10378,P3,0,0
10379,P4,18,415
10380,P5,17,346
10381,P3,0,0
10382,P4,26,441
10383,P5,14,360
10384,P3,0,0
10385,P4,22,463
10386,P5,16,376
10387,P3,0,0
10388,P4,18,481
10389,P5,17,393
10390,P3,0,0
10391,P4,18,499
10392,P5,19,412
10393,P3,0,0
10394,P4,21,520
10395,P5,17,429
10396,P3,0,0
10397,P4,17,537
10398,P5,20,449
10399,P3,0,0
10400,P4,22,559
10401,P5,21,470
10402,P3,0,0
10403,P4,18,577
10404,P5,21,491
10405,P3,0,0
10406,P4,18,595
10407,P5,18,509
10408,P3,0,0
10409,P4,28,623
10410,P5,14,523
10411,P3,0,0
10412,P4,15,638
10413,P5,17,540
10414,P3,0,0
10415,P4,22,660
10416,P5,13,553
10417,P3,0,0
10418,P4,28,688
10419,P5,15,568
10420,P3,0,0
10421,P4,29,717
10422,P5,19,587
10423,P3,0,0
10424,P4,22,739
10425,P5,14,601
10426,P3,0,0
10427,P4,13,752
10428,P5,23,624
10429,P3,0,0
10430,P4,15,767
10431,P5,15,639
10432,P3,0,0
10433,P4,0,0
10434,P5,0,0
10435,P3,0,0
10436,P4,7,7
10437,P5,11,11
10438,P3,0,0
10439,P4,5,12
10440,P5,11,22
10441,P3,0,0
10442,P4,3,15
10443,P5,16,38
10444,P3,0,0
10445,P4,6,21
10446,P5,11,49
10447,P3,0,0
10448,P4,7,28
10449,P5,10,59
10450,P3,0,0
10451,P4,5,33
10452,P5,13,72
10453,P3,0,0
10454,P4,6,39
10455,P5,15,87
10456,P3,0,0
10457,P4,0,0
10458,P5,0,0
10459,P3,0,0
10460,P4,14,14
10461,P5,2,2
10462,P3,4,4
10463,P4,16,30
10464,P5,3,5
10465,P3,1,5
10466,P4,17,47
10467,P5,2,7
10468,P3,3,8
10469,P4,14,61
10470,P5,6,13
10471,P3,1,9
10472,P4,11,72
10473,P5,1,14
10474,P3,2,11
10475,P4,15,87
10476,P5,1,15
10477,P3,1,12
10478,P4,18,105
10479,P5,2,17
10480,P3,2,14
10481,P4,18,123
10482,P5,3,20
10483,P3,1,15
10484,P4,15,138
10485,P5,4,24
10486,P3,2,17
10487,P4,15,153
10488,P5,2,26
10489,P3,1,18
10490,P4,14,167
10491,P5,0,26
10492,P3,2,20
10493,P4,18,185
10494,P5,1,27
10495,P3,2,22
10496,P4,19,204
10497,P5,2,29
10498,P3,3,25
10499,P4,19,223
10500,P5,5,34
10501,P3,3,28
10502,P4,19,242
10503,P5,6,40
10504,P3,1,29
10505,P4,14,256
10506,P5,3,43
10507,P3,0,29
10508,P4,20,276
10509,P5,5,48
10510,P3,2,31
10511,P4,20,296
10512,P5,2,50
10513,P3,0,31
10514,P4,17,313
10515,P5,1,51
10516,P3,1,32
10517,P4,14,327
10518,P5,1,52
10519,P3,2,34
10520,P4,19,346
10521,P5,5,57
10522,P3,1,35
10523,P4,15,361
10524,P5,3,60
10525,P3,1,36
10526,P4,13,374
10527,P5,5,65
10528,P3,2,38
10529,P4,15,389
10530,P5,0,65
10531,P3,1,39
10532,P4,18,407
10533,P5,5,70
10534,P3,3,42
10535,P4,18,425
10536,P5,0,70
10537,P3,3,45
10538,P4,19,444
10539,P5,0,70
10540,P3,0,45
10541,P4,14,458
10542,P5,3,73
10543,P3,4,49
10544,P4,14,472
10545,P5,3,76
10546,P3,1,50
10547,P4,15,487
10548,P5,2,78
10549,P3,1,51
10550,P4,19,506
10551,P5,3,81
10552,P3,1,52
10553,P4,19,525
10554,P5,1,82
10555,P3,0,52
10556,P4,17,542
10557,P5,4,86
10558,P3,1,53
10559,P4,17,559
10560,P5,2,88
10561,P3,1,54
10562,P4,18,577
10563,P5,1,89
10564,P3,2,56
10565,P4,19,596
10566,P5,1,90
10567,P3,0,56
10568,P4,16,612
10569,P5,1,91
10570,P3,4,60
10571,P4,21,633
10572,P5,1,92
10573,P3,1,61
10574,P4,19,652
10575,P5,0,92
10576,P3,4,65
10577,P4,16,668
10578,P5,4,96
10579,P3,2,67
10580,P4,16,684
10581,P5,4,100
10582,P3,2,69
10583,P4,18,702
10584,P5,1,101
10585,P3,1,70
10586,P4,15,717
10587,P5,0,101
10588,P3,1,71
10589,P4,16,733
10590,P5,9,110
10591,P3,2,73
10592,P4,18,751
10593,P5,0,110
10594,P3,0,73
10595,P4,16,767
10596,P5,1,111
10597,P3,2,75
10598,P4,16,783
10599,P5,0,111
10600,P3,2,77
10601,P4,16,799
10602,P5,3,114
10603,P3,1,78
10604,P4,11,810
10605,P5,3,117
10606,P3,3,81
10607,P4,20,830
10608,P5,1,118
10609,P3,0,0
10610,P4,0,0
10611,P5,0,0
10612,P3,0,0
10613,P4,16,16
10614,P5,0,0
10615,P3,0,0
10616,P4,16,32
10617,P5,0,0
10618,P3,0,0
10619,P4,16,48
10620,P5,0,0
10621,P3,0,0
10622,P4,16,64
10623,P5,0,0
10624,P3,0,0
10625,P4,0,0
10626,P5,0,0
10627,P3,0,0
10628,P4,6,6
10629,P5,26,26
10630,P3,0,0
10631,P4,7,13
10632,P5,25,51
10633,P3,0,0
10634,P4,8,21
10635,P5,24,75
10636,P3,0,0
10637,P4,11,32
10638,P5,21,96
10639,P3,1,1
10640,P4,3,35
10641,P5,29,125
10642,P3,0,1
10643,P4,8,43
10644,P5,24,149
10645,P3,0,0
10646,P4,0,0
10647,P5,0,0
10648,P3,0,0
10649,P4,1,1
10650,P5,39,39
10651,P3,0,0
10652,P4,0,1
10653,P5,37,76
10654,P3,0,0
10655,P4,0,1
10656,P5,44,120
10657,P3,0,0
10658,P4,0,1
10659,P5,39,159
10660,P3,0,0
10661,P4,1,2
10662,P5,44,203
10663,P3,0,0
10664,P4,0,2
10665,P5,33,236
10666,P3,0,0
10667,P4,0,2
10668,P5,35,271
10669,P3,0,0
10670,P4,0,0
10671,P5,0,0
10672,P3,8,8
10673,P4,23,23
10674,P5,10,10
10675,P3,6,14
10676,P4,31,54
10677,P5,11,21
10678,P3,10,24
10679,P4,28,82
10680,P5,11,32
10681,P3,12,36
10682,P4,34,116
10683,P5,11,43
10684,P3,16,52
10685,P4,39,155
10686,P5,8,51
10687,P3,10,62
10688,P4,34,189
10689,P5,8,59
10690,P3,13,75
10691,P4,38,227
10692,P5,5,64
10693,P3,5,80
10694,P4,30,257
10695,P5,8,72
10696,P3,12,92
10697,P4,25,282
10698,P5,9,81
10699,P3,21,113
10700,P4,37,319
10701,P5,6,87
10702,P3,7,120
10703,P4,23,342
10704,P5,8,95
10705,P3,8,128
10706,P4,32,374
10707,P5,10,105
10708,P3,0,0
10709,P4,0,0
10710,P5,0,0
10711,P3,7,7
10712,P4,47,47
10713,P5,0,0
10714,P3,4,11
10715,P4,48,95
10716,P5,0,0
10717,P3,2,13
10718,P4,46,141
10719,P5,0,0
10720,P3,5,18
10721,P4,48,189
10722,P5,0,0
10723,P3,4,22
10724,P4,47,236
10725,P5,0,0
10726,P3,2,24
10727,P4,47,283
10728,P5,0,0
10729,P3,5,29
10730,P4,46,329
10731,P5,0,0
10732,P3,5,34
10733,P4,47,376
10734,P5,0,0
10735,P3,2,36
10736,P4,40,416
10737,P5,0,0
10738,P3,5,41
10739,P4,46,462
10740,P5,0,0
10741,P3,12,53
10742,P4,48,510
10743,P5,0,0
10744,P3,6,59
10745,P4,48,558
10746,P5,0,0
10747,P3,7,66
10748,P4,48,606
10749,P5,0,0
10750,P3,6,72
10751,P4,43,649
10752,P5,0,0
10753,P3,0,0
10754,P4,0,0
10755,P5,0,0
10756,P3,2,2
10757,P4,22,22
10758,P5,2,2
10759,P3,1,3
10760,P4,24,46
10761,P5,2,4
10762,P3,0,3
10763,P4,17,63
10764,P5,6,10
10765,P3,1,4
10766,P4,22,85
10767,P5,8,18
10768,P3,0,4
10769,P4,25,110
10770,P5,4,22
10771,P3,0,4
10772,P4,24,134
10773,P5,5,27
10774,P3,0,4
10775,P4,22,156
10776,P5,8,35
10777,P3,0,4
10778,P4,21,177
10779,P5,5,40
10780,P3,0,4
10781,P4,20,197
10782,P5,4,44
10783,P3,0,4
10784,P4,21,218
10785,P5,7,51
10786,P3,0,4
10787,P4,23,241
10788,P5,5,56
10789,P3,0,4
10790,P4,29,270
10791,P5,8,64
10792,P3,0,4
10793,P4,21,291
10794,P5,9,73
10795,P3,1,5
10796,P4,23,314
10797,P5,7,80
10798,P3,0,5
10799,P4,24,338
10800,P5,4,84
10801,P3,0,5
10802,P4,28,366
10803,P5,2,86
10804,P3,0,5
10805,P4,22,388
10806,P5,4,90
10807,P3,0,5
10808,P4,21,409
10809,P5,6,96
10810,P3,1,6
10811,P4,16,425
10812,P5,3,99
10813,P3,0,6
10814,P4,22,447
10815,P5,3,102
10816,P3,1,7
10817,P4,26,473
10818,P5,4,106
10819,P3,0,7
10820,P4,23,496
10821,P5,5,111
10822,P3,0,7
10823,P4,28,524
10824,P5,3,114
10825,P3,1,8
10826,P4,21,545
10827,P5,6,120
10828,P3,0,8
10829,P4,25,570
10830,P5,1,121
10831,P3,0,0
10832,P4,0,0
10833,P5,0,0
10834,P3,0,0
10835,P4,9,9
10836,P5,7,7
10837,P3,0,0
10838,P4,4,13
10839,P5,12,19
10840,P3,0,0
10841,P4,2,15
10842,P5,14,33
10843,P3,0,0
10844,P4,3,18
10845,P5,13,46
10846,P3,0,0
10847,P4,5,23
10848,P5,11,57
10849,P3,0,0
10850,P4,3,26
10851,P5,15,72
10852,P3,0,0
10853,P4,7,33
10854,P5,10,82
10855,P3,0,0
10856,P4,10,43
10857,P5,11,93
10858,P3,0,0
10859,P4,6,49
10860,P5,13,106
10861,P3,0,0
10862,P4,3,52
10863,P5,14,120
10864,P3,0,0
10865,P4,8,60
10866,P5,11,131
10867,P3,0,0
10868,P4,5,65
10869,P5,12,143
10870,P3,0,0
10871,P4,9,74
10872,P5,10,153
10873,P3,0,0
10874,P4,0,0
10875,P5,0,0
10876,P3,1,1
10877,P4,9,9
10878,P5,10,10
10879,P3,1,2
10880,P4,8,17
10881,P5,17,27
10882,P3,0,2
10883,P4,15,32
10884,P5,8,35
10885,P3,0,2
10886,P4,14,46
10887,P5,12,47
10888,P3,0,2
10889,P4,12,58
10890,P5,14,61
10891,P3,0,2
10892,P4,10,68
10893,P5,16,77
10894,P3,0,2
10895,P4,10,78
10896,P5,14,91
10897,P3,2,4
10898,P4,10,88
10899,P5,14,105
10900,P3,0,4
10901,P4,10,98
10902,P5,7,112
10903,P3,0,4
10904,P4,11,109
10905,P5,7,119
10906,P3,1,5
10907,P4,13,122
10908,P5,4,123
10909,P3,0,5
10910,P4,14,136
10911,P5,2,125
10912,P3,0,0
10913,P4,0,0
10914,P5,0,0
10915,P3,0,0
10916,P4,3,3
10917,P5,16,16
10918,P3,0,0
10919,P4,4,7
10920,P5,16,32
10921,P3,0,0
10922,P4,5,12
10923,P5,16,48
10924,P3,0,0
10925,P4,6,18
10926,P5,17,65
10927,P3,0,0
10928,P4,3,21
10929,P5,17,82
10930,P3,0,0
10931,P4,0,0
10932,P5,0,0
10933,P3,1,1
10934,P4,21,21
10935,P5,5,5
10936,P3,0,1
10937,P4,22,43
10938,P5,15,20
10939,P3,0,1
10940,P4,22,65
10941,P5,9,29
10942,P3,1,2
10943,P4,27,92
10944,P5,8,37
10945,P3,3,5
10946,P4,19,111
10947,P5,11,48
10948,P3,2,7
10949,P4,20,131
10950,P5,8,56
10951,P3,0,7
10952,P4,21,152
10953,P5,10,66
10954,P3,1,8
10955,P4,21,173
10956,P5,7,73
10957,P3,0,8
10958,P4,21,194
10959,P5,10,83
10960,P3,0,8
10961,P4,23,217
10962,P5,9,92
10963,P3,0,8
10964,P4,32,249
10965,P5,5,97
10966,P3,0,8
10967,P4,25,274
10968,P5,7,104
10969,P3,0,8
10970,P4,21,295
10971,P5,7,111
10972,P3,0,8
10973,P4,20,315
10974,P5,10,121
10975,P3,1,9
10976,P4,16,331
10977,P5,8,129
10978,P3,1,10
10979,P4,31,362
10980,P5,12,141
10981,P3,0,10
10982,P4,28,390
10983,P5,7,148
10984,P3,0,10
10985,P4,24,414
10986,P5,12,160
10987,P3,0,10
10988,P4,19,433
10989,P5,5,165
10990,P3,1,11
10991,P4,23,456
10992,P5,8,173
10993,P3,0,11
10994,P4,31,487
10995,P5,9,182
10996,P3,0,11
10997,P4,31,518
10998,P5,13,195
10999,P3,0,11
11000,P4,28,546
11001,P5,12,207
11002,P3,1,12
11003,P4,25,571
11004,P5,8,215
11005,P3,0,12
11006,P4,20,591
11007,P5,11,226
11008,P3,1,13
11009,P4,26,617
11010,P5,12,238
11011,P3,0,13
11012,P4,25,642
11013,P5,8,246
11014,P3,0,13
11015,P4,28,670
11016,P5,7,253
11017,P3,0,13
11018,P4,19,689
11019,P5,10,263
11020,P3,0,13
11021,P4,27,716
11022,P5,11,274
11023,P3,0,13
11024,P4,26,742
11025,P5,9,283
11026,P3,1,14
11027,P4,24,766
11028,P5,8,291
11029,P3,1,15
11030,P4,18,784
11031,P5,5,296
11032,P3,2,17
11033,P4,19,803
11034,P5,10,306
11035,P3,3,20
11036,P4,28,831
11037,P5,10,316
11038,P3,1,21
11039,P4,23,854
11040,P5,11,327
11041,P3,0,21
11042,P4,18,872
11043,P5,5,332
11044,P3,0,21
11045,P4,22,894
11046,P5,8,340
11047,P3,0,21
11048,P4,23,917
11049,P5,10,350
11050,P3,0,21
11051,P4,25,942
11052,P5,10,360
11053,P3,0,21
11054,P4,28,970
11055,P5,11,371
11056,P3,1,22
11057,P4,19,989
11058,P5,11,382
11059,P3,0,22
11060,P4,26,1015
11061,P5,13,395
11062,P3,0,22
11063,P4,28,1043
11064,P5,12,407
11065,P3,0,22
11066,P4,19,1062
11067,P5,7,414
11068,P3,0,22
11069,P4,30,1092
11070,P5,9,423
11071,P3,0,22
11072,P4,23,1115
11073,P5,7,430
11074,P3,1,23
11075,P4,17,1132
11076,P5,6,436
11077,P3,1,24
11078,P4,26,1158
11079,P5,9,445
11080,P3,0,24
11081,P4,16,1174
11082,P5,9,454
11083,P3,0,24
11084,P4,26,1200
11085,P5,7,461
11086,P3,0,24
11087,P4,26,1226
11088,P5,9,470
11089,P3,1,25
11090,P4,20,1246
11091,P5,13,483
11092,P3,1,26
11093,P4,29,1275
11094,P5,9,492
11095,P3,0,26
11096,P4,27,1302
11097,P5,12,504
11098,P3,0,26
11099,P4,25,1327
11100,P5,8,512
11101,P3,0,0
11102,P4,0,0
11103,P5,0,0
11104,P3,8,8
11105,P4,18,18
11106,P5,15,15
11107,P3,0,0
11108,P4,0,0
11109,P5,0,0
11110,P3,0,0
11111,P4,16,16
11112,P5,8,8
11113,P3,4,4
11114,P4,10,26
11115,P5,12,20
11116,P3,1,5
11117,P4,13,39
11118,P5,12,32
11119,P3,0,0
11120,P4,0,0
11121,P5,0,0
11122,P3,0,0
11123,P4,15,15
11124,P5,13,13
11125,P3,0,0
11126,P4,11,26
11127,P5,15,28
11128,P3,1,1
11129,P4,5,31
11130,P5,14,42
11131,P3,0,1
11132,P4,3,34
11133,P5,19,61
11134,P3,0,1
11135,P4,4,38
11136,P5,14,75
11137,P3,1,2
11138,P4,13,51
11139,P5,15,90
11140,P3,0,2
11141,P4,3,54
11142,P5,17,107
11143,P3,0,2
11144,P4,6,60
11145,P5,19,126
11146,P3,0,2
11147,P4,14,74
11148,P5,16,142
11149,P3,0,2
11150,P4,6,80
11151,P5,14,156
11152,P3,2,4
11153,P4,9,89
11154,P5,15,171
11155,P3,0,4
11156,P4,11,100
11157,P5,17,188
11158,P3,0,0
11159,P4,0,0
11160,P5,0,0
11161,P3,0,0
11162,P4,5,5
11163,P5,33,33
11164,P3,0,0
11165,P4,8,13
11166,P5,31,64
11167,P3,0,0
11168,P4,3,16
11169,P5,34,98
11170,P3,0,0
11171,P4,4,20
11172,P5,32,130
11173,P3,0,0
11174,P4,4,24
11175,P5,33,163
11176,P3,0,0
11177,P4,4,28
11178,P5,33,196
11179,P3,0,0
11180,P4,6,34
11181,P5,33,229
11182,P3,0,0
11183,P4,9,43
11184,P5,31,260
11185,P3,0,0
11186,P4,5,48
11187,P5,34,294
11188,P3,0,0
11189,P4,0,0
11190,P5,0,0
11191,P3,0,0
11192,P4,0,0
11193,P5,16,16
11194,P3,0,0
11195,P4,0,0
11196,P5,16,32
11197,P3,0,0
11198,P4,1,1
11199,P5,16,48
11200,P3,0,0
11201,P4,0,1
11202,P5,16,64
11203,P3,0,0
11204,P4,0,1
11205,P5,16,80
11206,P3,0,0
11207,P4,0,1
11208,P5,16,96
11209,P3,0,0
11210,P4,0,1
11211,P5,16,112
11212,P3,0,0
11213,P4,0,1
11214,P5,16,128
11215,P3,0,0
11216,P4,0,1
11217,P5,16,144
11218,P3,0,0
11219,P4,0,1
11220,P5,16,160
11221,P3,0,0
11222,P4,0,1
11223,P5,17,177
11224,P3,0,0
11225,P4,0,1
11226,P5,16,193
11227,P3,0,0
11228,P4,0,1
11229,P5,16,209
11230,P3,0,0
11231,P4,0,1
11232,P5,16,225
11233,P3,0,0
11234,P4,0,1
11235,P5,16,241
11236,P3,0,0
11237,P4,0,1
11238,P5,16,257
11239,P3,0,0
11240,P4,0,1
11241,P5,16,273
11242,P3,0,0
11243,P4,0,1
11244,P5,16,289
11245,P3,0,0
11246,P4,0,0
11247,P5,0,0
11248,P3,1,1
11249,P4,13,13
11250,P5,6,6
11251,P3,0,1
11252,P4,11,24
11253,P5,7,13
11254,P3,1,2
11255,P4,10,34
11256,P5,6,19
11257,P3,0,2
11258,P4,18,52
11259,P5,11,30
11260,P3,0,2
11261,P4,12,64
11262,P5,5,35
11263,P3,0,2
11264,P4,16,80
11265,P5,8,43
11266,P3,2,4
11267,P4,9,89
11268,P5,1,44
11269,P3,1,5
11270,P4,16,105
11271,P5,7,51
11272,P3,5,10
11273,P4,12,117
11274,P5,8,59
11275,P3,2,12
11276,P4,11,128
11277,P5,4,63
11278,P3,0,12
11279,P4,11,139
11280,P5,9,72
11281,P3,1,13
11282,P4,13,152
11283,P5,7,79
11284,P3,0,13
11285,P4,12,164
11286,P5,6,85
11287,P3,3,16
11288,P4,17,181
11289,P5,6,91
11290,P3,0,16
11291,P4,12,193
11292,P5,4,95
11293,P3,3,19
11294,P4,13,206
11295,P5,4,99
11296,P3,2,21
11297,P4,15,221
11298,P5,7,106
11299,P3,1,22
11300,P4,11,232
11301,P5,8,114
11302,P3,0,22
11303,P4,11,243
11304,P5,3,117
11305,P3,0,22
11306,P4,9,252
11307,P5,1,118
11308,P3,0,22
11309,P4,17,269
11310,P5,6,124
11311,P3,1,23
11312,P4,14,283
11313,P5,5,129
11314,P3,2,25
11315,P4,8,291
11316,P5,7,136
11317,P3,1,26
11318,P4,6,297
11319,P5,7,143
11320,P3,1,27
11321,P4,7,304
11322,P5,3,146
11323,P3,1,28
11324,P4,16,320
11325,P5,12,158
11326,P3,1,29
11327,P4,15,335
11328,P5,10,168
11329,P3,0,29
11330,P4,9,344
11331,P5,7,175
11332,P3,0,29
11333,P4,11,355
11334,P5,4,179
11335,P3,0,29
11336,P4,14,369
11337,P5,8,187
11338,P3,2,31
11339,P4,9,378
11340,P5,1,188
11341,P3,1,32
11342,P4,13,391
11343,P5,5,193
11344,P3,0,0
11345,P4,0,0
11346,P5,0,0
11347,P3,0,0
11348,P4,0,0
11349,P5,35,35
11350,P3,0,0
11351,P4,2,2
11352,P5,33,68
11353,P3,0,0
11354,P4,0,0
11355,P5,0,0
11356,P3,4,4
11357,P4,32,32
11358,P5,5,5
11359,P3,2,6
11360,P4,27,59
11361,P5,4,9
11362,P3,1,7
11363,P4,27,86
11364,P5,5,14
11365,P3,2,9
11366,P4,26,112
11367,P5,2,16
11368,P3,2,11
11369,P4,40,152
11370,P5,3,19
11371,P3,3,14
11372,P4,39,191
11373,P5,2,21
11374,P3,11,25
11375,P4,32,223
11376,P5,1,22
11377,P3,7,32
11378,P4,30,253
11379,P5,2,24
11380,P3,4,36
11381,P4,35,288
11382,P5,0,24
11383,P3,6,42
11384,P4,31,319
11385,P5,1,25
11386,P3,3,45
11387,P4,28,347
11388,P5,2,27
11389,P3,5,50
11390,P4,34,381
11391,P5,4,31
11392,P3,4,54
11393,P4,31,412
11394,P5,5,36
11395,P3,3,57
11396,P4,31,443
11397,P5,2,38
11398,P3,3,60
11399,P4,33,476
11400,P5,2,40
11401,P3,4,64
11402,P4,39,515
11403,P5,6,46
11404,P3,6,70
11405,P4,31,546
11406,P5,2,48
11407,P3,9,79
11408,P4,33,579
11409,P5,7,55
11410,P3,5,84
11411,P4,30,609
11412,P5,4,59
11413,P3,8,92
11414,P4,35,644
11415,P5,4,63
11416,P3,3,95
11417,P4,32,676
11418,P5,5,68
11419,P3,3,98
11420,P4,34,710
11421,P5,7,75
11422,P3,1,99
11423,P4,35,745
11424,P5,4,79
11425,P3,13,112
11426,P4,28,773
11427,P5,2,81
11428,P3,3,115
11429,P4,34,807
11430,P5,6,87
11431,P3,0,0
11432,P4,0,0
11433,P5,0,0
11434,P3,0,0
11435,P4,30,30
11436,P5,0,0
11437,P3,0,0
11438,P4,26,56
11439,P5,1,1
11440,P3,0,0
11441,P4,24,80
11442,P5,0,1
11443,P3,0,0
11444,P4,28,108
11445,P5,1,2
11446,P3,0,0
11447,P4,21,129
11448,P5,0,2
11449,P3,0,0
11450,P4,36,165
11451,P5,2,4
11452,P3,0,0
11453,P4,31,196
11454,P5,2,6
11455,P3,0,0
11456,P4,0,0
11457,P5,0,0
11458,P3,6,6
11459,P4,1,1
11460,P5,26,26
11461,P3,4,10
11462,P4,0,1
11463,P5,25,51
11464,P3,5,15
11465,P4,3,4
11466,P5,27,78
11467,P3,11,26
11468,P4,0,4
11469,P5,22,100
11470,P3,6,32
11471,P4,3,7
11472,P5,30,130
11473,P3,5,37
11474,P4,1,8
11475,P5,23,153
11476,P3,5,42
11477,P4,0,8
11478,P5,23,176
11479,P3,5,47
11480,P4,2,10
11481,P5,26,202
11482,P3,5,52
11483,P4,0,10
11484,P5,23,225
11485,P3,9,61
11486,P4,3,13
11487,P5,24,249
11488,P3,0,0
11489,P4,0,0
11490,P5,0,0
11491,P3,0,0
11492,P4,49,49
11493,P5,4,4
11494,P3,12,12
11495,P4,46,95
11496,P5,6,10
11497,P3,1,13
11498,P4,45,140
11499,P5,5,15
11500,P3,8,21
11501,P4,58,198
11502,P5,3,18
11503,P3,3,24
11504,P4,42,240
11505,P5,5,23
11506,P3,1,25
11507,P4,49,289
11508,P5,5,28
11509,P3,0,25
11510,P4,40,329
11511,P5,10,38
11512,P3,6,31
11513,P4,48,377
11514,P5,4,42
11515,P3,3,34
11516,P4,64,441
11517,P5,4,46
11518,P3,5,39
11519,P4,55,496
11520,P5,4,50
11521,P3,6,45
11522,P4,55,551
11523,P5,5,55
11524,P3,0,0
11525,P4,0,0
11526,P5,0,0
11527,P3,2,2
11528,P4,1,1
11529,P5,39,39
11530,P3,0,2
11531,P4,3,4
11532,P5,30,69
11533,P3,1,3
11534,P4,3,7
11535,P5,28,97
11536,P3,0,3
11537,P4,2,9
11538,P5,31,128
11539,P3,1,4
11540,P4,0,9
11541,P5,30,158
11542,P3,0,4
11543,P4,2,11
11544,P5,42,200
11545,P3,0,4
11546,P4,2,13
11547,P5,42,242
11548,P3,0,4
11549,P4,1,14
11550,P5,31,273
11551,P3,0,4
11552,P4,3,17
11553,P5,39,312
11554,P3,0,4
11555,P4,1,18
11556,P5,26,338
11557,P3,1,5
11558,P4,2,20
11559,P5,34,372
11560,P3,0,5
11561,P4,1,21
11562,P5,43,415
11563,P3,3,8
11564,P4,4,25
11565,P5,32,447
11566,P3,0,8
11567,P4,1,26
11568,P5,33,480
11569,P3,0,8
11570,P4,0,26
11571,P5,27,507
11572,P3,0,8
11573,P4,0,26
11574,P5,34,541
11575,P3,2,10
11576,P4,2,28
11577,P5,30,571
11578,P3,0,10
11579,P4,1,29
11580,P5,34,605
11581,P3,0,10
11582,P4,4,33
11583,P5,37,642
11584,P3,0,10
11585,P4,0,33
11586,P5,23,665
11587,P3,0,10
11588,P4,2,35
11589,P5,32,697
11590,P3,0,10
11591,P4,3,38
11592,P5,31,728
11593,P3,2,12
11594,P4,0,38
11595,P5,41,769
11596,P3,2,14
11597,P4,1,39
11598,P5,31,800
11599,P3,1,15
11600,P4,2,41
11601,P5,29,829
11602,P3,0,15
11603,P4,1,42
11604,P5,29,858
11605,P3,0,15
11606,P4,3,45
11607,P5,34,892
11608,P3,3,18
11609,P4,1,46
11610,P5,27,919
11611,P3,1,19
11612,P4,0,46
11613,P5,26,945
11614,P3,0,19
11615,P4,1,47
11616,P5,27,972
11617,P3,3,22
11618,P4,4,51
11619,P5,28,1000
11620,P3,0,22
11621,P4,1,52
11622,P5,32,1032
11623,P3,4,26
11624,P4,0,52
11625,P5,30,1062
11626,P3,0,26
11627,P4,1,53
11628,P5,35,1097
11629,P3,0,26
11630,P4,1,54
11631,P5,37,1134
11632,P3,0,26
11633,P4,3,57
11634,P5,38,1172
11635,P3,2,28
11636,P4,3,60
11637,P5,39,1211
11638,P3,1,29
11639,P4,4,64
11640,P5,39,1250
11641,P3,4,33
11642,P4,0,64
11643,P5,41,1291
11644,P3,1,34
11645,P4,0,64
11646,P5,35,1326
11647,P3,0,34
11648,P4,0,64
11649,P5,31,1357
11650,P3,0,34
11651,P4,0,64
11652,P5,31,1388
11653,P3,2,36
11654,P4,2,66
11655,P5,33,1421
11656,P3,1,37
11657,P4,0,66
11658,P5,30,1451
11659,P3,0,37
11660,P4,2,68
11661,P5,31,1482
11662,P3,0,37
11663,P4,3,71
11664,P5,32,1514
11665,P3,1,38
11666,P4,1,72
11667,P5,33,1547
11668,P3,2,40
11669,P4,2,74
11670,P5,29,1576
11671,P3,0,40
11672,P4,3,77
11673,P5,40,1616
11674,P3,5,45
11675,P4,2,79
11676,P5,40,1656
11677,P3,2,47
11678,P4,3,82
11679,P5,45,1701
11680,P3,0,0
11681,P4,0,0
11682,P5,0,0
11683,P3,48,48
11684,P4,44,44
11685,P5,1,1
11686,P3,42,90
11687,P4,38,82
11688,P5,1,2
11689,P3,45,135
11690,P4,44,126
11691,P5,0,2
11692,P3,44,179
11693,P4,55,181
11694,P5,0,2
11695,P3,46,225
11696,P4,46,227
11697,P5,0,2
11698,P3,50,275
11699,P4,45,272
11700,P5,0,2
11701,P3,41,316
11702,P4,49,321
11703,P5,3,5
11704,P3,40,356
11705,P4,57,378
11706,P5,1,6
11707,P3,54,410
11708,P4,50,428
11709,P5,1,7
11710,P3,0,0
11711,P4,0,0
11712,P5,0,0
11713,P3,20,20
11714,P4,58,58
11715,P5,0,0
11716,P3,40,60
11717,P4,63,121
11718,P5,1,1
11719,P3,32,92
11720,P4,52,173
11721,P5,0,1
11722,P3,31,123
11723,P4,65,238
11724,P5,0,1
11725,P3,38,161
11726,P4,67,305
11727,P5,0,1
11728,P3,45,206
11729,P4,62,367
11730,P5,0,1
11731,P3,42,248
11732,P4,61,428
11733,P5,0,1
11734,P3,65,313
11735,P4,76,504
11736,P5,0,1
11737,P3,50,363
11738,P4,68,572
11739,P5,0,1
11740,P3,58,421
11741,P4,64,636
11742,P5,0,1
11743,P3,61,482
11744,P4,62,698
11745,P5,0,1
11746,P3,48,530
11747,P4,58,756
11748,P5,2,3
11749,P3,48,578
11750,P4,76,832
11751,P5,1,4
11752,P3,49,627
11753,P4,65,897
11754,P5,0,4
11755,P3,29,656
11756,P4,56,953
11757,P5,0,4
11758,P3,30,686
11759,P4,61,1014
11760,P5,0,4
11761,P3,45,731
11762,P4,61,1075
11763,P5,0,4
11764,P3,32,763
11765,P4,62,1137
11766,P5,0,4
11767,P3,43,806
11768,P4,58,1195
11769,P5,0,4
11770,P3,63,869
11771,P4,69,1264
11772,P5,0,4
11773,P3,29,898
11774,P4,57,1321
11775,P5,0,4
11776,P3,45,943
11777,P4,60,1381
11778,P5,0,4
11779,P3,24,967
11780,P4,43,1424
11781,P5,0,4
11782,P3,24,991
11783,P4,50,1474
11784,P5,0,4
11785,P3,51,1042
11786,P4,50,1524
11787,P5,0,4
11788,P3,49,1091
11789,P4,65,1589
11790,P5,1,5
11791,P3,26,1117
11792,P4,53,1642
11793,P5,0,5
11794,P3,48,1165
11795,P4,69,1711
11796,P5,1,6
11797,P3,59,1224
11798,P4,71,1782
11799,P5,2,8
11800,P3,43,1267
11801,P4,59,1841
11802,P5,0,8
11803,P3,56,1323
11804,P4,69,1910
11805,P5,0,8
11806,P3,62,1385
11807,P4,54,1964
11808,P5,1,9
11809,P3,36,1421
11810,P4,51,2015
11811,P5,0,9
11812,P3,59,1480
11813,P4,59,2074
11814,P5,0,9
11815,P3,59,1539
11816,P4,75,2149
11817,P5,0,9
11818,P3,46,1585
11819,P4,54,2203
11820,P5,1,10
11821,P3,36,1621
11822,P4,68,2271
11823,P5,0,10
11824,P3,42,1663
11825,P4,68,2339
11826,P5,0,10
11827,P3,0,0
11828,P4,0,0
11829,P5,0,0
11830,P3,3,3
11831,P4,0,0
11832,P5,13,13
11833,P3,2,5
11834,P4,2,2
11835,P5,14,27
11836,P3,4,9
11837,P4,1,3
11838,P5,14,41
11839,P3,0,0
11840,P4,0,0
11841,P5,0,0
11842,P3,0,0
11843,P4,4,4
11844,P5,35,35
11845,P3,0,0
11846,P4,4,8
11847,P5,30,65
11848,P3,0,0
11849,P4,5,13
11850,P5,25,90
11851,P3,0,0
11852,P4,2,15
11853,P5,32,122
11854,P3,0,0
11855,P4,5,20
11856,P5,28,150
11857,P3,0,0
11858,P4,1,21
11859,P5,36,186
11860,P3,0,0
11861,P4,3,24
11862,P5,33,219
11863,P3,0,0
11864,P4,6,30
11865,P5,33,252
11866,P3,0,0
11867,P4,2,32
11868,P5,30,282
11869,P3,0,0
11870,P4,3,35
11871,P5,31,313
11872,P3,0,0
11873,P4,2,37
11874,P5,37,350
11875,P3,0,0
11876,P4,1,38
11877,P5,30,380
11878,P3,0,0
11879,P4,3,41
11880,P5,33,413
11881,P3,0,0
11882,P4,6,47
11883,P5,24,437
11884,P3,0,0
11885,P4,6,53
11886,P5,28,465
11887,P3,0,0
11888,P4,7,60
11889,P5,31,496
11890,P3,0,0
11891,P4,3,63
11892,P5,36,532
11893,P3,0,0
11894,P4,2,65
11895,P5,29,561
11896,P3,0,0
11897,P4,6,71
11898,P5,30,591
11899,P3,0,0
11900,P4,3,74
11901,P5,33,624
11902,P3,0,0
11903,P4,1,75
11904,P5,26,650
11905,P3,1,1
11906,P4,7,82
11907,P5,38,688
11908,P3,0,1
11909,P4,3,85
11910,P5,34,722
11911,P3,0,1
11912,P4,5,90
11913,P5,36,758
11914,P3,0,1
11915,P4,2,92
11916,P5,32,790
11917,P3,0,1
11918,P4,4,96
11919,P5,36,826
11920,P3,0,1
11921,P4,4,100
11922,P5,41,867
11923,P3,0,1
11924,P4,2,102
11925,P5,31,898
11926,P3,0,1
11927,P4,5,107
11928,P5,29,927
11929,P3,0,1
11930,P4,3,110
11931,P5,30,957
11932,P3,0,1
11933,P4,3,113
11934,P5,32,989
11935,P3,0,1
11936,P4,4,117
11937,P5,35,1024
11938,P3,0,1
11939,P4,3,120
11940,P5,37,1061
11941,P3,0,1
11942,P4,3,123
11943,P5,31,1092
11944,P3,0,1
11945,P4,2,125
11946,P5,34,1126
11947,P3,0,1
11948,P4,2,127
11949,P5,27,1153
11950,P3,0,1
11951,P4,4,131
11952,P5,36,1189
11953,P3,0,1
11954,P4,2,133
11955,P5,33,1222
11956,P3,0,1
11957,P4,9,142
11958,P5,34,1256
11959,P3,0,1
11960,P4,2,144
11961,P5,35,1291
11962,P3,0,1
11963,P4,6,150
11964,P5,32,1323
11965,P3,0,1
11966,P4,4,154
11967,P5,33,1356
11968,P3,0,1
11969,P4,3,157
11970,P5,40,1396
11971,P3,0,1
11972,P4,2,159
11973,P5,42,1438
11974,P3,0,1
11975,P4,1,160
11976,P5,29,1467
11977,P3,0,1
11978,P4,3,163
11979,P5,31,1498
11980,P3,0,1
11981,P4,2,165
11982,P5,29,1527
11983,P3,0,1
11984,P4,4,169
11985,P5,33,1560
11986,P3,0,1
11987,P4,0,169
11988,P5,33,1593
11989,P3,0,1
11990,P4,4,173
11991,P5,32,1625
11992,P3,0,1
11993,P4,0,173
11994,P5,32,1657
11995,P3,0,1
11996,P4,2,175
11997,P5,36,1693
11998,P3,0,1
11999,P4,0,175
12000,P5,35,1728
12001,P3,0,1
12002,P4,1,176
12003,P5,33,1761
12004,P3,0,0
12005,P4,0,0
12006,P5,0,0
12007,P3,0,0
12008,P4,7,7
12009,P5,3,3
12010,P3,0,0
12011,P4,9,16
12012,P5,4,7
12013,P3,0,0
12014,P4,15,31
12015,P5,8,15
12016,P3,0,0
12017,P4,9,40
12018,P5,2,17
12019,P3,1,1
12020,P4,4,44
12021,P5,4,21
12022,P3,0,1
12023,P4,15,59
12024,P5,5,26
12025,P3,0,1
12026,P4,12,71
12027,P5,4,30
12028,P3,1,2
12029,P4,11,82
12030,P5,6,36
12031,P3,0,2
12032,P4,18,100
12033,P5,6,42
12034,P3,0,2
12035,P4,4,104
12036,P5,5,47
12037,P3,0,2
12038,P4,5,109
12039,P5,4,51
12040,P3,0,2
12041,P4,5,114
12042,P5,2,53
12043,P3,1,3
12044,P4,11,125
12045,P5,9,62
12046,P3,0,3
12047,P4,11,136
12048,P5,7,69
12049,P3,0,3
12050,P4,15,151
12051,P5,6,75
12052,P3,0,3
12053,P4,13,164
12054,P5,8,83
12055,P3,0,3
12056,P4,0,164
12057,P5,5,88
12058,P3,0,3
12059,P4,9,173
12060,P5,6,94
12061,P3,0,3
12062,P4,14,187
12063,P5,10,104
12064,P3,1,4
12065,P4,5,192
12066,P5,1,105
12067,P3,0,4
12068,P4,10,202
12069,P5,6,111
12070,P3,0,4
12071,P4,7,209
12072,P5,5,116
12073,P3,1,5
12074,P4,12,221
12075,P5,6,122
12076,P3,0,0
12077,P4,0,0
12078,P5,0,0
12079,P3,0,0
12080,P4,18,18
12081,P5,21,21
12082,P3,0,0
12083,P4,18,36
12084,P5,12,33
12085,P3,0,0
12086,P4,18,54
12087,P5,15,48
12088,P3,0,0
12089,P4,18,72
12090,P5,20,68
12091,P3,0,0
12092,P4,17,89
12093,P5,13,81
12094,P3,0,0
12095,P4,20,109
12096,P5,16,97
12097,P3,0,0
12098,P4,26,135
12099,P5,7,104
12100,P3,0,0
12101,P4,13,148
12102,P5,19,123
12103,P3,0,0
12104,P4,18,166
12105,P5,19,142
12106,P3,0,0
12107,P4,17,183
12108,P5,17,159
12109,P3,0,0
12110,P4,16,199
12111,P5,20,179
12112,P3,0,0
12113,P4,13,212
12114,P5,21,200
12115,P3,0,0
12116,P4,24,236
12117,P5,14,214
12118,P3,0,0
12119,P4,20,256
12120,P5,12,226
12121,P3,0,0
12122,P4,19,275
12123,P5,18,244
12124,P3,0,0
12125,P4,23,298
12126,P5,14,258
12127,P3,1,1
12128,P4,16,314
12129,P5,22,280
12130,P3,0,1
12131,P4,20,334
12132,P5,21,301
12133,P3,0,1
12134,P4,11,345
12135,P5,21,322
12136,P3,0,1
12137,P4,17,362
12138,P5,17,339
12139,P3,0,1
12140,P4,14,376
12141,P5,18,357
12142,P3,0,1
12143,P4,20,396
12144,P5,14,371
12145,P3,0,1
12146,P4,21,417
12147,P5,15,386
12148,P3,0,1
12149,P4,17,434
12150,P5,16,402
12151,P3,0,1
12152,P4,21,455
12153,P5,15,417
12154,P3,0,1
12155,P4,17,472
12156,P5,20,437
12157,P3,0,1
12158,P4,21,493
12159,P5,13,450
12160,P3,0,1
12161,P4,21,514
12162,P5,17,467
12163,P3,0,1
12164,P4,21,535
12165,P5,18,485
12166,P3,0,1
12167,P4,22,557
12168,P5,14,499
12169,P3,0,1
12170,P4,18,575
12171,P5,19,518
12172,P3,0,1
12173,P4,17,592
12174,P5,18,536
12175,P3,0,1
12176,P4,20,612
12177,P5,27,563
12178,P3,1,2
12179,P4,23,635
12180,P5,17,580
12181,P3,0,2
12182,P4,18,653
12183,P5,27,607
12184,P3,0,2
12185,P4,20,673
12186,P5,14,621
12187,P3,0,2
12188,P4,19,692
12189,P5,15,636
12190,P3,0,0
12191,P4,0,0
12192,P5,0,0
12193,P3,2,2
12194,P4,20,20
12195,P5,0,0
12196,P3,0,2
12197,P4,50,70
12198,P5,0,0
12199,P3,5,7
12200,P4,34,104
12201,P5,1,1
12202,P3,1,8
12203,P4,43,147
12204,P5,1,2
12205,P3,5,13
12206,P4,38,185
12207,P5,0,2
12208,P3,0,13
12209,P4,41,226
12210,P5,3,5
12211,P3,5,18
12212,P4,37,263
12213,P5,0,5
12214,P3,1,19
12215,P4,41,304
12216,P5,0,5
12217,P3,9,28
12218,P4,48,352
12219,P5,0,5
12220,P3,7,35
12221,P4,30,382
12222,P5,0,5
12223,P3,2,37
12224,P4,33,415
12225,P5,0,5
12226,P3,4,41
12227,P4,38,453
12228,P5,1,6
12229,P3,0,0
12230,P4,0,0
12231,P5,0,0
12232,P3,0,0
12233,P4,18,18
12234,P5,14,14
12235,P3,1,1
12236,P4,13,31
12237,P5,14,28
12238,P3,7,8
12239,P4,15,46
12240,P5,10,38
12241,P3,4,12
12242,P4,14,60
12243,P5,13,51
12244,P3,0,12
12245,P4,13,73
12246,P5,13,64
12247,P3,0,12
12248,P4,8,81
12249,P5,14,78
12250,P3,1,13
12251,P4,16,97
12252,P5,18,96
12253,P3,1,14
12254,P4,14,111
12255,P5,9,105
12256,P3,2,16
12257,P4,7,118
12258,P5,10,115
12259,P3,3,19
12260,P4,19,137
12261,P5,16,131
12262,P3,3,22
12263,P4,12,149
12264,P5,12,143
12265,P3,0,22
12266,P4,13,162
12267,P5,19,162
12268,P3,0,22
12269,P4,16,178
12270,P5,16,178
12271,P3,0,22
12272,P4,12,190
12273,P5,11,189
12274,P3,0,22
12275,P4,13,203
12276,P5,15,204
12277,P3,0,22
12278,P4,12,215
12279,P5,15,219
12280,P3,5,27
12281,P4,14,229
12282,P5,17,236
12283,P3,1,28
12284,P4,6,235
12285,P5,11,247
12286,P3,2,30
12287,P4,15,250
12288,P5,16,263
12289,P3,1,31
12290,P4,21,271
12291,P5,12,275
12292,P3,1,32
12293,P4,11,282
12294,P5,8,283
12295,P3,4,36
12296,P4,19,301
12297,P5,6,289
12298,P3,4,40
12299,P4,8,309
12300,P5,12,301
12301,P3,1,41
12302,P4,11,320
12303,P5,18,319
12304,P3,0,0
12305,P4,0,0
12306,P5,0,0
12307,P3,2,2
12308,P4,12,12
12309,P5,33,33
12310,P3,0,2
12311,P4,5,17
12312,P5,29,62
12313,P3,1,3
12314,P4,4,21
12315,P5,25,87
12316,P3,0,3
12317,P4,4,25
12318,P5,31,118
12319,P3,0,3
12320,P4,3,28
12321,P5,25,143
12322,P3,1,4
12323,P4,2,30
12324,P5,30,173
12325,P3,0,4
12326,P4,7,37
12327,P5,24,197
12328,P3,1,5
12329,P4,8,45
12330,P5,34,231
12331,P3,3,8
12332,P4,9,54
12333,P5,36,267
12334,P3,0,8
12335,P4,6,60
12336,P5,34,301
12337,P3,1,9
12338,P4,6,66
12339,P5,28,329
12340,P3,1,10
12341,P4,2,68
12342,P5,28,357
12343,P3,0,10
12344,P4,3,71
12345,P5,35,392
12346,P3,1,11
12347,P4,10,81
12348,P5,23,415
12349,P3,0,11
12350,P4,1,82
12351,P5,39,454
12352,P3,0,11
12353,P4,6,88
12354,P5,20,474
12355,P3,1,12
12356,P4,14,102
12357,P5,32,506
12358,P3,2,14
12359,P4,6,108
12360,P5,42,548
12361,P3,1,15
12362,P4,13,121
12363,P5,26,574
12364,P3,3,18
12365,P4,7,128
12366,P5,35,609
12367,P3,2,20
12368,P4,7,135
12369,P5,35,644
12370,P3,3,23
12371,P4,9,144
12372,P5,23,667
12373,P3,0,23
12374,P4,7,151
12375,P5,32,699
12376,P3,0,23
12377,P4,9,160
12378,P5,14,713
12379,P3,1,24
12380,P4,3,163
12381,P5,37,750
12382,P3,0,24
12383,P4,2,165
12384,P5,26,776
12385,P3,1,25
12386,P4,11,176
12387,P5,24,800
12388,P3,2,27
12389,P4,6,182
12390,P5,28,828
12391,P3,2,29
12392,P4,3,185
12393,P5,36,864
12394,P3,0,29
12395,P4,4,189
12396,P5,21,885
12397,P3,0,29
12398,P4,6,195
12399,P5,30,915
12400,P3,0,29
12401,P4,13,208
12402,P5,40,955
12403,P3,0,29
12404,P4,6,214
12405,P5,34,989
12406,P3,0,29
12407,P4,16,230
12408,P5,28,1017
12409,P3,0,29
12410,P4,5,235
12411,P5,27,1044
12412,P3,1,30
12413,P4,2,237
12414,P5,30,1074
12415,P3,1,31
12416,P4,7,244
12417,P5,42,1116
12418,P3,0,31
12419,P4,5,249
12420,P5,39,1155
12421,P3,0,31
12422,P4,11,260
12423,P5,24,1179
12424,P3,0,0
12425,P4,0,0
12426,P5,0,0
12427,P3,0,0
12428,P4,51,51
12429,P5,0,0
12430,P3,0,0
12431,P4,36,87
12432,P5,1,1
12433,P3,0,0
12434,P4,29,116
12435,P5,0,1
12436,P3,0,0
12437,P4,48,164
12438,P5,0,1
12439,P3,0,0
12440,P4,36,200
12441,P5,2,3
12442,P3,0,0
12443,P4,40,240
12444,P5,2,5
12445,P3,1,1
12446,P4,40,280
12447,P5,0,5
12448,P3,0,1
12449,P4,47,327
12450,P5,0,5
12451,P3,0,1
12452,P4,48,375
12453,P5,1,6
12454,P3,0,1
12455,P4,45,420
12456,P5,0,6
12457,P3,0,1
12458,P4,45,465
12459,P5,0,6
12460,P3,0,1
12461,P4,41,506
12462,P5,0,6
12463,P3,0,1
12464,P4,48,554
12465,P5,0,6
12466,P3,1,2
12467,P4,44,598
12468,P5,1,7
12469,P3,0,2
12470,P4,43,641
12471,P5,0,7
12472,P3,1,3
12473,P4,46,687
12474,P5,0,7
12475,P3,1,4
12476,P4,50,737
12477,P5,0,7
12478,P3,0,4
12479,P4,59,796
12480,P5,1,8
12481,P3,0,4
12482,P4,42,838
12483,P5,0,8
12484,P3,0,4
12485,P4,49,887
12486,P5,0,8
12487,P3,0,4
12488,P4,46,933
12489,P5,0,8
12490,P3,0,4
12491,P4,39,972
12492,P5,0,8
12493,P3,0,4
12494,P4,59,1031
12495,P5,0,8
12496,P3,0,4
12497,P4,58,1089
12498,P5,1,9
12499,P3,0,4
12500,P4,47,1136
12501,P5,0,9
12502,P3,0,4
12503,P4,42,1178
12504,P5,2,11
12505,P3,0,4
12506,P4,47,1225
12507,P5,0,11
12508,P3,1,5
12509,P4,44,1269
12510,P5,0,11
12511,P3,0,5
12512,P4,33,1302
12513,P5,0,11
12514,P3,0,5
12515,P4,49,1351
12516,P5,0,11
12517,P3,0,5
12518,P4,54,1405
12519,P5,0,11
12520,P3,0,5
12521,P4,47,1452
12522,P5,1,12
12523,P3,0,5
12524,P4,44,1496
12525,P5,2,14
12526,P3,0,5
12527,P4,45,1541
12528,P5,3,17
12529,P3,0,5
12530,P4,48,1589
12531,P5,0,17
12532,P3,0,0
12533,P4,0,0
12534,P5,0,0
12535,P3,0,0
12536,P4,2,2
12537,P5,17,17
12538,P3,0,0
12539,P4,4,6
12540,P5,16,33
12541,P3,0,0
12542,P4,1,7
12543,P5,16,49
12544,P3,0,0
12545,P4,1,8
12546,P5,17,66
12547,P3,0,0
12548,P4,4,12
12549,P5,17,83
12550,P3,0,0
12551,P4,3,15
12552,P5,17,100
12553,P3,0,0
12554,P4,2,17
12555,P5,16,116
12556,P3,0,0
12557,P4,3,20
12558,P5,16,132
12559,P3,0,0
12560,P4,0,20
12561,P5,17,149
12562,P3,0,0
12563,P4,2,22
12564,P5,19,168
12565,P3,0,0
12566,P4,2,24
12567,P5,16,184
12568,P3,0,0
12569,P4,1,25
12570,P5,16,200
12571,P3,0,0
12572,P4,2,27
12573,P5,17,217
12574,P3,0,0
12575,P4,1,28
12576,P5,17,234
12577,P3,0,0
12578,P4,2,30
12579,P5,16,250
12580,P3,0,0
12581,P4,2,32
12582,P5,16,266
12583,P3,0,0
12584,P4,4,36
12585,P5,16,282
12586,P3,0,0
12587,P4,2,38
12588,P5,18,300
12589,P3,0,0
12590,P4,1,39
12591,P5,17,317
12592,P3,0,0
12593,P4,1,40
12594,P5,16,333
12595,P3,0,0
12596,P4,0,40
12597,P5,16,349
12598,P3,0,0
12599,P4,0,40
12600,P5,16,365
12601,P3,0,0
12602,P4,3,43
12603,P5,16,381
12604,P3,0,0
12605,P4,1,44
12606,P5,16,397
12607,P3,0,0
12608,P4,3,47
12609,P5,17,414
12610,P3,0,0
12611,P4,3,50
12612,P5,16,430
12613,P3,0,0
12614,P4,1,51
12615,P5,17,447
12616,P3,0,0
12617,P4,3,54
12618,P5,19,466
12619,P3,0,0
12620,P4,2,56
12621,P5,16,482
12622,P3,0,0
12623,P4,0,56
12624,P5,19,501
12625,P3,0,0
12626,P4,2,58
12627,P5,17,518
12628,P3,0,0
12629,P4,2,60
12630,P5,16,534
12631,P3,0,0
12632,P4,2,62
12633,P5,17,551
12634,P3,0,0
12635,P4,4,66
12636,P5,18,569
12637,P3,0,0
12638,P4,2,68
12639,P5,16,585
12640,P3,0,0
12641,P4,4,72
12642,P5,16,601
12643,P3,0,0
12644,P4,4,76
12645,P5,17,618
12646,P3,0,0
12647,P4,0,76
12648,P5,16,634
12649,P3,0,0
12650,P4,3,79
12651,P5,16,650
12652,P3,0,0
12653,P4,0,79
12654,P5,16,666
12655,P3,0,0
12656,P4,4,83
12657,P5,17,683
12658,P3,0,0
12659,P4,0,83
12660,P5,18,701
12661,P3,0,0
12662,P4,1,84
12663,P5,17,718
12664,P3,0,0
12665,P4,4,88
12666,P5,17,735
12667,P3,0,0
12668,P4,3,91
12669,P5,17,752
12670,P3,0,0
12671,P4,2,93
12672,P5,16,768
12673,P3,0,0
12674,P4,4,97
12675,P5,17,785
12676,P3,0,0
12677,P4,1,98
12678,P5,16,801
12679,P3,0,0
12680,P4,2,100
12681,P5,16,817
12682,P3,0,0
12683,P4,0,100
12684,P5,17,834
12685,P3,0,0
12686,P4,0,100
12687,P5,16,850
12688,P3,0,0
12689,P4,3,103
12690,P5,17,867
12691,P3,0,0
12692,P4,3,106
12693,P5,16,883
12694,P3,0,0
12695,P4,1,107
12696,P5,16,899
12697,P3,0,0
12698,P4,0,0
12699,P5,0,0
12700,P3,22,22
12701,P4,0,0
12702,P5,26,26
12703,P3,30,52
12704,P4,0,0
12705,P5,34,60
12706,P3,28,80
12707,P4,0,0
12708,P5,28,88
12709,P3,26,106
12710,P4,0,0
12711,P5,28,116
12712,P3,32,138
12713,P4,0,0
12714,P5,33,149
12715,P3,26,164
12716,P4,0,0
12717,P5,28,177
12718,P3,29,193
12719,P4,0,0
12720,P5,27,204
12721,P3,29,222
12722,P4,0,0
12723,P5,29,233
12724,P3,28,250
12725,P4,0,0
12726,P5,35,268
12727,P3,23,273
12728,P4,0,0
12729,P5,32,300
12730,P3,26,299
12731,P4,0,0
12732,P5,35,335
12733,P3,30,329
12734,P4,0,0
12735,P5,30,365
12736,P3,32,361
12737,P4,0,0
12738,P5,29,394
12739,P3,36,397
12740,P4,0,0
12741,P5,30,424
12742,P3,32,429
12743,P4,0,0
12744,P5,37,461
12745,P3,32,461
12746,P4,0,0
12747,P5,31,492
12748,P3,33,494
12749,P4,0,0
12750,P5,27,519
12751,P3,30,524
12752,P4,0,0
12753,P5,30,549
12754,P3,30,554
12755,P4,0,0
12756,P5,31,580
12757,P3,31,585
12758,P4,0,0
12759,P5,32,612
12760,P3,35,620
12761,P4,0,0
12762,P5,31,643
12763,P3,27,647
12764,P4,0,0
12765,P5,38,681
12766,P3,31,678
12767,P4,0,0
12768,P5,32,713
12769,P3,0,0
12770,P4,0,0
12771,P5,0,0
12772,P3,3,3
12773,P4,15,15
12774,P5,10,10
12775,P3,3,6
12776,P4,12,27
12777,P5,10,20
12778,P3,0,6
12779,P4,12,39
12780,P5,6,26
12781,P3,0,6
12782,P4,16,55
12783,P5,9,35
12784,P3,1,7
12785,P4,15,70
12786,P5,9,44
12787,P3,1,8
12788,P4,12,82
12789,P5,13,57
12790,P3,1,9
12791,P4,13,95
12792,P5,14,71
12793,P3,1,10
12794,P4,14,109
12795,P5,13,84
12796,P3,1,11
12797,P4,14,123
12798,P5,12,96
12799,P3,3,14
12800,P4,14,137
12801,P5,10,106
12802,P3,0,14
12803,P4,13,150
12804,P5,16,122
12805,P3,2,16
12806,P4,17,167
12807,P5,9,131
12808,P3,1,17
12809,P4,14,181
12810,P5,11,142
12811,P3,4,21
12812,P4,17,198
12813,P5,15,157
12814,P3,2,23
12815,P4,12,210
12816,P5,8,165
12817,P3,2,25
12818,P4,13,223
12819,P5,10,175
12820,P3,2,27
12821,P4,19,242
12822,P5,11,186
12823,P3,3,30
12824,P4,13,255
12825,P5,16,202
12826,P3,1,31
12827,P4,10,265
12828,P5,10,212
12829,P3,1,32
12830,P4,14,279
12831,P5,10,222
12832,P3,1,33
12833,P4,15,294
12834,P5,10,232
12835,P3,1,34
12836,P4,16,310
12837,P5,14,246
12838,P3,2,36
12839,P4,18,328
12840,P5,14,260
12841,P3,4,40
12842,P4,17,345
12843,P5,10,270
12844,P3,1,41
12845,P4,12,357
12846,P5,13,283
12847,P3,1,42
12848,P4,16,373
12849,P5,13,296
12850,P3,3,45
12851,P4,16,389
12852,P5,12,308
12853,P3,3,48
12854,P4,12,401
12855,P5,14,322
12856,P3,1,49
12857,P4,16,417
12858,P5,15,337
12859,P3,0,0
12860,P4,0,0
12861,P5,0,0
12862,P3,0,0
12863,P4,44,44
12864,P5,15,15
12865,P3,0,0
12866,P4,35,79
12867,P5,9,24
12868,P3,0,0
12869,P4,36,115
12870,P5,7,31
12871,P3,0,0
12872,P4,43,158
12873,P5,11,42
12874,P3,0,0
12875,P4,44,202
12876,P5,7,49
12877,P3,0,0
12878,P4,40,242
12879,P5,11,60
12880,P3,0,0
12881,P4,47,289
12882,P5,6,66
12883,P3,0,0
12884,P4,56,345
12885,P5,4,70
12886,P3,0,0
12887,P4,41,386
12888,P5,8,78
12889,P3,0,0
12890,P4,50,436
12891,P5,10,88
12892,P3,0,0
12893,P4,41,477
12894,P5,6,94
12895,P3,0,0
12896,P4,48,525
12897,P5,11,105
12898,P3,0,0
12899,P4,42,567
12900,P5,9,114
12901,P3,0,0
12902,P4,45,612
12903,P5,6,120
12904,P3,0,0
12905,P4,45,657
12906,P5,12,132
12907,P3,0,0
12908,P4,42,699
12909,P5,10,142
12910,P3,0,0
12911,P4,43,742
12912,P5,10,152
12913,P3,0,0
12914,P4,48,790
12915,P5,8,160
12916,P3,0,0
12917,P4,42,832
12918,P5,12,172
12919,P3,0,0
12920,P4,47,879
12921,P5,9,181
12922,P3,0,0
12923,P4,41,920
12924,P5,14,195
12925,P3,0,0
12926,P4,44,964
12927,P5,5,200
12928,P3,0,0
12929,P4,50,1014
12930,P5,5,205
12931,P3,0,0
12932,P4,46,1060
12933,P5,10,215
12934,P3,0,0
12935,P4,50,1110
12936,P5,8,223
12937,P3,0,0
12938,P4,46,1156
12939,P5,10,233
12940,P3,0,0
12941,P4,48,1204
12942,P5,7,240
12943,P3,0,0
12944,P4,54,1258
12945,P5,11,251
12946,P3,0,0
12947,P4,45,1303
12948,P5,7,258
12949,P3,0,0
12950,P4,41,1344
12951,P5,8,266
12952,P3,0,0
12953,P4,47,1391
12954,P5,9,275
12955,P3,0,0
12956,P4,49,1440
12957,P5,8,283
12958,P3,0,0
12959,P4,53,1493
12960,P5,7,290
12961,P3,0,0
12962,P4,45,1538
12963,P5,8,298
12964,P3,0,0
12965,P4,54,1592
12966,P5,9,307
12967,P3,0,0
12968,P4,52,1644
12969,P5,5,312
12970,P3,0,0
12971,P4,40,1684
12972,P5,9,321
12973,P3,0,0
12974,P4,55,1739
12975,P5,8,329
12976,P3,0,0
12977,P4,37,1776
12978,P5,11,340
12979,P3,0,0
12980,P4,43,1819
12981,P5,8,348
12982,P3,0,0
12983,P4,44,1863
12984,P5,12,360
12985,P3,0,0
12986,P4,38,1901
12987,P5,8,368
12988,P3,0,0
12989,P4,38,1939
12990,P5,9,377
12991,P3,0,0
12992,P4,38,1977
12993,P5,7,384
12994,P3,0,0
12995,P4,61,2038
12996,P5,8,392
12997,P3,0,0
12998,P4,52,2090
12999,P5,10,402
13000,P3,0,0
13001,P4,45,2135
13002,P5,6,408
13003,P3,0,0
13004,P4,49,2184
13005,P5,6,414
13006,P3,0,0
13007,P4,52,2236
13008,P5,7,421
13009,P3,0,0
13010,P4,0,0
13011,P5,0,0
13012,P3,19,19
13013,P4,11,11
13014,P5,0,0
13015,P3,18,37
13016,P4,6,17
13017,P5,1,1
13018,P3,12,49
13019,P4,7,24
13020,P5,0,1
13021,P3,19,68
13022,P4,2,26
13023,P5,2,3
13024,P3,16,84
13025,P4,6,32
13026,P5,2,5
13027,P3,0,0
13028,P4,0,0
13029,P5,0,0
13030,P3,15,15
13031,P4,2,2
13032,P5,8,8
13033,P3,14,29
13034,P4,1,3
13035,P5,9,17
13036,P3,18,47
13037,P4,2,5
13038,P5,11,28
13039,P3,18,65
13040,P4,2,7
13041,P5,8,36
13042,P3,19,84
13043,P4,1,8
13044,P5,10,46
13045,P3,14,98
13046,P4,1,9
13047,P5,5,51
13048,P3,15,113
13049,P4,2,11
13050,P5,13,64
13051,P3,19,132
13052,P4,2,13
13053,P5,13,77
13054,P3,20,152
13055,P4,3,16
13056,P5,12,89
13057,P3,18,170
13058,P4,2,18
13059,P5,10,99
13060,P3,18,188
13061,P4,2,20
13062,P5,14,113
13063,P3,0,0
13064,P4,0,0
13065,P5,0,0
13066,P3,3,3
13067,P4,1,1
13068,P5,24,24
13069,P3,16,19
13070,P4,5,6
13071,P5,36,60
13072,P3,2,21
13073,P4,1,7
13074,P5,30,90
13075,P3,8,29
13076,P4,3,10
13077,P5,25,115
13078,P3,7,36
13079,P4,0,10
13080,P5,24,139
13081,P3,6,42
13082,P4,3,13
13083,P5,29,168
13084,P3,7,49
13085,P4,1,14
13086,P5,32,200
13087,P3,8,57
13088,P4,4,18
13089,P5,33,233
13090,P3,7,64
13091,P4,2,20
13092,P5,28,261
13093,P3,9,73
13094,P4,4,24
13095,P5,34,295
13096,P3,4,77
13097,P4,3,27
13098,P5,32,327
13099,P3,8,85
13100,P4,4,31
13101,P5,27,354
13102,P3,10,95
13103,P4,3,34
13104,P5,24,378
13105,P3,3,98
13106,P4,3,37
13107,P5,30,408
13108,P3,4,102
13109,P4,5,42
13110,P5,29,437
13111,P3,10,112
13112,P4,1,43
13113,P5,23,460
13114,P3,6,118
13115,P4,2,45
13116,P5,24,484
13117,P3,4,122
13118,P4,2,47
13119,P5,37,521
13120,P3,6,128
13121,P4,1,48
13122,P5,24,545
13123,P3,6,134
13124,P4,0,48
13125,P5,28,573
13126,P3,4,138
13127,P4,2,50
13128,P5,27,600
13129,P3,6,144
13130,P4,1,51
13131,P5,33,633
13132,P3,0,0
13133,P4,0,0
13134,P5,0,0
13135,P3,0,0
13136,P4,3,3
13137,P5,18,18
13138,P3,0,0
13139,P4,1,4
13140,P5,18,36
13141,P3,0,0
13142,P4,2,6
13143,P5,17,53
13144,P3,0,0
13145,P4,2,8
13146,P5,16,69
13147,P3,0,0
13148,P4,2,10
13149,P5,18,87
13150,P3,0,0
13151,P4,2,12
13152,P5,17,104
13153,P3,0,0
13154,P4,2,14
13155,P5,17,121
13156,P3,0,0
13157,P4,10,24
13158,P5,17,138
13159,P3,0,0
13160,P4,5,29
13161,P5,17,155
13162,P3,0,0
13163,P4,1,30
13164,P5,16,171
13165,P3,0,0
13166,P4,3,33
13167,P5,17,188
13168,P3,0,0
13169,P4,2,35
13170,P5,16,204
13171,P3,0,0
13172,P4,3,38
13173,P5,18,222
13174,P3,0,0
13175,P4,5,43
13176,P5,16,238
13177,P3,0,0
13178,P4,6,49
13179,P5,16,254
13180,P3,0,0
13181,P4,4,53
13182,P5,17,271
13183,P3,0,0
13184,P4,4,57
13185,P5,16,287
13186,P3,0,0
13187,P4,7,64
13188,P5,16,303
13189,P3,0,0
13190,P4,5,69
13191,P5,16,319
13192,P3,0,0
13193,P4,3,72
13194,P5,19,338
13195,P3,0,0
13196,P4,6,78
13197,P5,17,355
13198,P3,0,0
13199,P4,6,84
13200,P5,17,372
13201,P3,0,0
13202,P4,1,85
13203,P5,17,389
13204,P3,0,0
13205,P4,0,85
13206,P5,18,407
13207,P3,0,0
13208,P4,1,86
13209,P5,17,424
13210,P3,0,0
13211,P4,2,88
13212,P5,16,440
13213,P3,0,0
13214,P4,3,91
13215,P5,18,458
13216,P3,0,0
13217,P4,6,97
13218,P5,18,476
13219,P3,0,0
13220,P4,0,0
13221,P5,0,0
13222,P3,0,0
13223,P4,0,0
13224,P5,16,16
13225,P3,0,0
13226,P4,0,0
13227,P5,16,32
13228,P3,0,0
13229,P4,0,0
13230,P5,18,50
13231,P3,0,0
13232,P4,0,0
13233,P5,16,66
13234,P3,0,0
13235,P4,0,0
13236,P5,16,82
13237,P3,0,0
13238,P4,0,0
13239,P5,16,98
13240,P3,0,0
13241,P4,0,0
13242,P5,16,114
13243,P3,0,0
13244,P4,0,0
13245,P5,16,130
13246,P3,0,0
13247,P4,0,0
13248,P5,17,147
13249,P3,0,0
13250,P4,0,0
13251,P5,16,163
13252,P3,0,0
13253,P4,0,0
13254,P5,16,179
13255,P3,0,0
13256,P4,0,0
13257,P5,16,195
13258,P3,0,0
13259,P4,0,0
13260,P5,16,211
13261,P3,0,0
13262,P4,0,0
13263,P5,16,227
13264,P3,0,0
13265,P4,0,0
13266,P5,17,244
13267,P3,0,0
13268,P4,0,0
13269,P5,16,260
13270,P3,0,0
13271,P4,0,0
13272,P5,16,276
13273,P3,0,0
13274,P4,0,0
13275,P5,16,292
13276,P3,0,0
13277,P4,0,0
13278,P5,0,0
13279,P3,0,0
13280,P4,23,23
13281,P5,24,24
13282,P3,0,0
13283,P4,25,48
13284,P5,20,44
13285,P3,0,0
13286,P4,19,67
13287,P5,27,71
13288,P3,0,0
13289,P4,24,91
13290,P5,23,94
13291,P3,0,0
13292,P4,19,110
13293,P5,20,114
13294,P3,0,0
13295,P4,21,131
13296,P5,26,140
13297,P3,0,0
13298,P4,18,149
13299,P5,20,160
13300,P3,0,0
13301,P4,24,173
13302,P5,24,184
13303,P3,0,0
13304,P4,13,186
13305,P5,24,208
13306,P3,0,0
13307,P4,19,205
13308,P5,28,236
13309,P3,0,0
13310,P4,15,220
13311,P5,21,257
13312,P3,0,0
13313,P4,25,245
13314,P5,22,279
13315,P3,0,0
13316,P4,27,272
13317,P5,23,302
13318,P3,0,0
13319,P4,22,294
13320,P5,30,332
13321,P3,0,0
13322,P4,24,318
13323,P5,25,357
13324,P3,0,0
13325,P4,25,343
13326,P5,25,382
13327,P3,0,0
13328,P4,24,367
13329,P5,28,410
13330,P3,0,0
13331,P4,21,388
13332,P5,24,434
13333,P3,0,0
13334,P4,27,415
13335,P5,26,460
13336,P3,0,0
13337,P4,24,439
13338,P5,22,482
13339,P3,0,0
13340,P4,28,467
13341,P5,23,505
13342,P3,0,0
13343,P4,24,491
13344,P5,23,528
13345,P3,0,0
13346,P4,21,512
13347,P5,21,549
13348,P3,0,0
13349,P4,22,534
13350,P5,28,577
13351,P3,0,0
13352,P4,22,556
13353,P5,23,600
13354,P3,0,0
13355,P4,23,579
13356,P5,24,624
13357,P3,0,0
13358,P4,28,607
13359,P5,29,653
13360,P3,0,0
13361,P4,20,627
13362,P5,24,677
13363,P3,0,0
13364,P4,23,650
13365,P5,23,700
13366,P3,0,0
13367,P4,24,674
13368,P5,21,721
13369,P3,0,0
13370,P4,22,696
13371,P5,25,746
13372,P3,0,0
13373,P4,19,715
13374,P5,25,771
13375,P3,0,0
13376,P4,17,732
13377,P5,25,796
13378,P3,0,0
13379,P4,22,754
13380,P5,27,823
13381,P3,0,0
13382,P4,23,777
13383,P5,20,843
13384,P3,0,0
13385,P4,20,797
13386,P5,23,866
13387,P3,0,0
13388,P4,24,821
13389,P5,25,891
13390,P3,0,0
13391,P4,16,837
13392,P5,23,914
13393,P3,0,0
13394,P4,29,866
13395,P5,24,938
13396,P3,0,0
13397,P4,23,889
13398,P5,29,967
13399,P3,0,0
13400,P4,22,911
13401,P5,28,995
13402,P3,0,0
13403,P4,17,928
13404,P5,18,1013
13405,P3,0,0
13406,P4,21,949
13407,P5,23,1036
13408,P3,0,0
13409,P4,0,0
13410,P5,0,0
13411,P3,0,0
13412,P4,39,39
13413,P5,10,10
13414,P3,0,0
13415,P4,35,74
13416,P5,12,22
13417,P3,0,0
13418,P4,25,99
13419,P5,5,27
13420,P3,0,0
13421,P4,33,132
13422,P5,10,37
13423,P3,0,0
13424,P4,26,158
13425,P5,10,47
13426,P3,2,2
13427,P4,24,182
13428,P5,5,52
13429,P3,1,3
13430,P4,37,219
13431,P5,10,62
13432,P3,2,5
13433,P4,26,245
13434,P5,3,65
13435,P3,0,5
13436,P4,30,275
13437,P5,3,68
13438,P3,0,5
13439,P4,23,298
13440,P5,11,79
13441,P3,1,6
13442,P4,24,322
13443,P5,4,83
13444,P3,0,6
13445,P4,28,350
13446,P5,7,90
13447,P3,1,7
13448,P4,27,377
13449,P5,6,96
13450,P3,2,9
13451,P4,32,409
13452,P5,2,98
13453,P3,0,9
13454,P4,35,444
13455,P5,8,106
13456,P3,0,9
13457,P4,29,473
13458,P5,9,115
13459,P3,0,9
13460,P4,31,504
13461,P5,10,125
13462,P3,0,9
13463,P4,33,537
13464,P5,6,131
13465,P3,3,12
13466,P4,25,562
13467,P5,10,141
13468,P3,0,12
13469,P4,32,594
13470,P5,9,150
13471,P3,1,13
13472,P4,28,622
13473,P5,9,159
13474,P3,0,13
13475,P4,28,650
13476,P5,8,167
13477,P3,2,15
13478,P4,24,674
13479,P5,13,180
13480,P3,0,15
13481,P4,31,705
13482,P5,10,190
13483,P3,0,15
13484,P4,31,736
13485,P5,9,199
13486,P3,0,15
13487,P4,28,764
13488,P5,10,209
13489,P3,2,17
13490,P4,23,787
13491,P5,10,219
13492,P3,0,17
13493,P4,30,817
13494,P5,5,224
13495,P3,0,17
13496,P4,33,850
13497,P5,6,230
13498,P3,0,17
13499,P4,28,878
13500,P5,5,235
13501,P3,0,17
13502,P4,30,908
13503,P5,5,240
13504,P3,0,17
13505,P4,30,938
13506,P5,6,246
13507,P3,0,0
13508,P4,0,0
13509,P5,0,0
13510,P3,0,0
13511,P4,13,13
13512,P5,4,4
13513,P3,0,0
13514,P4,12,25
13515,P5,5,9
13516,P3,0,0
13517,P4,14,39
13518,P5,2,11
13519,P3,0,0
13520,P4,12,51
13521,P5,5,16
13522,P3,0,0
13523,P4,12,63
13524,P5,4,20
13525,P3,0,0
13526,P4,0,0
13527,P5,0,0
13528,P3,0,0
13529,P4,0,0
13530,P5,12,12
13531,P3,0,0
13532,P4,0,0
13533,P5,12,24
13534,P3,0,0
13535,P4,0,0
13536,P5,8,32
13537,P3,0,0
13538,P4,0,0
13539,P5,8,40
13540,P3,0,0
13541,P4,0,0
13542,P5,13,53
13543,P3,0,0
13544,P4,0,0
13545,P5,8,61
13546,P3,0,0
13547,P4,0,0
13548,P5,10,71
13549,P3,0,0
13550,P4,0,0
13551,P5,9,80
13552,P3,0,0
13553,P4,0,0
13554,P5,11,91
13555,P3,0,0
13556,P4,0,0
13557,P5,10,101
13558,P3,0,0
13559,P4,0,0
13560,P5,11,112
13561,P3,0,0
13562,P4,0,0
13563,P5,11,123
13564,P3,0,0
13565,P4,0,0
13566,P5,11,134
13567,P3,0,0
13568,P4,0,0
13569,P5,12,146
13570,P3,0,0
13571,P4,0,0
13572,P5,0,0
13573,P3,2,2
13574,P4,39,39
13575,P5,6,6
13576,P3,1,3
13577,P4,44,83
13578,P5,10,16
13579,P3,3,6
13580,P4,37,120
13581,P5,15,31
13582,P3,0,6
13583,P4,35,155
13584,P5,5,36
13585,P3,0,6
13586,P4,42,197
13587,P5,5,41
13588,P3,4,10
13589,P4,41,238
13590,P5,6,47
13591,P3,3,13
13592,P4,40,278
13593,P5,11,58
13594,P3,3,16
13595,P4,37,315
13596,P5,7,65
13597,P3,2,18
13598,P4,38,353
13599,P5,5,70
13600,P3,0,18
13601,P4,38,391
13602,P5,4,74
13603,P3,2,20
13604,P4,41,432
13605,P5,4,78
13606,P3,0,20
13607,P4,34,466
13608,P5,9,87
13609,P3,3,23
13610,P4,38,504
13611,P5,9,96
13612,P3,3,26
13613,P4,40,544
13614,P5,7,103
13615,P3,4,30
13616,P4,38,582
13617,P5,6,109
13618,P3,5,35
13619,P4,37,619
13620,P5,7,116
13621,P3,2,37
13622,P4,40,659
13623,P5,7,123
13624,P3,2,39
13625,P4,36,695
13626,P5,10,133
13627,P3,2,41
13628,P4,39,734
13629,P5,4,137
13630,P3,0,0
13631,P4,0,0
13632,P5,0,0
13633,P3,0,0
13634,P4,44,44
13635,P5,8,8
13636,P3,0,0
13637,P4,28,72
13638,P5,11,19
13639,P3,0,0
13640,P4,34,106
13641,P5,7,26
13642,P3,0,0
13643,P4,28,134
13644,P5,12,38
13645,P3,0,0
13646,P4,31,165
13647,P5,8,46
13648,P3,0,0
13649,P4,41,206
13650,P5,8,54
13651,P3,0,0
13652,P4,44,250
13653,P5,9,63
13654,P3,0,0
13655,P4,24,274
13656,P5,9,72
13657,P3,0,0
13658,P4,38,312
13659,P5,7,79
13660,P3,0,0
13661,P4,0,0
13662,P5,0,0
13663,P3,0,0
13664,P4,14,14
13665,P5,47,47
13666,P3,0,0
13667,P4,16,30
13668,P5,42,89
13669,P3,0,0
13670,P4,8,38
13671,P5,39,128
13672,P3,0,0
13673,P4,17,55
13674,P5,34,162
13675,P3,0,0
13676,P4,7,62
13677,P5,41,203
13678,P3,0,0
13679,P4,11,73
13680,P5,45,248
13681,P3,0,0
13682,P4,12,85
13683,P5,35,283
13684,P3,0,0
13685,P4,24,109
13686,P5,36,319
13687,P3,0,0
13688,P4,9,118
13689,P5,34,353
13690,P3,0,0
13691,P4,12,130
13692,P5,41,394
13693,P3,0,0
13694,P4,14,144
13695,P5,42,436
13696,P3,0,0
13697,P4,0,0
13698,P5,0,0
13699,P3,15,15
13700,P4,20,20
13701,P5,1,1
13702,P3,17,32
13703,P4,24,44
13704,P5,3,4
13705,P3,17,49
13706,P4,21,65
13707,P5,2,6
13708,P3,15,64
13709,P4,23,88
13710,P5,1,7
13711,P3,20,84
13712,P4,31,119
13713,P5,4,11
13714,P3,19,103
13715,P4,19,138
13716,P5,3,14
13717,P3,9,112
13718,P4,10,148
13719,P5,4,18
13720,P3,21,133
13721,P4,25,173
13722,P5,3,21
13723,P3,11,144
13724,P4,25,198
13725,P5,1,22
13726,P3,13,157
13727,P4,22,220
13728,P5,2,24
13729,P3,17,174
13730,P4,23,243
13731,P5,2,26
13732,P3,12,186
13733,P4,15,258
13734,P5,0,26
13735,P3,15,201
13736,P4,29,287
13737,P5,0,26
13738,P3,10,211
13739,P4,16,303
13740,P5,4,30
13741,P3,21,232
13742,P4,27,330
13743,P5,1,31
13744,P3,18,250
13745,P4,30,360
13746,P5,1,32
13747,P3,22,272
13748,P4,32,392
13749,P5,2,34
13750,P3,12,284
13751,P4,19,411
13752,P5,3,37
13753,P3,19,303
13754,P4,19,430
13755,P5,2,39
13756,P3,23,326
13757,P4,21,451
13758,P5,2,41
13759,P3,14,340
13760,P4,34,485
13761,P5,1,42
13762,P3,24,364
13763,P4,27,512
13764,P5,1,43
13765,P3,21,385
13766,P4,23,535
13767,P5,3,46
13768,P3,15,400
13769,P4,23,558
13770,P5,2,48
13771,P3,14,414
13772,P4,20,578
13773,P5,3,51
13774,P3,13,427
13775,P4,21,599
13776,P5,3,54
13777,P3,22,449
13778,P4,33,632
13779,P5,0,54
13780,P3,18,467
13781,P4,28,660
13782,P5,1,55
13783,P3,14,481
13784,P4,30,690
13785,P5,2,57
13786,P3,23,504
13787,P4,31,721
13788,P5,1,58
13789,P3,14,518
13790,P4,16,737
13791,P5,1,59
13792,P3,16,534
13793,P4,23,760
13794,P5,1,60
13795,P3,17,551
13796,P4,20,780
13797,P5,4,64
13798,P3,11,562
13799,P4,17,797
13800,P5,2,66
13801,P3,16,578
13802,P4,16,813
13803,P5,4,70
13804,P3,18,596
13805,P4,26,839
13806,P5,3,73
13807,P3,15,611
13808,P4,18,857
13809,P5,1,74
13810,P3,12,623
13811,P4,28,885
13812,P5,2,76
13813,P3,9,632
13814,P4,16,901
13815,P5,2,78
13816,P3,0,0
13817,P4,0,0
13818,P5,0,0
13819,P3,20,20
13820,P4,0,0
13821,P5,21,21
13822,P3,21,41
13823,P4,2,2
13824,P5,32,53
13825,P3,21,62
13826,P4,1,3
13827,P5,34,87
13828,P3,20,82
13829,P4,3,6
13830,P5,25,112
13831,P3,19,101
13832,P4,2,8
13833,P5,36,148
13834,P3,22,123
13835,P4,0,8
13836,P5,27,175
13837,P3,23,146
13838,P4,2,10
13839,P5,40,215
13840,P3,25,171
13841,P4,0,10
13842,P5,28,243
13843,P3,0,0
13844,P4,0,0
13845,P5,0,0
13846,P3,71,71
13847,P4,2,2
13848,P5,86,86
13849,P3,81,152
13850,P4,1,3
13851,P5,110,196
13852,P3,0,0
13853,P4,0,0
13854,P5,0,0
13855,P3,0,0
13856,P4,76,76
13857,P5,14,14
13858,P3,0,0
13859,P4,70,146
13860,P5,20,34
13861,P3,0,0
13862,P4,80,226
13863,P5,18,52
13864,P3,0,0
13865,P4,78,304
13866,P5,18,70
13867,P3,0,0
13868,P4,73,377
13869,P5,21,91
13870,P3,0,0
13871,P4,61,438
13872,P5,21,112
13873,P3,0,0
13874,P4,0,0
13875,P5,0,0
13876,P3,0,0
13877,P4,6,6
13878,P5,12,12
13879,P3,0,0
13880,P4,9,15
13881,P5,17,29
13882,P3,0,0
13883,P4,12,27
13884,P5,15,44
13885,P3,0,0
13886,P4,7,34
13887,P5,16,60
13888,P3,0,0
13889,P4,5,39
13890,P5,16,76
13891,P3,0,0
13892,P4,14,53
13893,P5,12,88
13894,P3,0,0
13895,P4,8,61
13896,P5,11,99
13897,P3,0,0
13898,P4,1,62
13899,P5,14,113
13900,P3,0,0
13901,P4,8,70
13902,P5,14,127
13903,P3,0,0
13904,P4,3,73
13905,P5,13,140
13906,P3,0,0
13907,P4,7,80
13908,P5,15,155
13909,P3,0,0
13910,P4,3,83
13911,P5,14,169
13912,P3,0,0
13913,P4,7,90
13914,P5,16,185
13915,P3,0,0
13916,P4,9,99
13917,P5,13,198
13918,P3,0,0
13919,P4,3,102
13920,P5,16,214
13921,P3,0,0
13922,P4,8,110
13923,P5,13,227
13924,P3,0,0
13925,P4,11,121
13926,P5,8,235
13927,P3,0,0
13928,P4,12,133
13929,P5,14,249
13930,P3,0,0
13931,P4,0,0
13932,P5,0,0
13933,P3,2,2
13934,P4,25,25
13935,P5,23,23
13936,P3,1,3
13937,P4,27,52
13938,P5,23,46
13939,P3,0,3
13940,P4,27,79
13941,P5,20,66
13942,P3,0,3
13943,P4,27,106
13944,P5,18,84
13945,P3,0,3
13946,P4,27,133
13947,P5,22,106
13948,P3,2,5
13949,P4,28,161
13950,P5,25,131
13951,P3,0,5
13952,P4,32,193
13953,P5,23,154
13954,P3,0,5
13955,P4,38,231
13956,P5,24,178
13957,P3,1,6
13958,P4,27,258
13959,P5,26,204
13960,P3,0,6
13961,P4,31,289
13962,P5,25,229
13963,P3,1,7
13964,P4,25,314
13965,P5,27,256
13966,P3,1,8
13967,P4,28,342
13968,P5,23,279
13969,P3,3,11
13970,P4,37,379
13971,P5,20,299
13972,P3,2,13
13973,P4,27,406
13974,P5,21,320
13975,P3,0,13
13976,P4,20,426
13977,P5,27,347
13978,P3,4,17
13979,P4,32,458
13980,P5,22,369
13981,P3,1,18
13982,P4,32,490
13983,P5,19,388
13984,P3,2,20
13985,P4,41,531
13986,P5,22,410
13987,P3,2,22
13988,P4,37,568
13989,P5,26,436
13990,P3,2,24
13991,P4,25,593
13992,P5,18,454
13993,P3,1,25
13994,P4,27,620
13995,P5,24,478
13996,P3,2,27
13997,P4,20,640
13998,P5,20,498
13999,P3,1,28
14000,P4,27,667
14001,P5,20,518
14002,P3,0,28
14003,P4,30,697
14004,P5,22,540
14005,P3,0,28
14006,P4,29,726
14007,P5,22,562
14008,P3,0,28
14009,P4,22,748
14010,P5,16,578
14011,P3,1,29
14012,P4,31,779
14013,P5,20,598
14014,P3,2,31
14015,P4,27,806
14016,P5,19,617
14017,P3,0,31
14018,P4,26,832
14019,P5,23,640
14020,P3,1,32
14021,P4,26,858
14022,P5,22,662
14023,P3,0,32
14024,P4,24,882
14025,P5,23,685
14026,P3,2,34
14027,P4,22,904
14028,P5,21,706
14029,P3,1,35
14030,P4,26,930
14031,P5,25,731
14032,P3,2,37
14033,P4,22,952
14034,P5,21,752
14035,P3,0,37
14036,P4,26,978
14037,P5,29,781
14038,P3,0,37
14039,P4,31,1009
14040,P5,23,804
14041,P3,1,38
14042,P4,26,1035
14043,P5,21,825
14044,P3,3,41
14045,P4,26,1061
14046,P5,23,848
14047,P3,0,41
14048,P4,25,1086
14049,P5,19,867
14050,P3,2,43
14051,P4,31,1117
14052,P5,19,886
14053,P3,0,43
14054,P4,19,1136
14055,P5,21,907
14056,P3,1,44
14057,P4,26,1162
14058,P5,23,930
14059,P3,3,47
14060,P4,30,1192
14061,P5,22,952
14062,P3,1,48
14063,P4,30,1222
14064,P5,27,979
14065,P3,1,49
14066,P4,27,1249
14067,P5,20,999
14068,P3,4,53
14069,P4,31,1280
14070,P5,21,1020
14071,P3,1,54
14072,P4,29,1309
14073,P5,21,1041
14074,P3,2,56
14075,P4,23,1332
14076,P5,21,1062
14077,P3,4,60
14078,P4,26,1358
14079,P5,21,1083
14080,P3,0,0
14081,P4,0,0
14082,P5,0,0
14083,P3,11,11
14084,P4,32,32
14085,P5,11,11
14086,P3,8,19
14087,P4,39,71
14088,P5,11,22
14089,P3,9,28
14090,P4,41,112
14091,P5,11,33
14092,P3,6,34
14093,P4,42,154
14094,P5,11,44
14095,P3,10,44
14096,P4,46,200
14097,P5,9,53
14098,P3,6,50
14099,P4,51,251
14100,P5,8,61
14101,P3,7,57
14102,P4,33,284
14103,P5,13,74
14104,P3,0,0
14105,P4,0,0
14106,P5,0,0
14107,P3,16,16
14108,P4,30,30
14109,P5,2,2
14110,P3,17,33
14111,P4,33,63
14112,P5,6,8
14113,P3,17,50
14114,P4,37,100
14115,P5,5,13
14116,P3,25,75
14117,P4,34,134
14118,P5,2,15
14119,P3,14,89
14120,P4,39,173
14121,P5,3,18
14122,P3,24,113
14123,P4,32,205
14124,P5,1,19
14125,P3,26,139
14126,P4,38,243
14127,P5,2,21
14128,P3,18,157
14129,P4,36,279
14130,P5,6,27
14131,P3,28,185
14132,P4,33,312
14133,P5,3,30
14134,P3,24,209
14135,P4,32,344
14136,P5,1,31
14137,P3,21,230
14138,P4,30,374
14139,P5,2,33
14140,P3,24,254
14141,P4,34,408
14142,P5,1,34
14143,P3,21,275
14144,P4,32,440
14145,P5,2,36
14146,P3,13,288
14147,P4,32,472
14148,P5,2,38
14149,P3,29,317
14150,P4,36,508
14151,P5,1,39
14152,P3,13,330
14153,P4,37,545
14154,P5,4,43
14155,P3,23,353
14156,P4,35,580
14157,P5,4,47
14158,P3,23,376
14159,P4,37,617
14160,P5,1,48
14161,P3,22,398
14162,P4,39,656
14163,P5,3,51
14164,P3,20,418
14165,P4,42,698
14166,P5,6,57
14167,P3,19,437
14168,P4,32,730
14169,P5,5,62
14170,P3,20,457
14171,P4,37,767
14172,P5,3,65
14173,P3,0,0
14174,P4,0,0
14175,P5,0,0
14176,P3,0,0
14177,P4,0,0
14178,P5,16,16
14179,P3,2,2
14180,P4,0,0
14181,P5,16,32
14182,P3,0,2
14183,P4,0,0
14184,P5,16,48
14185,P3,0,0
14186,P4,0,0
14187,P5,0,0
14188,P3,0,0
14189,P4,41,41
14190,P5,11,11
14191,P3,0,0
14192,P4,36,77
14193,P5,12,23
14194,P3,0,0
14195,P4,36,113
14196,P5,10,33
14197,P3,0,0
14198,P4,40,153
14199,P5,15,48
14200,P3,0,0
14201,P4,51,204
14202,P5,10,58
14203,P3,0,0
14204,P4,37,241
14205,P5,16,74
14206,P3,0,0
14207,P4,45,286
14208,P5,10,84
14209,P3,0,0
14210,P4,50,336
14211,P5,5,89
14212,P3,0,0
14213,P4,49,385
14214,P5,10,99
14215,P3,0,0
14216,P4,46,431
14217,P5,13,112
14218,P3,0,0
14219,P4,51,482
14220,P5,11,123
14221,P3,0,0
14222,P4,53,535
14223,P5,8,131
14224,P3,0,0
14225,P4,48,583
14226,P5,11,142
14227,P3,0,0
14228,P4,52,635
14229,P5,11,153
14230,P3,0,0
14231,P4,49,684
14232,P5,10,163
14233,P3,0,0
14234,P4,45,729
14235,P5,11,174
14236,P3,0,0
14237,P4,54,783
14238,P5,11,185
14239,P3,0,0
14240,P4,47,830
14241,P5,12,197
14242,P3,0,0
14243,P4,49,879
14244,P5,9,206
14245,P3,0,0
14246,P4,48,927
14247,P5,10,216
14248,P3,0,0
14249,P4,47,974
14250,P5,12,228
14251,P3,0,0
14252,P4,54,1028
14253,P5,13,241
14254,P3,0,0
14255,P4,50,1078
14256,P5,11,252
14257,P3,0,0
14258,P4,47,1125
14259,P5,12,264
14260,P3,0,0
14261,P4,55,1180
14262,P5,11,275
14263,P3,0,0
14264,P4,49,1229
14265,P5,20,295
14266,P3,0,0
14267,P4,52,1281
14268,P5,6,301
14269,P3,0,0
14270,P4,47,1328
14271,P5,12,313
14272,P3,0,0
14273,P4,0,0
14274,P5,0,0
14275,P3,0,0
14276,P4,0,0
14277,P5,16,16
14278,P3,0,0
14279,P4,1,1
14280,P5,16,32
14281,P3,0,0
14282,P4,0,1
14283,P5,16,48
14284,P3,0,0
14285,P4,0,1
14286,P5,16,64
14287,P3,0,0
14288,P4,1,2
14289,P5,16,80
14290,P3,0,0
14291,P4,0,2
14292,P5,16,96
14293,P3,0,0
14294,P4,0,0
14295,P5,0,0
14296,P3,0,0
14297,P4,18,18
14298,P5,31,31
14299,P3,1,1
14300,P4,17,35
14301,P5,25,56
14302,P3,0,1
14303,P4,7,42
14304,P5,34,90
14305,P3,0,1
14306,P4,12,54
14307,P5,29,119
14308,P3,0,1
14309,P4,15,69
14310,P5,23,142
14311,P3,1,2
14312,P4,14,83
14313,P5,29,171
14314,P3,2,4
14315,P4,9,92
14316,P5,30,201
14317,P3,1,5
14318,P4,8,100
14319,P5,26,227
14320,P3,0,5
14321,P4,16,116
14322,P5,27,254
14323,P3,2,7
14324,P4,11,127
14325,P5,33,287
14326,P3,1,8
14327,P4,13,140
14328,P5,22,309
14329,P3,0,8
14330,P4,13,153
14331,P5,31,340
14332,P3,0,8
14333,P4,14,167
14334,P5,27,367
14335,P3,0,8
14336,P4,8,175
14337,P5,33,400
14338,P3,3,11
14339,P4,13,188
14340,P5,37,437
14341,P3,1,12
14342,P4,11,199
14343,P5,18,455
14344,P3,0,12
14345,P4,17,216
14346,P5,36,491
14347,P3,0,12
14348,P4,10,226
14349,P5,25,516
14350,P3,0,12
14351,P4,8,234
14352,P5,27,543
14353,P3,1,13
14354,P4,18,252
14355,P5,32,575
14356,P3,2,15
14357,P4,16,268
14358,P5,34,609
14359,P3,1,16
14360,P4,8,276
14361,P5,26,635
14362,P3,3,19
14363,P4,13,289
14364,P5,24,659
14365,P3,1,20
14366,P4,18,307
14367,P5,26,685
14368,P3,3,23
14369,P4,26,333
14370,P5,23,708
14371,P3,0,23
14372,P4,15,348
14373,P5,26,734
14374,P3,0,23
14375,P4,17,365
14376,P5,39,773
14377,P3,0,23
14378,P4,28,393
14379,P5,37,810
14380,P3,1,24
14381,P4,12,405
14382,P5,31,841
14383,P3,0,24
14384,P4,19,424
14385,P5,32,873
14386,P3,0,24
14387,P4,10,434
14388,P5,29,902
14389,P3,0,24
14390,P4,12,446
14391,P5,25,927
14392,P3,0,24
14393,P4,18,464
14394,P5,20,947
14395,P3,2,26
14396,P4,18,482
14397,P5,28,975
14398,P3,0,26
14399,P4,8,490
14400,P5,33,1008
14401,P3,0,26
14402,P4,10,500
14403,P5,28,1036
14404,P3,0,26
14405,P4,11,511
14406,P5,38,1074
14407,P3,0,26
14408,P4,22,533
14409,P5,24,1098
14410,P3,2,28
14411,P4,19,552
14412,P5,19,1117
14413,P3,0,28
14414,P4,18,570
14415,P5,29,1146
14416,P3,0,28
14417,P4,9,579
14418,P5,26,1172
14419,P3,0,28
14420,P4,18,597
14421,P5,26,1198
14422,P3,0,28
14423,P4,17,614
14424,P5,25,1223
14425,P3,0,28
14426,P4,11,625
14427,P5,32,1255
14428,P3,0,28
14429,P4,18,643
14430,P5,38,1293
14431,P3,0,28
14432,P4,9,652
14433,P5,25,1318
14434,P3,0,28
14435,P4,7,659
14436,P5,32,1350
14437,P3,0,28
14438,P4,21,680
14439,P5,24,1374
14440,P3,1,29
14441,P4,6,686
14442,P5,35,1409
14443,P3,0,29
14444,P4,9,695
14445,P5,35,1444
14446,P3,0,29
14447,P4,7,702
14448,P5,36,1480
14449,P3,0,29
14450,P4,11,713
14451,P5,35,1515
14452,P3,0,29
14453,P4,6,719
14454,P5,26,1541
14455,P3,7,36
14456,P4,18,737
14457,P5,21,1562
14458,P3,0,0
14459,P4,0,0
14460,P5,0,0
14461,P3,5,5
14462,P4,24,24
14463,P5,4,4
14464,P3,2,7
14465,P4,22,46
14466,P5,5,9
14467,P3,12,19
14468,P4,22,68
14469,P5,9,18
14470,P3,5,24
14471,P4,21,89
14472,P5,12,30
14473,P3,6,30
14474,P4,24,113
14475,P5,9,39
14476,P3,7,37
14477,P4,26,139
14478,P5,7,46
14479,P3,3,40
14480,P4,16,155
14481,P5,8,54
14482,P3,5,45
14483,P4,25,180
14484,P5,12,66
14485,P3,7,52
14486,P4,21,201
14487,P5,6,72
14488,P3,6,58
14489,P4,22,223
14490,P5,7,79
14491,P3,7,65
14492,P4,24,247
14493,P5,10,89
14494,P3,11,76
14495,P4,20,267
14496,P5,9,98
14497,P3,9,85
14498,P4,22,289
14499,P5,4,102
14500,P3,9,94
14501,P4,25,314
14502,P5,9,111
14503,P3,8,102
14504,P4,24,338
14505,P5,8,119
14506,P3,10,112
14507,P4,24,362
14508,P5,6,125
14509,P3,8,120
14510,P4,24,386
14511,P5,8,133
14512,P3,4,124
14513,P4,31,417
14514,P5,8,141
14515,P3,6,130
14516,P4,29,446
14517,P5,8,149
14518,P3,5,135
14519,P4,26,472
14520,P5,7,156
14521,P3,13,148
14522,P4,28,500
14523,P5,8,164
14524,P3,4,152
14525,P4,22,522
14526,P5,9,173
14527,P3,5,157
14528,P4,21,543
14529,P5,10,183
14530,P3,6,163
14531,P4,27,570
14532,P5,10,193
14533,P3,4,167
14534,P4,28,598
14535,P5,5,198
14536,P3,3,170
14537,P4,20,618
14538,P5,9,207
14539,P3,7,177
14540,P4,24,642
14541,P5,10,217
14542,P3,5,182
14543,P4,18,660
14544,P5,13,230
14545,P3,9,191
14546,P4,22,682
14547,P5,9,239
14548,P3,0,0
14549,P4,0,0
14550,P5,0,0
14551,P3,0,0
14552,P4,33,33
14553,P5,7,7
14554,P3,0,0
14555,P4,23,56
14556,P5,7,14
14557,P3,3,3
14558,P4,30,86
14559,P5,4,18
14560,P3,0,3
14561,P4,29,115
14562,P5,10,28
14563,P3,0,3
14564,P4,23,138
14565,P5,5,33
14566,P3,0,0
14567,P4,0,0
14568,P5,0,0
14569,P3,0,0
14570,P4,0,0
14571,P5,16,16
14572,P3,10,10
14573,P4,0,0
14574,P5,16,32
14575,P3,1,11
14576,P4,0,0
14577,P5,16,48
14578,P3,0,11
14579,P4,0,0
14580,P5,16,64
14581,P3,1,12
14582,P4,0,0
14583,P5,16,80
14584,P3,1,13
14585,P4,0,0
14586,P5,16,96
14587,P3,0,13
14588,P4,0,0
14589,P5,16,112
14590,P3,2,15
14591,P4,0,0
14592,P5,16,128
14593,P3,2,17
14594,P4,0,0
14595,P5,16,144
14596,P3,2,19
14597,P4,0,0
14598,P5,16,160
14599,P3,1,20
14600,P4,0,0
14601,P5,16,176
14602,P3,1,21
14603,P4,0,0
14604,P5,16,192
14605,P3,0,21
14606,P4,0,0
14607,P5,16,208
14608,P3,1,22
14609,P4,0,0
14610,P5,16,224
14611,P3,0,22
14612,P4,0,0
14613,P5,16,240
14614,P3,2,24
14615,P4,0,0
14616,P5,16,256
14617,P3,4,28
14618,P4,0,0
14619,P5,16,272
14620,P3,0,0
14621,P4,0,0
14622,P5,0,0
14623,P3,7,7
14624,P4,22,22
14625,P5,22,22
14626,P3,3,10
14627,P4,21,43
14628,P5,21,43
14629,P3,6,16
14630,P4,21,64
14631,P5,23,66
14632,P3,3,19
14633,P4,19,83
14634,P5,25,91
14635,P3,3,22
14636,P4,25,108
14637,P5,18,109
14638,P3,2,24
14639,P4,22,130
14640,P5,20,129
14641,P3,5,29
14642,P4,28,158
14643,P5,13,142
14644,P3,0,29
14645,P4,22,180
14646,P5,23,165
14647,P3,4,33
14648,P4,24,204
14649,P5,17,182
14650,P3,0,0
14651,P4,0,0
14652,P5,0,0
14653,P3,8,8
14654,P4,30,30
14655,P5,3,3
14656,P3,11,19
14657,P4,33,63
14658,P5,1,4
14659,P3,10,29
14660,P4,31,94
14661,P5,6,10
14662,P3,7,36
14663,P4,36,130
14664,P5,5,15
14665,P3,13,49
14666,P4,32,162
14667,P5,1,16
14668,P3,18,67
14669,P4,36,198
14670,P5,3,19
14671,P3,4,71
14672,P4,31,229
14673,P5,8,27
14674,P3,11,82
14675,P4,23,252
14676,P5,6,33
14677,P3,4,86
14678,P4,23,275
14679,P5,6,39
14680,P3,8,94
14681,P4,30,305
14682,P5,4,43
14683,P3,9,103
14684,P4,35,340
14685,P5,1,44
14686,P3,9,112
14687,P4,39,379
14688,P5,1,45
14689,P3,0,0
14690,P4,0,0
14691,P5,0,0
14692,P3,0,0
14693,P4,12,12
14694,P5,4,4
14695,P3,0,0
14696,P4,14,26
14697,P5,2,6
14698,P3,1,1
14699,P4,10,36
14700,P5,6,12
14701,P3,0,0
14702,P4,0,0
14703,P5,0,0
14704,P3,0,0
14705,P4,0,0
14706,P5,16,16
14707,P3,0,0
14708,P4,0,0
14709,P5,16,32
14710,P3,0,0
14711,P4,0,0
14712,P5,16,48
14713,P3,0,0
14714,P4,0,0
14715,P5,16,64
14716,P3,0,0
14717,P4,0,0
14718,P5,16,80
14719,P3,0,0
14720,P4,0,0
14721,P5,16,96
14722,P3,0,0
14723,P4,0,0
14724,P5,16,112
14725,P3,0,0
14726,P4,0,0
14727,P5,16,128
14728,P3,0,0
14729,P4,0,0
14730,P5,0,0
14731,P3,1,1
14732,P4,32,32
14733,P5,21,21
14734,P3,0,1
14735,P4,40,72
14736,P5,18,39
14737,P3,2,3
14738,P4,37,109
14739,P5,23,62
14740,P3,3,6
14741,P4,44,153
14742,P5,21,83
14743,P3,1,7
14744,P4,36,189
14745,P5,20,103
14746,P3,3,10
14747,P4,47,236
14748,P5,20,123
14749,P3,0,10
14750,P4,34,270
14751,P5,21,144
14752,P3,0,0
14753,P4,0,0
14754,P5,0,0
14755,P3,0,0
14756,P4,18,18
14757,P5,17,17
14758,P3,0,0
14759,P4,8,26
14760,P5,15,32
14761,P3,0,0
14762,P4,10,36
14763,P5,20,52
14764,P3,0,0
14765,P4,17,53
14766,P5,15,67
14767,P3,0,0
14768,P4,12,65
14769,P5,17,84
14770,P3,0,0
14771,P4,13,78
14772,P5,16,100
14773,P3,0,0
14774,P4,14,92
14775,P5,17,117
14776,P3,0,0
14777,P4,21,113
14778,P5,16,133
14779,P3,0,0
14780,P4,13,126
14781,P5,15,148
14782,P3,0,0
14783,P4,12,138
14784,P5,16,164
14785,P3,0,0
14786,P4,14,152
14787,P5,14,178
14788,P3,0,0
14789,P4,13,165
14790,P5,18,196
14791,P3,0,0
14792,P4,0,0
14793,P5,0,0
14794,P3,9,9
14795,P4,21,21
14796,P5,0,0
14797,P3,19,28
14798,P4,21,42
14799,P5,0,0
14800,P3,13,41
14801,P4,17,59
14802,P5,1,1
14803,P3,10,51
14804,P4,20,79
14805,P5,0,1
14806,P3,7,58
14807,P4,18,97
14808,P5,0,1
14809,P3,15,73
14810,P4,19,116
14811,P5,1,2
14812,P3,12,85
14813,P4,20,136
14814,P5,0,2
14815,P3,11,96
14816,P4,18,154
14817,P5,0,2
14818,P3,14,110
14819,P4,20,174
14820,P5,0,2
14821,P3,18,128
14822,P4,22,196
14823,P5,0,2
14824,P3,14,142
14825,P4,20,216
14826,P5,0,2
14827,P3,10,152
14828,P4,22,238
14829,P5,0,2
14830,P3,8,160
14831,P4,20,258
14832,P5,0,2
14833,P3,14,174
14834,P4,26,284
14835,P5,0,2
14836,P3,13,187
14837,P4,20,304
14838,P5,0,2
14839,P3,10,197
14840,P4,20,324
14841,P5,0,2
14842,P3,8,205
14843,P4,18,342
14844,P5,0,2
14845,P3,7,212
14846,P4,18,360
14847,P5,1,3
14848,P3,0,0
14849,P4,0,0
14850,P5,0,0
14851,P3,0,0
14852,P4,10,10
14853,P5,11,11
14854,P3,2,2
14855,P4,16,26
14856,P5,5,16
14857,P3,1,3
14858,P4,17,43
14859,P5,0,16
14860,P3,0,3
14861,P4,11,54
14862,P5,15,31
14863,P3,1,4
14864,P4,12,66
14865,P5,5,36
14866,P3,1,5
14867,P4,9,75
14868,P5,10,46
14869,P3,1,6
14870,P4,11,86
14871,P5,13,59
14872,P3,1,7
14873,P4,12,98
14874,P5,12,71
14875,P3,0,7
14876,P4,12,110
14877,P5,7,78
14878,P3,0,0
14879,P4,0,0
14880,P5,0,0
14881,P3,34,34
14882,P4,1,1
14883,P5,1,1
14884,P3,35,69
14885,P4,0,1
14886,P5,1,2
14887,P3,39,108
14888,P4,0,1
14889,P5,2,4
14890,P3,36,144
14891,P4,0,1
14892,P5,2,6
14893,P3,35,179
14894,P4,1,2
14895,P5,2,8
14896,P3,40,219
14897,P4,0,2
14898,P5,6,14
14899,P3,0,0
14900,P4,0,0
14901,P5,0,0
14902,P3,0,0
14903,P4,16,16
14904,P5,0,0
14905,P3,8,8
14906,P4,16,32
14907,P5,0,0
14908,P3,1,9
14909,P4,16,48
14910,P5,0,0
14911,P3,0,9
14912,P4,16,64
14913,P5,0,0
14914,P3,2,11
14915,P4,16,80
14916,P5,0,0
14917,P3,0,11
14918,P4,17,97
14919,P5,0,0
14920,P3,1,12
14921,P4,16,113
14922,P5,0,0
14923,P3,2,14
14924,P4,16,129
14925,P5,0,0
14926,P3,0,0
14927,P4,0,0
14928,P5,0,0
14929,P3,0,0
14930,P4,3,3
14931,P5,46,46
14932,P3,0,0
14933,P4,2,5
14934,P5,38,84
14935,P3,0,0
14936,P4,1,6
14937,P5,38,122
14938,P3,0,0
14939,P4,5,11
14940,P5,44,166
14941,P3,0,0
14942,P4,0,11
14943,P5,37,203
14944,P3,0,0
14945,P4,3,14
14946,P5,35,238
14947,P3,0,0
14948,P4,1,15
14949,P5,41,279
14950,P3,0,0
14951,P4,4,19
14952,P5,39,318
14953,P3,0,0
14954,P4,1,20
14955,P5,36,354
14956,P3,0,0
14957,P4,1,21
14958,P5,47,401
14959,P3,0,0
14960,P4,3,24
14961,P5,40,441
14962,P3,0,0
14963,P4,3,27
14964,P5,46,487
14965,P3,0,0
14966,P4,7,34
14967,P5,32,519
14968,P3,0,0
14969,P4,6,40
14970,P5,38,557
14971,P3,0,0
14972,P4,3,43
14973,P5,37,594
14974,P3,0,0
14975,P4,5,48
14976,P5,38,632
14977,P3,0,0
14978,P4,3,51
14979,P5,40,672
14980,P3,0,0
14981,P4,6,57
14982,P5,48,720
14983,P3,0,0
14984,P4,0,57
14985,P5,36,756
14986,P3,0,0
14987,P4,2,59
14988,P5,40,796
14989,P3,0,0
14990,P4,2,61
14991,P5,34,830
14992,P3,0,0
14993,P4,2,63
14994,P5,42,872
14995,P3,0,0
14996,P4,1,64
14997,P5,41,913
14998,P3,0,0
14999,P4,4,68
15000,P5,42,955
15001,P3,0,0
15002,P4,2,70
15003,P5,34,989
15004,P3,0,0
15005,P4,4,74
15006,P5,41,1030
15007,P3,0,0
15008,P4,3,77
15009,P5,38,1068
15010,P3,0,0
15011,P4,4,81
15012,P5,39,1107
15013,P3,0,0
15014,P4,0,0
15015,P5,0,0
15016,P3,1,1
15017,P4,13,13
15018,P5,6,6
15019,P3,2,3
15020,P4,15,28
15021,P5,12,18
15022,P3,0,3
15023,P4,15,43
15024,P5,8,26
15025,P3,3,6
15026,P4,18,61
15027,P5,9,35
15028,P3,2,8
15029,P4,12,73
15030,P5,15,50
15031,P3,0,8
15032,P4,14,87
15033,P5,8,58
15034,P3,2,10
15035,P4,13,100
15036,P5,6,64
15037,P3,1,11
15038,P4,14,114
15039,P5,7,71
15040,P3,1,12
15041,P4,15,129
15042,P5,9,80
15043,P3,2,14
15044,P4,15,144
15045,P5,5,85
15046,P3,0,14
15047,P4,14,158
15048,P5,8,93
15049,P3,2,16
15050,P4,16,174
15051,P5,12,105
15052,P3,2,18
15053,P4,17,191
15054,P5,12,117
15055,P3,0,18
15056,P4,13,204
15057,P5,16,133
15058,P3,2,20
15059,P4,11,215
15060,P5,7,140
15061,P3,2,22
15062,P4,15,230
15063,P5,17,157
15064,P3,1,23
15065,P4,17,247
15066,P5,11,168
15067,P3,1,24
15068,P4,13,260
15069,P5,14,182
15070,P3,2,26
15071,P4,14,274
15072,P5,0,182
15073,P3,3,29
15074,P4,16,290
15075,P5,10,192
15076,P3,4,33
15077,P4,13,303
15078,P5,7,199
15079,P3,2,35
15080,P4,18,321
15081,P5,9,208
15082,P3,3,38
15083,P4,14,335
15084,P5,9,217
15085,P3,1,39
15086,P4,15,350
15087,P5,14,231
15088,P3,2,41
15089,P4,15,365
15090,P5,5,236
15091,P3,1,42
15092,P4,15,380
15093,P5,9,245
15094,P3,1,43
15095,P4,11,391
15096,P5,12,257
15097,P3,1,44
15098,P4,12,403
15099,P5,7,264
15100,P3,4,48
15101,P4,14,417
15102,P5,9,273
15103,P3,0,0
15104,P4,0,0
15105,P5,0,0
15106,P3,0,0
15107,P4,5,5
15108,P5,21,21
15109,P3,0,0
15110,P4,3,8
15111,P5,18,39
15112,P3,0,0
15113,P4,2,10
15114,P5,20,59
15115,P3,0,0
15116,P4,1,11
15117,P5,24,83
15118,P3,0,0
15119,P4,3,14
15120,P5,21,104
15121,P3,0,0
15122,P4,4,18
15123,P5,19,123
15124,P3,0,0
15125,P4,1,19
15126,P5,23,146
15127,P3,0,0
15128,P4,3,22
15129,P5,22,168
15130,P3,0,0
15131,P4,1,23
15132,P5,20,188
15133,P3,0,0
15134,P4,4,27
15135,P5,22,210
15136,P3,0,0
15137,P4,3,30
15138,P5,22,232
15139,P3,0,0
15140,P4,2,32
15141,P5,19,251
15142,P3,0,0
15143,P4,4,36
15144,P5,22,273
15145,P3,0,0
15146,P4,3,39
15147,P5,24,297
15148,P3,0,0
15149,P4,3,42
15150,P5,20,317
15151,P3,0,0
15152,P4,7,49
15153,P5,22,339
15154,P3,0,0
15155,P4,2,51
15156,P5,18,357
15157,P3,0,0
15158,P4,5,56
15159,P5,18,375
15160,P3,0,0
15161,P4,2,58
15162,P5,20,395
15163,P3,0,0
15164,P4,4,62
15165,P5,21,416
15166,P3,0,0
15167,P4,5,67
15168,P5,19,435
15169,P3,0,0
15170,P4,0,67
15171,P5,20,455
15172,P3,0,0
15173,P4,2,69
15174,P5,22,477
15175,P3,0,0
15176,P4,4,73
15177,P5,22,499
15178,P3,0,0
15179,P4,5,78
15180,P5,21,520
15181,P3,0,0
15182,P4,2,80
15183,P5,19,539
15184,P3,0,0
15185,P4,4,84
15186,P5,20,559
15187,P3,0,0
15188,P4,3,87
15189,P5,21,580
15190,P3,0,0
15191,P4,2,89
15192,P5,22,602
15193,P3,0,0
15194,P4,4,93
15195,P5,21,623
15196,P3,0,0
15197,P4,3,96
15198,P5,21,644
15199,P3,0,0
15200,P4,3,99
15201,P5,18,662
15202,P3,0,0
15203,P4,1,100
15204,P5,23,685
15205,P3,0,0
15206,P4,4,104
15207,P5,19,704
15208,P3,0,0
15209,P4,4,108
15210,P5,27,731
15211,P3,0,0
15212,P4,2,110
15213,P5,23,754
15214,P3,0,0
15215,P4,5,115
15216,P5,22,776
15217,P3,0,0
15218,P4,1,116
15219,P5,18,794
15220,P3,0,0
15221,P4,2,118
15222,P5,20,814
15223,P3,0,0
15224,P4,4,122
15225,P5,19,833
15226,P3,0,0
15227,P4,2,124
15228,P5,17,850
15229,P3,0,0
15230,P4,7,131
15231,P5,23,873
15232,P3,0,0
15233,P4,6,137
15234,P5,20,893
15235,P3,0,0
15236,P4,4,141
15237,P5,20,913
15238,P3,0,0
15239,P4,10,151
15240,P5,24,937
15241,P3,0,0
15242,P4,4,155
15243,P5,21,958
15244,P3,0,0
15245,P4,1,156
15246,P5,21,979
15247,P3,0,0
15248,P4,1,157
15249,P5,21,1000
15250,P3,0,0
15251,P4,0,0
15252,P5,0,0
15253,P3,0,0
15254,P4,5,5
15255,P5,8,8
15256,P3,0,0
15257,P4,6,11
15258,P5,7,15
15259,P3,0,0
15260,P4,4,15
15261,P5,9,24
15262,P3,0,0
15263,P4,6,21
15264,P5,7,31
15265,P3,0,0
15266,P4,3,24
15267,P5,13,44
15268,P3,0,0
15269,P4,2,26
15270,P5,14,58
15271,P3,0,0
15272,P4,1,27
15273,P5,8,66
15274,P3,0,0
15275,P4,4,31
15276,P5,7,73
15277,P3,0,0
15278,P4,2,33
15279,P5,11,84
15280,P3,0,0
15281,P4,9,42
15282,P5,4,88
15283,P3,0,0
15284,P4,2,44
15285,P5,10,98
15286,P3,0,0
15287,P4,2,46
15288,P5,9,107
15289,P3,0,0
15290,P4,2,48
15291,P5,10,117
15292,P3,0,0
15293,P4,2,50
15294,P5,9,126
15295,P3,0,0
15296,P4,3,53
15297,P5,13,139
15298,P3,0,0
15299,P4,5,58
15300,P5,4,143
15301,P3,0,0
15302,P4,4,62
15303,P5,10,153
15304,P3,0,0
15305,P4,6,68
15306,P5,12,165
15307,P3,0,0
15308,P4,5,73
15309,P5,7,172
15310,P3,0,0
15311,P4,4,77
15312,P5,8,180
15313,P3,0,0
15314,P4,4,81
15315,P5,10,190
15316,P3,0,0
15317,P4,3,84
15318,P5,12,202
15319,P3,0,0
15320,P4,2,86
15321,P5,7,209
15322,P3,0,0
15323,P4,1,87
15324,P5,9,218
15325,P3,0,0
15326,P4,1,88
15327,P5,11,229
15328,P3,1,1
15329,P4,4,92
15330,P5,6,235
15331,P3,0,1
15332,P4,1,93
15333,P5,11,246
15334,P3,0,1
15335,P4,3,96
15336,P5,15,261
15337,P3,0,1
15338,P4,7,103
15339,P5,8,269
15340,P3,0,1
15341,P4,1,104
15342,P5,11,280
15343,P3,0,1
15344,P4,2,106
15345,P5,8,288
15346,P3,0,1
15347,P4,2,108
15348,P5,8,296
15349,P3,0,1
15350,P4,4,112
15351,P5,9,305
15352,P3,0,1
15353,P4,1,113
15354,P5,5,310
15355,P3,0,1
15356,P4,2,115
15357,P5,5,315
15358,P3,1,2
15359,P4,4,119
15360,P5,11,326
15361,P3,0,2
15362,P4,1,120
15363,P5,10,336
15364,P3,0,2
15365,P4,4,124
15366,P5,9,345
15367,P3,0,2
15368,P4,3,127
15369,P5,11,356
15370,P3,0,2
15371,P4,5,132
15372,P5,8,364
15373,P3,1,3
15374,P4,3,135
15375,P5,13,377
15376,P3,0,3
15377,P4,4,139
15378,P5,8,385
15379,P3,0,3
15380,P4,2,141
15381,P5,12,397
15382,P3,0,3
15383,P4,3,144
15384,P5,9,406
15385,P3,0,3
15386,P4,4,148
15387,P5,7,413
15388,P3,0,3
15389,P4,3,151
15390,P5,5,418
15391,P3,0,3
15392,P4,3,154
15393,P5,11,429
15394,P3,0,3
15395,P4,2,156
15396,P5,8,437
15397,P3,0,3
15398,P4,3,159
15399,P5,12,449
15400,P3,0,3
15401,P4,6,165
15402,P5,8,457
15403,P3,0,3
15404,P4,5,170
15405,P5,13,470
15406,P3,0,3
15407,P4,0,170
15408,P5,10,480
15409,P3,0,3
15410,P4,2,172
15411,P5,11,491
15412,P3,0,3
15413,P4,2,174
15414,P5,8,499
15415,P3,0,3
15416,P4,5,179
15417,P5,9,508
15418,P3,0,3
15419,P4,2,181
15420,P5,11,519
15421,P3,0,3
15422,P4,2,183
15423,P5,11,530
15424,P3,0,3
15425,P4,3,186
15426,P5,9,539
15427,P3,0,3
15428,P4,2,188
15429,P5,9,548
15430,P3,0,3
15431,P4,2,190
15432,P5,6,554
15433,P3,0,3
15434,P4,3,193
15435,P5,6,560
15436,P3,0,3
15437,P4,2,195
15438,P5,16,576
15439,P3,0,3
15440,P4,3,198
15441,P5,10,586
15442,P3,0,3
15443,P4,2,200
15444,P5,9,595
15445,P3,1,4
15446,P4,5,205
15447,P5,14,609
15448,P3,0,4
15449,P4,6,211
15450,P5,9,618
15451,P3,0,4
15452,P4,3,214
15453,P5,10,628
15454,P3,0,4
15455,P4,4,218
15456,P5,10,638
15457,P3,0,4
15458,P4,5,223
15459,P5,11,649
15460,P3,0,4
15461,P4,1,224
15462,P5,12,661
15463,P3,0,4
15464,P4,1,225
15465,P5,11,672
15466,P3,0,4
15467,P4,3,228
15468,P5,10,682
15469,P3,0,4
15470,P4,6,234
15471,P5,12,694
15472,P3,0,4
15473,P4,4,238
15474,P5,8,702
15475,P3,0,4
15476,P4,6,244
15477,P5,7,709
15478,P3,0,4
15479,P4,2,246
15480,P5,9,718
15481,P3,0,4
15482,P4,4,250
15483,P5,8,726
15484,P3,0,0
15485,P4,0,0
15486,P5,0,0
15487,P3,1,1
15488,P4,65,65
15489,P5,1,1
15490,P3,0,1
15491,P4,53,118
15492,P5,0,1
15493,P3,0,1
15494,P4,58,176
15495,P5,0,1
15496,P3,1,2
15497,P4,70,246
15498,P5,0,1
15499,P3,1,3
15500,P4,65,311
15501,P5,0,1
15502,P3,0,3
15503,P4,60,371
15504,P5,0,1
15505,P3,0,3
15506,P4,56,427
15507,P5,0,1
15508,P3,0,3
15509,P4,66,493
15510,P5,0,1
15511,P3,1,4
15512,P4,55,548
15513,P5,0,1
15514,P3,0,4
15515,P4,51,599
15516,P5,0,1
15517,P3,0,4
15518,P4,62,661
15519,P5,0,1
15520,P3,0,4
15521,P4,46,707
15522,P5,0,1
15523,P3,0,4
15524,P4,51,758
15525,P5,0,1
15526,P3,0,4
15527,P4,72,830
15528,P5,0,1
15529,P3,0,4
15530,P4,51,881
15531,P5,0,1
15532,P3,0,4
15533,P4,68,949
15534,P5,1,2
15535,P3,0,4
15536,P4,63,1012
15537,P5,0,2
15538,P3,1,5
15539,P4,51,1063
15540,P5,0,2
15541,P3,0,5
15542,P4,53,1116
15543,P5,0,2
15544,P3,0,5
15545,P4,62,1178
15546,P5,0,2
15547,P3,0,5
15548,P4,49,1227
15549,P5,0,2
15550,P3,1,6
15551,P4,42,1269
15552,P5,0,2
15553,P3,0,6
15554,P4,57,1326
15555,P5,0,2
15556,P3,1,7
15557,P4,62,1388
15558,P5,0,2
15559,P3,2,9
15560,P4,69,1457
15561,P5,1,3
15562,P3,0,9
15563,P4,54,1511
15564,P5,1,4
15565,P3,0,9
15566,P4,63,1574
15567,P5,0,4
15568,P3,0,9
15569,P4,58,1632
15570,P5,0,4
15571,P3,3,12
15572,P4,58,1690
15573,P5,1,5
15574,P3,1,13
15575,P4,68,1758
15576,P5,1,6
15577,P3,1,14
15578,P4,58,1816
15579,P5,0,6
15580,P3,0,14
15581,P4,69,1885
15582,P5,0,6
15583,P3,0,14
15584,P4,55,1940
15585,P5,0,6
15586,P3,0,14
15587,P4,59,1999
15588,P5,0,6
15589,P3,1,15
15590,P4,73,2072
15591,P5,1,7
15592,P3,0,15
15593,P4,62,2134
15594,P5,0,7
15595,P3,0,15
15596,P4,54,2188
15597,P5,0,7
15598,P3,0,15
15599,P4,53,2241
15600,P5,0,7
15601,P3,0,15
15602,P4,68,2309
15603,P5,0,7
15604,P3,3,18
15605,P4,59,2368
15606,P5,0,7
15607,P3,1,19
15608,P4,65,2433
15609,P5,0,7
15610,P3,0,19
15611,P4,69,2502
15612,P5,2,9
15613,P3,0,0
15614,P4,0,0
15615,P5,0,0
15616,P3,41,41
15617,P4,3,3
15618,P5,10,10
15619,P3,34,75
15620,P4,4,7
15621,P5,5,15
15622,P3,42,117
15623,P4,10,17
15624,P5,5,20
15625,P3,47,164
15626,P4,7,24
15627,P5,3,23
15628,P3,48,212
15629,P4,9,33
15630,P5,6,29
15631,P3,42,254
15632,P4,11,44
15633,P5,7,36
15634,P3,38,292
15635,P4,8,52
15636,P5,5,41
15637,P3,47,339
15638,P4,11,63
15639,P5,4,45
15640,P3,40,379
15641,P4,7,70
15642,P5,8,53
15643,P3,40,419
15644,P4,3,73
15645,P5,7,60
15646,P3,40,459
15647,P4,7,80
15648,P5,5,65
15649,P3,0,0
15650,P4,0,0
15651,P5,0,0
15652,P3,3,3
15653,P4,2,2
15654,P5,11,11
15655,P3,3,6
15656,P4,5,7
15657,P5,12,23
15658,P3,4,10
15659,P4,6,13
15660,P5,14,37
15661,P3,0,10
15662,P4,9,22
15663,P5,19,56
15664,P3,0,10
15665,P4,4,26
15666,P5,19,75
15667,P3,3,13
15668,P4,0,26
15669,P5,16,91
15670,P3,1,14
15671,P4,5,31
15672,P5,14,105
15673,P3,4,18
15674,P4,2,33
15675,P5,11,116
15676,P3,0,18
15677,P4,2,35
15678,P5,14,130
15679,P3,2,20
15680,P4,2,37
15681,P5,12,142
15682,P3,8,28
15683,P4,4,41
15684,P5,17,159
15685,P3,0,0
15686,P4,0,0
15687,P5,0,0
15688,P3,93,93
15689,P4,7,7
15690,P5,15,15
15691,P3,87,180
15692,P4,1,8
15693,P5,28,43
15694,P3,96,276
15695,P4,6,14
15696,P5,24,67
15697,P3,95,371
15698,P4,6,20
15699,P5,20,87
15700,P3,96,467
15701,P4,6,26
15702,P5,14,101
15703,P3,94,561
15704,P4,4,30
15705,P5,16,117
15706,P3,101,662
15707,P4,9,39
15708,P5,16,133
15709,P3,90,752
15710,P4,4,43
15711,P5,17,150
15712,P3,88,840
15713,P4,7,50
15714,P5,16,166
15715,P3,93,933
15716,P4,4,54
15717,P5,24,190
15718,P3,99,1032
15719,P4,5,59
15720,P5,23,213
15721,P3,98,1130
15722,P4,6,65
15723,P5,16,229
15724,P3,81,1211
15725,P4,6,71
15726,P5,26,255
15727,P3,91,1302
15728,P4,5,76
15729,P5,22,277
15730,P3,101,1403
15731,P4,5,81
15732,P5,21,298
15733,P3,90,1493
15734,P4,4,85
15735,P5,24,322
15736,P3,94,1587
15737,P4,3,88
15738,P5,25,347
15739,P3,85,1672
15740,P4,3,91
15741,P5,22,369
15742,P3,0,0
15743,P4,0,0
15744,P5,0,0
15745,P3,1,1
15746,P4,27,27
15747,P5,2,2
15748,P3,0,1
15749,P4,32,59
15750,P5,2,4
15751,P3,0,1
15752,P4,29,88
15753,P5,1,5
15754,P3,0,1
15755,P4,34,122
15756,P5,2,7
15757,P3,0,1
15758,P4,31,153
15759,P5,1,8
15760,P3,0,1
15761,P4,33,186
15762,P5,0,8
15763,P3,0,1
15764,P4,31,217
15765,P5,1,9
15766,P3,0,1
15767,P4,24,241
15768,P5,1,10
15769,P3,0,1
15770,P4,43,284
15771,P5,2,12
15772,P3,0,1
15773,P4,36,320
15774,P5,0,12
15775,P3,0,1
15776,P4,37,357
15777,P5,2,14
15778,P3,0,1
15779,P4,34,391
15780,P5,1,15
15781,P3,0,1
15782,P4,36,427
15783,P5,1,16
15784,P3,0,1
15785,P4,28,455
15786,P5,1,17
15787,P3,0,1
15788,P4,34,489
15789,P5,2,19
15790,P3,0,1
15791,P4,39,528
15792,P5,4,23
15793,P3,0,1
15794,P4,30,558
15795,P5,1,24
15796,P3,0,1
15797,P4,35,593
15798,P5,2,26
15799,P3,0,1
15800,P4,31,624
15801,P5,1,27
15802,P3,0,1
15803,P4,33,657
15804,P5,2,29
15805,P3,0,1
15806,P4,32,689
15807,P5,2,31
15808,P3,0,1
15809,P4,25,714
15810,P5,2,33
15811,P3,0,1
15812,P4,24,738
15813,P5,3,36
15814,P3,0,1
15815,P4,33,771
15816,P5,2,38
15817,P3,0,1
15818,P4,59,830
15819,P5,0,38
15820,P3,0,1
15821,P4,38,868
15822,P5,0,38
15823,P3,0,1
15824,P4,31,899
15825,P5,0,38
15826,P3,0,1
15827,P4,31,930
15828,P5,3,41
15829,P3,0,1
15830,P4,36,966
15831,P5,0,41
15832,P3,0,1
15833,P4,32,998
15834,P5,1,42
15835,P3,0,1
15836,P4,32,1030
15837,P5,3,45
15838,P3,0,1
15839,P4,41,1071
15840,P5,0,45
15841,P3,0,1
15842,P4,38,1109
15843,P5,2,47
15844,P3,0,1
15845,P4,34,1143
15846,P5,0,47
15847,P3,0,1
15848,P4,25,1168
15849,P5,2,49
15850,P3,0,1
15851,P4,32,1200
15852,P5,4,53
15853,P3,0,1
15854,P4,34,1234
15855,P5,2,55
15856,P3,0,1
15857,P4,28,1262
15858,P5,1,56
15859,P3,0,1
15860,P4,33,1295
15861,P5,1,57
15862,P3,0,1
15863,P4,30,1325
15864,P5,0,57
15865,P3,0,1
15866,P4,41,1366
15867,P5,1,58
15868,P3,0,1
15869,P4,31,1397
15870,P5,0,58
15871,P3,0,1
15872,P4,33,1430
15873,P5,1,59
15874,P3,0,1
15875,P4,29,1459
15876,P5,2,61
15877,P3,0,1
15878,P4,35,1494
15879,P5,1,62
15880,P3,0,1
15881,P4,35,1529
15882,P5,0,62
15883,P3,0,1
15884,P4,29,1558
15885,P5,1,63
15886,P3,0,0
15887,P4,0,0
15888,P5,0,0
15889,P3,21,21
15890,P4,5,5
15891,P5,0,0
15892,P3,19,40
15893,P4,8,13
15894,P5,14,14
15895,P3,19,59
15896,P4,13,26
15897,P5,1,15
15898,P3,22,81
15899,P4,5,31
15900,P5,2,17
15901,P3,19,100
15902,P4,6,37
15903,P5,3,20
15904,P3,20,120
15905,P4,6,43
15906,P5,2,22
15907,P3,20,140
15908,P4,7,50
15909,P5,3,25
15910,P3,21,161
15911,P4,4,54
15912,P5,1,26
15913,P3,18,179
15914,P4,5,59
15915,P5,0,26
15916,P3,19,198
15917,P4,6,65
15918,P5,2,28
15919,P3,18,216
15920,P4,6,71
15921,P5,0,28
15922,P3,16,232
15923,P4,9,80
15924,P5,2,30
15925,P3,18,250
15926,P4,7,87
15927,P5,1,31
15928,P3,16,266
15929,P4,5,92
15930,P5,4,35
15931,P3,18,284
15932,P4,5,97
15933,P5,3,38
15934,P3,20,304
15935,P4,4,101
15936,P5,1,39
15937,P3,20,324
15938,P4,9,110
15939,P5,1,40
15940,P3,22,346
15941,P4,8,118
15942,P5,1,41
15943,P3,19,365
15944,P4,11,129
15945,P5,3,44
15946,P3,18,383
15947,P4,8,137
15948,P5,0,44
15949,P3,17,400
15950,P4,8,145
15951,P5,1,45
15952,P3,18,418
15953,P4,7,152
15954,P5,0,45
15955,P3,17,435
15956,P4,8,160
15957,P5,1,46
15958,P3,17,452
15959,P4,9,169
15960,P5,2,48
15961,P3,15,467
15962,P4,8,177
15963,P5,2,50
15964,P3,18,485
15965,P4,10,187
15966,P5,0,50
15967,P3,20,505
15968,P4,9,196
15969,P5,1,51
15970,P3,0,0
15971,P4,0,0
15972,P5,0,0
15973,P3,11,11
15974,P4,10,10
15975,P5,21,21
15976,P3,17,28
15977,P4,13,23
15978,P5,20,41
15979,P3,11,39
15980,P4,14,37
15981,P5,18,59
15982,P3,16,55
15983,P4,13,50
15984,P5,17,76
15985,P3,15,70
15986,P4,10,60
15987,P5,18,94
15988,P3,14,84
15989,P4,19,79
15990,P5,19,113
15991,P3,13,97
15992,P4,11,90
15993,P5,18,131
15994,P3,18,115
15995,P4,15,105
15996,P5,19,150
15997,P3,13,128
15998,P4,2,107
15999,P5,16,166
16000,P3,14,142
16001,P4,12,119
16002,P5,18,184
16003,P3,12,154
16004,P4,10,129
16005,P5,17,201
16006,P3,6,160
16007,P4,13,142
16008,P5,16,217
16009,P3,12,172
16010,P4,11,153
16011,P5,24,241
16012,P3,18,190
16013,P4,6,159
16014,P5,21,262
16015,P3,18,208
16016,P4,18,177
16017,P5,19,281
16018,P3,0,0
16019,P4,0,0
16020,P5,0,0
16021,P3,25,25
16022,P4,19,19
16023,P5,0,0
16024,P3,26,51
16025,P4,19,38
16026,P5,0,0
16027,P3,16,67
16028,P4,28,66
16029,P5,0,0
16030,P3,13,80
16031,P4,32,98
16032,P5,0,0
16033,P3,25,105
16034,P4,29,127
16035,P5,0,0
16036,P3,29,134
16037,P4,28,155
16038,P5,0,0
16039,P3,23,157
16040,P4,24,179
16041,P5,1,1
16042,P3,21,178
16043,P4,29,208
16044,P5,0,1
16045,P3,33,211
16046,P4,30,238
16047,P5,0,1
16048,P3,31,242
16049,P4,34,272
16050,P5,0,1
16051,P3,19,261
16052,P4,36,308
16053,P5,0,1
16054,P3,21,282
16055,P4,25,333
16056,P5,0,1
16057,P3,23,305
16058,P4,29,362
16059,P5,0,1
16060,P3,29,334
16061,P4,29,391
16062,P5,0,1
16063,P3,23,357
16064,P4,22,413
16065,P5,0,1
16066,P3,18,375
16067,P4,29,442
16068,P5,0,1
16069,P3,26,401
16070,P4,23,465
16071,P5,0,1
16072,P3,25,426
16073,P4,34,499
16074,P5,0,1
16075,P3,36,462
16076,P4,26,525
16077,P5,0,1
16078,P3,24,486
16079,P4,25,550
16080,P5,0,1
16081,P3,31,517
16082,P4,26,576
16083,P5,0,1
16084,P3,23,540
16085,P4,30,606
16086,P5,0,1
16087,P3,28,568
16088,P4,31,637
16089,P5,0,1
16090,P3,21,589
16091,P4,33,670
16092,P5,0,1
16093,P3,27,616
16094,P4,19,689
16095,P5,0,1
16096,P3,26,642
16097,P4,19,708
16098,P5,0,1
16099,P3,22,664
16100,P4,25,733
16101,P5,0,1
16102,P3,40,704
16103,P4,21,754
16104,P5,0,1
16105,P3,31,735
16106,P4,29,783
16107,P5,0,1
16108,P3,23,758
16109,P4,27,810
16110,P5,0,1
16111,P3,31,789
16112,P4,25,835
16113,P5,0,1
16114,P3,27,816
16115,P4,28,863
16116,P5,0,1
16117,P3,25,841
16118,P4,20,883
16119,P5,0,1
16120,P3,28,869
16121,P4,27,910
16122,P5,0,1
16123,P3,23,892
16124,P4,28,938
16125,P5,0,1
16126,P3,36,928
16127,P4,20,958
16128,P5,0,1
16129,P3,26,954
16130,P4,26,984
16131,P5,0,1
16132,P3,22,976
16133,P4,30,1014
16134,P5,0,1
16135,P3,21,997
16136,P4,30,1044
16137,P5,0,1
16138,P3,23,1020
16139,P4,28,1072
16140,P5,0,1
16141,P3,32,1052
16142,P4,22,1094
16143,P5,0,1
16144,P3,28,1080
16145,P4,28,1122
16146,P5,0,1
16147,P3,22,1102
16148,P4,35,1157
16149,P5,0,1
16150,P3,22,1124
16151,P4,36,1193
16152,P5,0,1
16153,P3,23,1147
16154,P4,22,1215
16155,P5,1,2
16156,P3,25,1172
16157,P4,25,1240
16158,P5,0,2
16159,P3,0,0
16160,P4,0,0
16161,P5,0,0
16162,P3,0,0
16163,P4,3,3
16164,P5,22,22
16165,P3,0,0
16166,P4,1,4
16167,P5,20,42
16168,P3,0,0
16169,P4,0,4
16170,P5,16,58
16171,P3,0,0
16172,P4,2,6
16173,P5,21,79
16174,P3,0,0
16175,P4,1,7
16176,P5,20,99
16177,P3,0,0
16178,P4,1,8
16179,P5,23,122
16180,P3,0,0
16181,P4,3,11
16182,P5,19,141
16183,P3,0,0
16184,P4,2,13
16185,P5,19,160
16186,P3,0,0
16187,P4,3,16
16188,P5,19,179
16189,P3,0,0
16190,P4,1,17
16191,P5,19,198
16192,P3,0,0
16193,P4,1,18
16194,P5,19,217
16195,P3,0,0
16196,P4,1,19
16197,P5,25,242
16198,P3,0,0
16199,P4,2,21
16200,P5,18,260
16201,P3,0,0
16202,P4,5,26
16203,P5,17,277
16204,P3,0,0
16205,P4,1,27
16206,P5,22,299
16207,P3,0,0
16208,P4,2,29
16209,P5,18,317
16210,P3,0,0
16211,P4,1,30
16212,P5,19,336
16213,P3,0,0
16214,P4,0,30
16215,P5,17,353
16216,P3,0,0
16217,P4,0,0
16218,P5,0,0
16219,P3,1,1
16220,P4,121,121
16221,P5,0,0
16222,P3,97,98
16223,P4,126,247
16224,P5,4,4
16225,P3,44,142
16226,P4,136,383
16227,P5,2,6
16228,P3,30,172
16229,P4,134,517
16230,P5,3,9
16231,P3,30,202
16232,P4,131,648
16233,P5,1,10
16234,P3,44,246
16235,P4,140,788
16236,P5,7,17
16237,P3,36,282
16238,P4,132,920
16239,P5,2,19
16240,P3,38,320
16241,P4,133,1053
16242,P5,1,20
16243,P3,39,359
16244,P4,135,1188
16245,P5,2,22
16246,P3,66,425
16247,P4,136,1324
16248,P5,9,31
16249,P3,48,473
16250,P4,132,1456
16251,P5,3,34
16252,P3,46,519
16253,P4,131,1587
16254,P5,3,37
16255,P3,37,556
16256,P4,127,1714
16257,P5,2,39
16258,P3,49,605
16259,P4,142,1856
16260,P5,3,42
16261,P3,41,646
16262,P4,131,1987
16263,P5,11,53
16264,P3,55,701
16265,P4,143,2130
16266,P5,1,54
16267,P3,38,739
16268,P4,140,2270
16269,P5,3,57
16270,P3,45,784
16271,P4,133,2403
16272,P5,2,59
16273,P3,0,0
16274,P4,0,0
16275,P5,0,0
16276,P3,1,1
16277,P4,23,23
16278,P5,0,0
16279,P3,4,5
16280,P4,24,47
16281,P5,0,0
16282,P3,0,5
16283,P4,20,67
16284,P5,0,0
16285,P3,2,7
16286,P4,24,91
16287,P5,0,0
16288,P3,3,10
16289,P4,22,113
16290,P5,0,0
16291,P3,0,10
16292,P4,27,140
16293,P5,0,0
16294,P3,2,12
16295,P4,22,162
16296,P5,0,0
16297,P3,3,15
16298,P4,23,185
16299,P5,0,0
16300,P3,0,15
16301,P4,24,209
16302,P5,0,0
16303,P3,0,15
16304,P4,21,230
16305,P5,0,0
16306,P3,1,16
16307,P4,20,250
16308,P5,0,0
16309,P3,0,16
16310,P4,25,275
16311,P5,0,0
16312,P3,0,16
16313,P4,23,298
16314,P5,0,0
16315,P3,0,16
16316,P4,24,322
16317,P5,0,0
16318,P3,0,16
16319,P4,24,346
16320,P5,0,0
16321,P3,0,16
16322,P4,24,370
16323,P5,0,0
16324,P3,1,17
16325,P4,26,396
16326,P5,0,0
16327,P3,0,17
16328,P4,25,421
16329,P5,1,1
16330,P3,2,19
16331,P4,24,445
16332,P5,0,1
16333,P3,2,21
16334,P4,23,468
16335,P5,0,1
16336,P3,1,22
16337,P4,29,497
16338,P5,0,1
16339,P3,2,24
16340,P4,24,521
16341,P5,0,1
16342,P3,0,24
16343,P4,23,544
16344,P5,0,1
16345,P3,0,24
16346,P4,25,569
16347,P5,0,1
16348,P3,2,26
16349,P4,21,590
16350,P5,0,1
16351,P3,0,26
16352,P4,22,612
16353,P5,0,1
16354,P3,4,30
16355,P4,26,638
16356,P5,0,1
16357,P3,4,34
16358,P4,25,663
16359,P5,0,1
16360,P3,0,34
16361,P4,27,690
16362,P5,0,1
16363,P3,0,0
16364,P4,0,0
16365,P5,0,0
16366,P3,0,0
16367,P4,3,3
16368,P5,20,20
16369,P3,0,0
16370,P4,1,4
16371,P5,22,42
16372,P3,0,0
16373,P4,0,4
16374,P5,21,63
16375,P3,0,0
16376,P4,2,6
16377,P5,18,81
16378,P3,0,0
16379,P4,1,7
16380,P5,22,103
16381,P3,0,0
16382,P4,1,8
16383,P5,18,121
16384,P3,0,0
16385,P4,0,0
16386,P5,0,0
16387,P3,1,1
16388,P4,0,0
16389,P5,18,18
16390,P3,0,1
16391,P4,3,3
16392,P5,20,38
16393,P3,0,1
16394,P4,0,3
16395,P5,19,57
16396,P3,0,1
16397,P4,2,5
16398,P5,16,73
16399,P3,1,2
16400,P4,1,6
16401,P5,22,95
16402,P3,0,2
16403,P4,2,8
16404,P5,22,117
16405,P3,0,2
16406,P4,2,10
16407,P5,20,137
16408,P3,0,2
16409,P4,1,11
16410,P5,21,158
16411,P3,0,2
16412,P4,1,12
16413,P5,19,177
16414,P3,0,2
16415,P4,0,12
16416,P5,22,199
16417,P3,3,5
16418,P4,1,13
16419,P5,20,219
16420,P3,1,6
16421,P4,1,14
16422,P5,16,235
16423,P3,0,6
16424,P4,0,14
16425,P5,21,256
16426,P3,0,6
16427,P4,2,16
16428,P5,17,273
16429,P3,0,6
16430,P4,1,17
16431,P5,17,290
16432,P3,0,6
16433,P4,3,20
16434,P5,21,311
16435,P3,0,6
16436,P4,0,20
16437,P5,20,331
16438,P3,0,6
16439,P4,1,21
16440,P5,20,351
16441,P3,0,0
16442,P4,0,0
16443,P5,0,0
16444,P3,0,0
16445,P4,5,5
16446,P5,31,31
16447,P3,0,0
16448,P4,1,6
16449,P5,19,50
16450,P3,0,0
16451,P4,2,8
16452,P5,25,75
16453,P3,0,0
16454,P4,6,14
16455,P5,25,100
16456,P3,0,0
16457,P4,5,19
16458,P5,21,121
16459,P3,0,0
16460,P4,4,23
16461,P5,23,144
16462,P3,0,0
16463,P4,3,26
16464,P5,24,168
16465,P3,0,0
16466,P4,1,27
16467,P5,27,195
16468,P3,0,0
16469,P4,4,31
16470,P5,29,224
16471,P3,0,0
16472,P4,7,38
16473,P5,25,249
16474,P3,0,0
16475,P4,0,0
16476,P5,0,0
16477,P3,67,67
16478,P4,52,52
16479,P5,15,15
16480,P3,73,140
16481,P4,45,97
16482,P5,25,40
16483,P3,87,227
16484,P4,49,146
16485,P5,19,59
16486,P3,85,312
16487,P4,65,211
16488,P5,20,79
16489,P3,51,363
16490,P4,40,251
16491,P5,49,128
16492,P3,81,444
16493,P4,45,296
16494,P5,31,159
16495,P3,90,534
16496,P4,44,340
16497,P5,21,180
16498,P3,73,607
16499,P4,80,420
16500,P5,16,196
16501,P3,72,679
16502,P4,68,488
16503,P5,23,219
16504,P3,0,0
16505,P4,0,0
16506,P5,0,0
16507,P3,21,21
16508,P4,18,18
16509,P5,4,4
16510,P3,19,40
16511,P4,23,41
16512,P5,7,11
16513,P3,25,65
16514,P4,20,61
16515,P5,1,12
16516,P3,21,86
16517,P4,19,80
16518,P5,5,17
16519,P3,25,111
16520,P4,22,102
16521,P5,4,21
16522,P3,24,135
16523,P4,19,121
16524,P5,4,25
16525,P3,20,155
16526,P4,18,139
16527,P5,5,30
16528,P3,20,175
16529,P4,24,163
16530,P5,4,34
16531,P3,0,0
16532,P4,0,0
16533,P5,0,0
16534,P3,21,21
16535,P4,16,16
16536,P5,16,16
16537,P3,19,40
16538,P4,21,37
16539,P5,13,29
16540,P3,30,70
16541,P4,23,60
16542,P5,15,44
16543,P3,23,93
16544,P4,19,79
16545,P5,14,58
16546,P3,30,123
16547,P4,24,103
16548,P5,15,73
16549,P3,26,149
16550,P4,21,124
16551,P5,16,89
16552,P3,32,181
16553,P4,15,139
16554,P5,15,104
16555,P3,28,209
16556,P4,23,162
16557,P5,15,119
16558,P3,27,236
16559,P4,18,180
16560,P5,15,134
16561,P3,24,260
16562,P4,20,200
16563,P5,15,149
16564,P3,36,296
16565,P4,18,218
16566,P5,16,165
16567,P3,32,328
16568,P4,16,234
16569,P5,16,181
16570,P3,30,358
16571,P4,21,255
16572,P5,13,194
16573,P3,29,387
16574,P4,19,274
16575,P5,13,207
16576,P3,32,419
16577,P4,18,292
16578,P5,15,222
16579,P3,33,452
16580,P4,17,309
16581,P5,14,236
16582,P3,24,476
16583,P4,19,328
16584,P5,15,251
16585,P3,23,499
16586,P4,19,347
16587,P5,14,265
16588,P3,25,524
16589,P4,20,367
16590,P5,17,282
16591,P3,26,550
16592,P4,18,385
16593,P5,16,298
16594,P3,32,582
16595,P4,23,408
16596,P5,14,312
16597,P3,33,615
16598,P4,22,430
16599,P5,15,327
16600,P3,34,649
16601,P4,18,448
16602,P5,14,341
16603,P3,30,679
16604,P4,20,468
16605,P5,14,355
16606,P3,29,708
16607,P4,18,486
16608,P5,15,370
16609,P3,29,737
16610,P4,17,503
16611,P5,15,385
16612,P3,31,768
16613,P4,22,525
16614,P5,15,400
16615,P3,29,797
16616,P4,16,541
16617,P5,14,414
16618,P3,24,821
16619,P4,18,559
16620,P5,13,427
16621,P3,35,856
16622,P4,21,580
16623,P5,16,443
16624,P3,23,879
16625,P4,17,597
16626,P5,15,458
16627,P3,29,908
16628,P4,25,622
16629,P5,16,474
16630,P3,29,937
16631,P4,25,647
16632,P5,14,488
16633,P3,26,963
16634,P4,20,667
16635,P5,13,501
16636,P3,42,1005
16637,P4,23,690
16638,P5,17,518
16639,P3,32,1037
16640,P4,20,710
16641,P5,14,532
16642,P3,27,1064
16643,P4,19,729
16644,P5,14,546
16645,P3,35,1099
16646,P4,19,748
16647,P5,17,563
16648,P3,24,1123
16649,P4,22,770
16650,P5,15,578
16651,P3,21,1144
16652,P4,18,788
16653,P5,13,591
16654,P3,30,1174
16655,P4,13,801
16656,P5,18,609
16657,P3,29,1203
16658,P4,15,816
16659,P5,14,623
16660,P3,36,1239
16661,P4,22,838
16662,P5,16,639
16663,P3,23,1262
16664,P4,20,858
16665,P5,15,654
16666,P3,29,1291
16667,P4,19,877
16668,P5,8,662
16669,P3,30,1321
16670,P4,22,899
16671,P5,16,678
16672,P3,31,1352
16673,P4,27,926
16674,P5,15,693
16675,P3,36,1388
16676,P4,22,948
16677,P5,16,709
16678,P3,29,1417
16679,P4,22,970
16680,P5,14,723
16681,P3,30,1447
16682,P4,21,991
16683,P5,15,738
16684,P3,43,1490
16685,P4,17,1008
16686,P5,14,752
16687,P3,35,1525
16688,P4,20,1028
16689,P5,15,767
16690,P3,31,1556
16691,P4,13,1041
16692,P5,14,781
16693,P3,30,1586
16694,P4,19,1060
16695,P5,16,797
16696,P3,34,1620
16697,P4,23,1083
16698,P5,15,812
16699,P3,27,1647
16700,P4,22,1105
16701,P5,16,828
16702,P3,29,1676
16703,P4,13,1118
16704,P5,14,842
16705,P3,32,1708
16706,P4,25,1143
16707,P5,15,857
16708,P3,30,1738
16709,P4,17,1160
16710,P5,14,871
16711,P3,34,1772
16712,P4,24,1184
16713,P5,13,884
16714,P3,32,1804
16715,P4,22,1206
16716,P5,16,900
16717,P3,35,1839
16718,P4,20,1226
16719,P5,15,915
16720,P3,38,1877
16721,P4,16,1242
16722,P5,15,930
16723,P3,34,1911
16724,P4,25,1267
16725,P5,15,945
16726,P3,31,1942
16727,P4,17,1284
16728,P5,14,959
16729,P3,35,1977
16730,P4,26,1310
16731,P5,15,974
16732,P3,30,2007
16733,P4,20,1330
16734,P5,15,989
16735,P3,30,2037
16736,P4,21,1351
16737,P5,15,1004
16738,P3,28,2065
16739,P4,17,1368
16740,P5,12,1016
16741,P3,29,2094
16742,P4,18,1386
16743,P5,16,1032
16744,P3,30,2124
16745,P4,22,1408
16746,P5,15,1047
16747,P3,29,2153
16748,P4,24,1432
16749,P5,13,1060
16750,P3,28,2181
16751,P4,23,1455
16752,P5,15,1075
16753,P3,30,2211
16754,P4,22,1477
16755,P5,15,1090
16756,P3,32,2243
16757,P4,20,1497
16758,P5,15,1105
16759,P3,26,2269
16760,P4,16,1513
16761,P5,14,1119
16762,P3,24,2293
16763,P4,20,1533
16764,P5,15,1134
16765,P3,34,2327
16766,P4,26,1559
16767,P5,13,1147
16768,P3,24,2351
16769,P4,24,1583
16770,P5,15,1162
16771,P3,31,2382
16772,P4,17,1600
16773,P5,16,1178
16774,P3,37,2419
16775,P4,20,1620
16776,P5,16,1194
16777,P3,31,2450
16778,P4,24,1644
16779,P5,16,1210
16780,P3,32,2482
16781,P4,22,1666
16782,P5,15,1225
16783,P3,29,2511
16784,P4,22,1688
16785,P5,14,1239
16786,P3,31,2542
16787,P4,22,1710
16788,P5,15,1254
16789,P3,34,2576
16790,P4,20,1730
16791,P5,15,1269
16792,P3,39,2615
16793,P4,21,1751
16794,P5,16,1285
16795,P3,34,2649
16796,P4,16,1767
16797,P5,14,1299
16798,P3,37,2686
16799,P4,23,1790
16800,P5,16,1315
16801,P3,33,2719
16802,P4,21,1811
16803,P5,14,1329
16804,P3,36,2755
16805,P4,25,1836
16806,P5,15,1344
16807,P3,31,2786
16808,P4,22,1858
16809,P5,13,1357
16810,P3,35,2821
16811,P4,21,1879
16812,P5,14,1371
16813,P3,33,2854
16814,P4,23,1902
16815,P5,13,1384
16816,P3,28,2882
16817,P4,17,1919
16818,P5,16,1400
16819,P3,30,2912
16820,P4,24,1943
16821,P5,15,1415
16822,P3,29,2941
16823,P4,25,1968
16824,P5,14,1429
16825,P3,27,2968
16826,P4,27,1995
16827,P5,14,1443
16828,P3,23,2991
16829,P4,19,2014
16830,P5,14,1457
16831,P3,33,3024
16832,P4,23,2037
16833,P5,16,1473
16834,P3,19,3043
16835,P4,19,2056
16836,P5,15,1488
16837,P3,38,3081
16838,P4,27,2083
16839,P5,16,1504
16840,P3,29,3110
16841,P4,20,2103
16842,P5,13,1517
16843,P3,33,3143
16844,P4,19,2122
16845,P5,16,1533
16846,P3,30,3173
16847,P4,16,2138
16848,P5,15,1548
16849,P3,30,3203
16850,P4,18,2156
16851,P5,15,1563
16852,P3,37,3240
16853,P4,17,2173
16854,P5,16,1579
16855,P3,25,3265
16856,P4,20,2193
16857,P5,16,1595
16858,P3,33,3298
16859,P4,18,2211
16860,P5,16,1611
16861,P3,33,3331
16862,P4,17,2228
16863,P5,12,1623
16864,P3,29,3360
16865,P4,18,2246
16866,P5,15,1638
16867,P3,37,3397
16868,P4,18,2264
16869,P5,14,1652
16870,P3,27,3424
16871,P4,23,2287
16872,P5,15,1667
16873,P3,27,3451
16874,P4,20,2307
16875,P5,16,1683
16876,P3,31,3482
16877,P4,20,2327
16878,P5,17,1700
16879,P3,29,3511
16880,P4,19,2346
16881,P5,16,1716
16882,P3,33,3544
16883,P4,15,2361
16884,P5,14,1730
16885,P3,33,3577
16886,P4,19,2380
16887,P5,18,1748
16888,P3,26,3603
16889,P4,25,2405
16890,P5,15,1763
16891,P3,0,0
16892,P4,0,0
16893,P5,0,0
16894,P3,32,32
16895,P4,0,0
16896,P5,19,19
16897,P3,29,61
16898,P4,0,0
16899,P5,28,47
16900,P3,28,89
16901,P4,3,3
16902,P5,27,74
16903,P3,27,116
16904,P4,0,3
16905,P5,24,98
16906,P3,0,0
16907,P4,0,0
16908,P5,0,0
16909,P3,15,15
16910,P4,1,1
16911,P5,33,33
16912,P3,23,38
16913,P4,2,3
16914,P5,34,67
16915,P3,16,54
16916,P4,0,3
16917,P5,32,99
16918,P3,16,70
16919,P4,1,4
16920,P5,37,136
16921,P3,17,87
16922,P4,1,5
16923,P5,32,168
16924,P3,27,114
16925,P4,1,6
16926,P5,36,204
16927,P3,0,0
16928,P4,0,0
16929,P5,0,0
16930,P3,0,0
16931,P4,4,4
16932,P5,12,12
16933,P3,0,0
16934,P4,2,6
16935,P5,14,26
16936,P3,0,0
16937,P4,4,10
16938,P5,12,38
16939,P3,0,0
16940,P4,4,14
16941,P5,12,50
16942,P3,0,0
16943,P4,8,22
16944,P5,10,60
16945,P3,0,0
16946,P4,5,27
16947,P5,12,72
16948,P3,0,0
16949,P4,5,32
16950,P5,11,83
16951,P3,0,0
16952,P4,6,38
16953,P5,10,93
16954,P3,0,0
16955,P4,0,0
16956,P5,0,0
16957,P3,0,0
16958,P4,4,4
16959,P5,25,25
16960,P3,0,0
16961,P4,0,0
16962,P5,0,0
16963,P3,7,7
16964,P4,43,43
16965,P5,9,9
16966,P3,15,22
16967,P4,48,91
16968,P5,10,19
16969,P3,12,34
16970,P4,52,143
16971,P5,9,28
16972,P3,9,43
16973,P4,42,185
16974,P5,9,37
16975,P3,18,61
16976,P4,49,234
16977,P5,12,49
16978,P3,14,75
16979,P4,40,274
16980,P5,9,58
16981,P3,19,94
16982,P4,42,316
16983,P5,11,69
16984,P3,10,104
16985,P4,52,368
16986,P5,9,78
16987,P3,17,121
16988,P4,47,415
16989,P5,11,89
16990,P3,14,135
16991,P4,47,462
16992,P5,13,102
16993,P3,9,144
16994,P4,29,491
16995,P5,6,108
16996,P3,14,158
16997,P4,48,539
16998,P5,12,120
16999,P3,18,176
17000,P4,46,585
17001,P5,10,130
17002,P3,11,187
17003,P4,40,625
17004,P5,13,143
17005,P3,15,202
17006,P4,47,672
17007,P5,10,153
17008,P3,13,215
17009,P4,41,713
17010,P5,10,163
17011,P3,9,224
17012,P4,42,755
17013,P5,9,172
17014,P3,12,236
17015,P4,50,805
17016,P5,10,182
17017,P3,8,244
17018,P4,45,850
17019,P5,7,189
17020,P3,7,251
17021,P4,31,881
17022,P5,7,196
17023,P3,14,265
17024,P4,46,927
17025,P5,8,204
17026,P3,9,274
17027,P4,37,964
17028,P5,8,212
17029,P3,13,287
17030,P4,51,1015
17031,P5,10,222
17032,P3,11,298
17033,P4,36,1051
17034,P5,10,232
17035,P3,9,307
17036,P4,39,1090
17037,P5,8,240
17038,P3,14,321
17039,P4,44,1134
17040,P5,9,249
17041,P3,13,334
17042,P4,47,1181
17043,P5,9,258
17044,P3,15,349
17045,P4,47,1228
17046,P5,9,267
17047,P3,17,366
17048,P4,44,1272
17049,P5,14,281
17050,P3,14,380
17051,P4,49,1321
17052,P5,12,293
17053,P3,7,387
17054,P4,40,1361
17055,P5,9,302
17056,P3,13,400
17057,P4,47,1408
17058,P5,10,312
17059,P3,19,419
17060,P4,51,1459
17061,P5,14,326
17062,P3,14,433
17063,P4,51,1510
17064,P5,11,337
17065,P3,6,439
17066,P4,46,1556
17067,P5,8,345
17068,P3,11,450
17069,P4,46,1602
17070,P5,8,353
17071,P3,18,468
17072,P4,52,1654
17073,P5,12,365
17074,P3,0,0
17075,P4,0,0
17076,P5,0,0
17077,P3,1,1
17078,P4,24,24
17079,P5,4,4
17080,P3,2,3
17081,P4,23,47
17082,P5,1,5
17083,P3,2,5
17084,P4,25,72
17085,P5,1,6
17086,P3,4,9
17087,P4,22,94
17088,P5,1,7
17089,P3,3,12
17090,P4,28,122
17091,P5,0,7
17092,P3,7,19
17093,P4,33,155
17094,P5,0,7
17095,P3,1,20
17096,P4,24,179
17097,P5,0,7
17098,P3,2,22
17099,P4,23,202
17100,P5,1,8
17101,P3,0,22
17102,P4,20,222
17103,P5,1,9
17104,P3,4,26
17105,P4,27,249
17106,P5,2,11
17107,P3,3,29
17108,P4,25,274
17109,P5,0,11
17110,P3,3,32
17111,P4,23,297
17112,P5,2,13
17113,P3,0,32
17114,P4,22,319
17115,P5,2,15
17116,P3,2,34
17117,P4,22,341
17118,P5,3,18
17119,P3,8,42
17120,P4,27,368
17121,P5,1,19
17122,P3,0,42
17123,P4,25,393
17124,P5,0,19
17125,P3,2,44
17126,P4,24,417
17127,P5,2,21
17128,P3,2,46
17129,P4,21,438
17130,P5,1,22
17131,P3,3,49
17132,P4,20,458
17133,P5,0,22
17134,P3,3,52
17135,P4,23,481
17136,P5,3,25
17137,P3,5,57
17138,P4,25,506
17139,P5,0,25
17140,P3,5,62
17141,P4,24,530
17142,P5,1,26
17143,P3,1,63
17144,P4,24,554
17145,P5,0,26
17146,P3,2,65
17147,P4,24,578
17148,P5,1,27
17149,P3,4,69
17150,P4,28,606
17151,P5,2,29
17152,P3,2,71
17153,P4,23,629
17154,P5,0,29
17155,P3,4,75
17156,P4,26,655
17157,P5,2,31
17158,P3,2,77
17159,P4,26,681
17160,P5,0,31
17161,P3,0,77
17162,P4,24,705
17163,P5,2,33
17164,P3,0,77
17165,P4,26,731
17166,P5,0,33
17167,P3,0,0
17168,P4,0,0
17169,P5,0,0
17170,P3,0,0
17171,P4,8,8
17172,P5,22,22
17173,P3,0,0
17174,P4,8,16
17175,P5,25,47
17176,P3,0,0
17177,P4,8,24
17178,P5,20,67
17179,P3,0,0
17180,P4,5,29
17181,P5,22,89
17182,P3,0,0
17183,P4,12,41
17184,P5,19,108
17185,P3,0,0
17186,P4,9,50
17187,P5,24,132
17188,P3,0,0
17189,P4,11,61
17190,P5,25,157
17191,P3,0,0
17192,P4,3,64
17193,P5,21,178
17194,P3,0,0
17195,P4,6,70
17196,P5,27,205
17197,P3,0,0
17198,P4,8,78
17199,P5,22,227
17200,P3,0,0
17201,P4,9,87
17202,P5,27,254
17203,P3,0,0
17204,P4,8,95
17205,P5,19,273
17206,P3,0,0
17207,P4,9,104
17208,P5,18,291
17209,P3,0,0
17210,P4,4,108
17211,P5,24,315
17212,P3,0,0
17213,P4,7,115
17214,P5,20,335
17215,P3,0,0
17216,P4,4,119
17217,P5,21,356
17218,P3,0,0
17219,P4,9,128
17220,P5,21,377
17221,P3,0,0
17222,P4,11,139
17223,P5,23,400
17224,P3,0,0
17225,P4,6,145
17226,P5,15,415
17227,P3,0,0
17228,P4,8,153
17229,P5,18,433
17230,P3,0,0
17231,P4,7,160
17232,P5,21,454
17233,P3,0,0
17234,P4,6,166
17235,P5,22,476
17236,P3,0,0
17237,P4,13,179
17238,P5,20,496
17239,P3,0,0
17240,P4,6,185
17241,P5,21,517
17242,P3,0,0
17243,P4,10,195
17244,P5,19,536
17245,P3,0,0
17246,P4,8,203
17247,P5,19,555
17248,P3,0,0
17249,P4,12,215
17250,P5,17,572
17251,P3,0,0
17252,P4,10,225
17253,P5,24,596
17254,P3,0,0
17255,P4,4,229
17256,P5,19,615
17257,P3,0,0
17258,P4,8,237
17259,P5,20,635
17260,P3,0,0
17261,P4,11,248
17262,P5,19,654
17263,P3,0,0
17264,P4,5,253
17265,P5,19,673
17266,P3,0,0
17267,P4,11,264
17268,P5,18,691
17269,P3,0,0
17270,P4,6,270
17271,P5,19,710
17272,P3,0,0
17273,P4,6,276
17274,P5,26,736
17275,P3,0,0
17276,P4,9,285
17277,P5,22,758
17278,P3,0,0
17279,P4,7,292
17280,P5,23,781
17281,P3,0,0
17282,P4,7,299
17283,P5,15,796
17284,P3,0,0
17285,P4,6,305
17286,P5,19,815
17287,P3,0,0
17288,P4,7,312
17289,P5,23,838
17290,P3,0,0
17291,P4,11,323
17292,P5,10,848
17293,P3,0,0
17294,P4,3,326
17295,P5,20,868
17296,P3,0,0
17297,P4,0,0
17298,P5,0,0
17299,P3,0,0
17300,P4,36,36
17301,P5,10,10
17302,P3,0,0
17303,P4,22,58
17304,P5,16,26
17305,P3,0,0
17306,P4,33,91
17307,P5,8,34
17308,P3,0,0
17309,P4,41,132
17310,P5,12,46
17311,P3,0,0
17312,P4,36,168
17313,P5,7,53
17314,P3,0,0
17315,P4,29,197
17316,P5,11,64
17317,P3,0,0
17318,P4,32,229
17319,P5,10,74
17320,P3,0,0
17321,P4,30,259
17322,P5,5,79
17323,P3,0,0
17324,P4,0,0
17325,P5,0,0
17326,P3,0,0
17327,P4,13,13
17328,P5,12,12
17329,P3,0,0
17330,P4,16,29
17331,P5,12,24
17332,P3,0,0
17333,P4,12,41
17334,P5,10,34
17335,P3,0,0
17336,P4,8,49
17337,P5,9,43
17338,P3,0,0
17339,P4,11,60
17340,P5,8,51
17341,P3,0,0
17342,P4,12,72
17343,P5,10,61
17344,P3,0,0
17345,P4,13,85
17346,P5,11,72
17347,P3,0,0
17348,P4,9,94
17349,P5,12,84
17350,P3,0,0
17351,P4,16,110
17352,P5,12,96
17353,P3,0,0
17354,P4,15,125
17355,P5,12,108
17356,P3,0,0
17357,P4,16,141
17358,P5,12,120
17359,P3,0,0
17360,P4,13,154
17361,P5,11,131
17362,P3,0,0
17363,P4,12,166
17364,P5,7,138
17365,P3,0,0
17366,P4,12,178
17367,P5,12,150
17368,P3,0,0
17369,P4,15,193
17370,P5,6,156
17371,P3,0,0
17372,P4,15,208
17373,P5,8,164
17374,P3,0,0
17375,P4,25,233
17376,P5,12,176
17377,P3,0,0
17378,P4,0,0
17379,P5,0,0
17380,P3,2,2
17381,P4,27,27
17382,P5,11,11
17383,P3,7,9
17384,P4,32,59
17385,P5,12,23
17386,P3,0,9
17387,P4,26,85
17388,P5,9,32
17389,P3,2,11
17390,P4,32,117
17391,P5,11,43
17392,P3,3,14
17393,P4,21,138
17394,P5,9,52
17395,P3,1,15
17396,P4,26,164
17397,P5,7,59
17398,P3,1,16
17399,P4,25,189
17400,P5,9,68
17401,P3,4,20
17402,P4,24,213
17403,P5,10,78
17404,P3,5,25
17405,P4,29,242
17406,P5,12,90
17407,P3,2,27
17408,P4,29,271
17409,P5,7,97
17410,P3,0,27
17411,P4,32,303
17412,P5,7,104
17413,P3,2,29
17414,P4,24,327
17415,P5,9,113
17416,P3,8,37
17417,P4,29,356
17418,P5,11,124
17419,P3,0,37
17420,P4,32,388
17421,P5,10,134
17422,P3,2,39
17423,P4,24,412
17424,P5,12,146
17425,P3,2,41
17426,P4,39,451
17427,P5,6,152
17428,P3,2,43
17429,P4,29,480
17430,P5,10,162
17431,P3,2,45
17432,P4,25,505
17433,P5,11,173
17434,P3,0,0
17435,P4,0,0
17436,P5,0,0
17437,P3,19,19
17438,P4,18,18
17439,P5,2,2
17440,P3,15,34
17441,P4,30,48
17442,P5,0,2
17443,P3,13,47
17444,P4,31,79
17445,P5,4,6
17446,P3,20,67
17447,P4,16,95
17448,P5,8,14
17449,P3,0,0
17450,P4,0,0
17451,P5,0,0
17452,P3,5,5
17453,P4,115,115
17454,P5,0,0
17455,P3,11,16
17456,P4,108,223
17457,P5,0,0
17458,P3,30,46
17459,P4,117,340
17460,P5,0,0
17461,P3,34,80
17462,P4,119,459
17463,P5,1,1
17464,P3,17,97
17465,P4,110,569
17466,P5,0,1
17467,P3,19,116
17468,P4,114,683
17469,P5,0,1
17470,P3,28,144
17471,P4,112,795
17472,P5,0,1
17473,P3,21,165
17474,P4,114,909
17475,P5,1,2
17476,P3,16,181
17477,P4,108,1017
17478,P5,0,2
17479,P3,25,206
17480,P4,114,1131
17481,P5,0,2
17482,P3,0,0
17483,P4,0,0
17484,P5,0,0
17485,P3,5,5
17486,P4,10,10
17487,P5,7,7
17488,P3,7,12
17489,P4,10,20
17490,P5,7,14
17491,P3,5,17
17492,P4,11,31
17493,P5,5,19
17494,P3,1,18
17495,P4,9,40
17496,P5,7,26
17497,P3,1,19
17498,P4,14,54
17499,P5,7,33
17500,P3,2,21
17501,P4,13,67
17502,P5,5,38
17503,P3,0,21
17504,P4,7,74
17505,P5,9,47
17506,P3,2,23
17507,P4,15,89
17508,P5,5,52
17509,P3,0,0
17510,P4,0,0
17511,P5,0,0
17512,P3,3,3
17513,P4,18,18
17514,P5,32,32
17515,P3,2,5
17516,P4,21,39
17517,P5,30,62
17518,P3,2,7
17519,P4,20,59
17520,P5,30,92
17521,P3,3,10
17522,P4,25,84
17523,P5,32,124
17524,P3,2,12
17525,P4,22,106
17526,P5,31,155
17527,P3,3,15
17528,P4,21,127
17529,P5,32,187
17530,P3,0,15
17531,P4,18,145
17532,P5,32,219
17533,P3,2,17
17534,P4,20,165
17535,P5,32,251
17536,P3,1,18
17537,P4,20,185
17538,P5,32,283
17539,P3,4,22
17540,P4,18,203
17541,P5,33,316
17542,P3,1,23
17543,P4,17,220
17544,P5,32,348
17545,P3,0,23
17546,P4,20,240
17547,P5,31,379
17548,P3,0,23
17549,P4,23,263
17550,P5,32,411
17551,P3,0,23
17552,P4,23,286
17553,P5,32,443
17554,P3,4,27
17555,P4,23,309
17556,P5,30,473
17557,P3,1,28
17558,P4,18,327
17559,P5,32,505
17560,P3,2,30
17561,P4,22,349
17562,P5,31,536
17563,P3,1,31
17564,P4,19,368
17565,P5,32,568
17566,P3,1,32
17567,P4,25,393
17568,P5,31,599
17569,P3,2,34
17570,P4,20,413
17571,P5,31,630
17572,P3,3,37
17573,P4,22,435
17574,P5,29,659
17575,P3,0,37
17576,P4,20,455
17577,P5,30,689
17578,P3,2,39
17579,P4,16,471
17580,P5,31,720
17581,P3,0,0
17582,P4,0,0
17583,P5,0,0
17584,P3,53,53
17585,P4,3,3
17586,P5,54,54
17587,P3,51,104
17588,P4,3,6
17589,P5,62,116
17590,P3,51,155
17591,P4,1,7
17592,P5,67,183
17593,P3,56,211
17594,P4,2,9
17595,P5,72,255
17596,P3,0,0
17597,P4,0,0
17598,P5,0,0
17599,P3,0,0
17600,P4,1,1
17601,P5,17,17
17602,P3,0,0
17603,P4,0,1
17604,P5,16,33
17605,P3,0,0
17606,P4,2,3
17607,P5,16,49
17608,P3,1,1
17609,P4,1,4
17610,P5,15,64
17611,P3,0,1
17612,P4,0,4
17613,P5,15,79
17614,P3,0,1
17615,P4,0,4
17616,P5,15,94
17617,P3,0,1
17618,P4,1,5
17619,P5,17,111
17620,P3,0,1
17621,P4,0,5
17622,P5,15,126
17623,P3,0,1
17624,P4,0,5
17625,P5,19,145
17626,P3,1,2
17627,P4,0,5
17628,P5,14,159
17629,P3,1,3
17630,P4,1,6
17631,P5,16,175
17632,P3,0,3
17633,P4,1,7
17634,P5,15,190
17635,P3,0,3
17636,P4,2,9
17637,P5,16,206
17638,P3,0,3
17639,P4,2,11
17640,P5,17,223
17641,P3,0,3
17642,P4,1,12
17643,P5,18,241
17644,P3,0,3
17645,P4,0,12
17646,P5,15,256
17647,P3,0,3
17648,P4,0,12
17649,P5,15,271
17650,P3,0,3
17651,P4,0,12
17652,P5,15,286
17653,P3,0,3
17654,P4,0,12
17655,P5,14,300
17656,P3,0,3
17657,P4,2,14
17658,P5,13,313
17659,P3,0,3
17660,P4,1,15
17661,P5,16,329
17662,P3,0,3
17663,P4,1,16
17664,P5,16,345
17665,P3,1,4
17666,P4,0,16
17667,P5,14,359
17668,P3,0,0
17669,P4,0,0
17670,P5,0,0
17671,P3,0,0
17672,P4,10,10
17673,P5,7,7
17674,P3,0,0
17675,P4,8,18
17676,P5,11,18
17677,P3,0,0
17678,P4,7,25
17679,P5,10,28
17680,P3,0,0
17681,P4,7,32
17682,P5,11,39
17683,P3,0,0
17684,P4,11,43
17685,P5,7,46
17686,P3,0,0
17687,P4,0,0
17688,P5,0,0
17689,P3,24,24
17690,P4,61,61
17691,P5,5,5
17692,P3,52,76
17693,P4,64,125
17694,P5,6,11
17695,P3,44,120
17696,P4,54,179
17697,P5,12,23
17698,P3,41,161
17699,P4,69,248
17700,P5,8,31
17701,P3,60,221
17702,P4,65,313
17703,P5,9,40
17704,P3,50,271
17705,P4,70,383
17706,P5,6,46
17707,P3,54,325
17708,P4,56,439
17709,P5,6,52
17710,P3,52,377
17711,P4,73,512
17712,P5,8,60
17713,P3,43,420
17714,P4,58,570
17715,P5,7,67
17716,P3,52,472
17717,P4,70,640
17718,P5,5,72
17719,P3,62,534
17720,P4,76,716
17721,P5,5,77
17722,P3,47,581
17723,P4,63,779
17724,P5,8,85
17725,P3,53,634
17726,P4,67,846
17727,P5,13,98
17728,P3,45,679
17729,P4,74,920
17730,P5,6,104
17731,P3,41,720
17732,P4,75,995
17733,P5,2,106
17734,P3,65,785
17735,P4,68,1063
17736,P5,5,111
17737,P3,49,834
17738,P4,71,1134
17739,P5,4,115
17740,P3,53,887
17741,P4,63,1197
17742,P5,10,125
17743,P3,60,947
17744,P4,55,1252
17745,P5,7,132
17746,P3,0,0
17747,P4,0,0
17748,P5,0,0
17749,P3,0,0
17750,P4,16,16
17751,P5,0,0
17752,P3,0,0
17753,P4,17,33
17754,P5,0,0
17755,P3,0,0
17756,P4,16,49
17757,P5,0,0
17758,P3,0,0
17759,P4,16,65
17760,P5,0,0
17761,P3,0,0
17762,P4,16,81
17763,P5,0,0
17764,P3,0,0
17765,P4,16,97
17766,P5,0,0
17767,P3,1,1
17768,P4,17,114
17769,P5,0,0
17770,P3,0,1
17771,P4,16,130
17772,P5,0,0
17773,P3,2,3
17774,P4,18,148
17775,P5,0,0
17776,P3,0,3
17777,P4,16,164
17778,P5,0,0
17779,P3,0,3
17780,P4,16,180
17781,P5,0,0
17782,P3,0,3
17783,P4,17,197
17784,P5,0,0
17785,P3,0,3
17786,P4,16,213
17787,P5,0,0
17788,P3,0,3
17789,P4,16,229
17790,P5,0,0
17791,P3,0,0
17792,P4,0,0
17793,P5,0,0
17794,P3,0,0
17795,P4,0,0
17796,P5,25,25
17797,P3,0,0
17798,P4,3,3
17799,P5,18,43
17800,P3,0,0
17801,P4,0,3
17802,P5,20,63
17803,P3,0,0
17804,P4,2,5
17805,P5,20,83
17806,P3,0,0
17807,P4,2,7
17808,P5,26,109
17809,P3,0,0
17810,P4,0,7
17811,P5,21,130
17812,P3,0,0
17813,P4,0,7
17814,P5,18,148
17815,P3,0,0
17816,P4,1,8
17817,P5,19,167
17818,P3,0,0
17819,P4,0,8
17820,P5,19,186
17821,P3,0,0
17822,P4,1,9
17823,P5,23,209
17824,P3,0,0
17825,P4,0,0
17826,P5,0,0
17827,P3,0,0
17828,P4,0,0
17829,P5,17,17
17830,P3,0,0
17831,P4,0,0
17832,P5,16,33
17833,P3,0,0
17834,P4,0,0
17835,P5,16,49
17836,P3,0,0
17837,P4,0,0
17838,P5,16,65
17839,P3,0,0
17840,P4,0,0
17841,P5,16,81
17842,P3,0,0
17843,P4,0,0
17844,P5,16,97
17845,P3,0,0
17846,P4,0,0
17847,P5,17,114
17848,P3,0,0
17849,P4,0,0
17850,P5,16,130
17851,P3,0,0
17852,P4,0,0
17853,P5,16,146
17854,P3,0,0
17855,P4,0,0
17856,P5,17,163
17857,P3,0,0
17858,P4,0,0
17859,P5,16,179
17860,P3,0,0
17861,P4,0,0
17862,P5,16,195
17863,P3,0,0
17864,P4,0,0
17865,P5,16,211
17866,P3,0,0
17867,P4,0,0
17868,P5,16,227
17869,P3,0,0
17870,P4,0,0
17871,P5,17,244
17872,P3,0,0
17873,P4,0,0
17874,P5,16,260
17875,P3,0,0
17876,P4,0,0
17877,P5,16,276
17878,P3,0,0
17879,P4,0,0
17880,P5,17,293
17881,P3,0,0
17882,P4,0,0
17883,P5,16,309
17884,P3,0,0
17885,P4,0,0
17886,P5,16,325
17887,P3,0,0
17888,P4,0,0
17889,P5,16,341
17890,P3,0,0
17891,P4,0,0
17892,P5,17,358
17893,P3,0,0
17894,P4,0,0
17895,P5,0,0
17896,P3,15,15
17897,P4,23,23
17898,P5,31,31
17899,P3,12,27
17900,P4,24,47
17901,P5,31,62
17902,P3,10,37
17903,P4,27,74
17904,P5,35,97
17905,P3,12,49
17906,P4,27,101
17907,P5,25,122
17908,P3,13,62
17909,P4,26,127
17910,P5,33,155
17911,P3,15,77
17912,P4,22,149
17913,P5,27,182
17914,P3,19,96
17915,P4,24,173
17916,P5,30,212
17917,P3,14,110
17918,P4,27,200
17919,P5,27,239
17920,P3,12,122
17921,P4,22,222
17922,P5,32,271
17923,P3,18,140
17924,P4,18,240
17925,P5,39,310
17926,P3,13,153
17927,P4,18,258
17928,P5,33,343
17929,P3,15,168
17930,P4,37,295
17931,P5,32,375
17932,P3,16,184
17933,P4,12,307
17934,P5,26,401
17935,P3,18,202
17936,P4,29,336
17937,P5,32,433
17938,P3,11,213
17939,P4,18,354
17940,P5,28,461
17941,P3,15,228
17942,P4,23,377
17943,P5,33,494
17944,P3,19,247
17945,P4,18,395
17946,P5,33,527
17947,P3,8,255
17948,P4,30,425
17949,P5,34,561
17950,P3,9,264
17951,P4,32,457
17952,P5,37,598
17953,P3,9,273
17954,P4,26,483
17955,P5,28,626
17956,P3,18,291
17957,P4,17,500
17958,P5,35,661
17959,P3,12,303
17960,P4,34,534
17961,P5,26,687
17962,P3,12,315
17963,P4,23,557
17964,P5,35,722
17965,P3,18,333
17966,P4,22,579
17967,P5,29,751
17968,P3,15,348
17969,P4,27,606
17970,P5,31,782
17971,P3,13,361
17972,P4,27,633
17973,P5,28,810
17974,P3,18,379
17975,P4,23,656
17976,P5,33,843
17977,P3,10,389
17978,P4,16,672
17979,P5,32,875
17980,P3,13,402
17981,P4,21,693
17982,P5,33,908
17983,P3,16,418
17984,P4,30,723
17985,P5,29,937
17986,P3,13,431
17987,P4,25,748
17988,P5,30,967
17989,P3,0,0
17990,P4,0,0
17991,P5,0,0
17992,P3,5,5
17993,P4,23,23
17994,P5,18,18
17995,P3,2,7
17996,P4,29,52
17997,P5,20,38
17998,P3,9,16
17999,P4,26,78
18000,P5,22,60
18001,P3,7,23
18002,P4,26,104
18003,P5,20,80
18004,P3,6,29
18005,P4,29,133
18006,P5,10,90
18007,P3,3,32
18008,P4,29,162
18009,P5,19,109
18010,P3,5,37
18011,P4,30,192
18012,P5,23,132
18013,P3,5,42
18014,P4,26,218
18015,P5,22,154
18016,P3,0,0
18017,P4,0,0
18018,P5,0,0
18019,P3,0,0
18020,P4,0,0
18021,P5,18,18
18022,P3,0,0
18023,P4,0,0
18024,P5,19,37
18025,P3,0,0
18026,P4,0,0
18027,P5,17,54
18028,P3,0,0
18029,P4,0,0
18030,P5,17,71
18031,P3,0,0
18032,P4,0,0
18033,P5,16,87
18034,P3,0,0
18035,P4,0,0
18036,P5,19,106
18037,P3,1,1
18038,P4,0,0
18039,P5,17,123
18040,P3,0,0
18041,P4,0,0
18042,P5,0,0
18043,P3,0,0
18044,P4,27,27
18045,P5,0,0
18046,P3,0,0
18047,P4,28,55
18048,P5,1,1
18049,P3,1,1
18050,P4,25,80
18051,P5,0,1
18052,P3,0,1
18053,P4,23,103
18054,P5,1,2
18055,P3,0,1
18056,P4,28,131
18057,P5,1,3
18058,P3,0,1
18059,P4,19,150
18060,P5,0,3
18061,P3,0,1
18062,P4,27,177
18063,P5,0,3
18064,P3,0,1
18065,P4,32,209
18066,P5,1,4
18067,P3,0,1
18068,P4,29,238
18069,P5,1,5
18070,P3,0,1
18071,P4,19,257
18072,P5,0,5
18073,P3,0,1
18074,P4,36,293
18075,P5,1,6
18076,P3,0,1
18077,P4,24,317
18078,P5,0,6
18079,P3,0,1
18080,P4,28,345
18081,P5,2,8
18082,P3,0,1
18083,P4,25,370
18084,P5,0,8
18085,P3,0,1
18086,P4,28,398
18087,P5,0,8
18088,P3,0,1
18089,P4,23,421
18090,P5,0,8
18091,P3,0,1
18092,P4,23,444
18093,P5,0,8
18094,P3,0,1
18095,P4,21,465
18096,P5,2,10
18097,P3,0,1
18098,P4,30,495
18099,P5,1,11
18100,P3,0,1
18101,P4,30,525
18102,P5,0,11
18103,P3,0,1
18104,P4,24,549
18105,P5,1,12
18106,P3,0,1
18107,P4,21,570
18108,P5,0,12
18109,P3,0,1
18110,P4,20,590
18111,P5,1,13
18112,P3,0,1
18113,P4,28,618
18114,P5,1,14
18115,P3,0,1
18116,P4,27,645
18117,P5,0,14
18118,P3,0,1
18119,P4,21,666
18120,P5,0,14
18121,P3,0,1
18122,P4,24,690
18123,P5,0,14
18124,P3,0,1
18125,P4,27,717
18126,P5,3,17
18127,P3,0,1
18128,P4,27,744
18129,P5,1,18
18130,P3,0,1
18131,P4,24,768
18132,P5,3,21
18133,P3,0,1
18134,P4,30,798
18135,P5,0,21
18136,P3,0,1
18137,P4,28,826
18138,P5,2,23
18139,P3,0,1
18140,P4,29,855
18141,P5,0,23
18142,P3,0,0
18143,P4,0,0
18144,P5,0,0
18145,P3,0,0
18146,P4,2,2
18147,P5,46,46
18148,P3,0,0
18149,P4,0,2
18150,P5,33,79
18151,P3,0,0
18152,P4,3,5
18153,P5,31,110
18154,P3,0,0
18155,P4,0,5
18156,P5,38,148
18157,P3,0,0
18158,P4,0,5
18159,P5,42,190
18160,P3,0,0
18161,P4,1,6
18162,P5,35,225
18163,P3,0,0
18164,P4,0,6
18165,P5,33,258
18166,P3,0,0
18167,P4,1,7
18168,P5,40,298
18169,P3,0,0
18170,P4,2,9
18171,P5,41,339
18172,P3,0,0
18173,P4,0,9
18174,P5,43,382
18175,P3,0,0
18176,P4,1,10
18177,P5,33,415
18178,P3,0,0
18179,P4,0,10
18180,P5,40,455
18181,P3,0,0
18182,P4,6,16
18183,P5,42,497
18184,P3,0,0
18185,P4,0,16
18186,P5,25,522
18187,P3,0,0
18188,P4,0,16
18189,P5,31,553
18190,P3,0,0
18191,P4,1,17
18192,P5,37,590
18193,P3,0,0
18194,P4,2,19
18195,P5,38,628
18196,P3,0,0
18197,P4,1,20
18198,P5,41,669
18199,P3,0,0
18200,P4,0,20
18201,P5,36,705
18202,P3,0,0
18203,P4,0,20
18204,P5,43,748
18205,P3,0,0
18206,P4,0,20
18207,P5,40,788
18208,P3,0,0
18209,P4,0,20
18210,P5,28,816
18211,P3,0,0
18212,P4,0,20
18213,P5,31,847
18214,P3,0,0
18215,P4,2,22
18216,P5,37,884
18217,P3,0,0
18218,P4,0,22
18219,P5,41,925
18220,P3,0,0
18221,P4,2,24
18222,P5,40,965
18223,P3,0,0
18224,P4,1,25
18225,P5,41,1006
18226,P3,0,0
18227,P4,1,26
18228,P5,42,1048
18229,P3,0,0
18230,P4,0,0
18231,P5,0,0
18232,P3,0,0
18233,P4,4,4
18234,P5,14,14
18235,P3,0,0
18236,P4,4,8
18237,P5,14,28
18238,P3,0,0
18239,P4,4,12
18240,P5,12,40
18241,P3,0,0
18242,P4,4,16
18243,P5,12,52
18244,P3,0,0
18245,P4,0,0
18246,P5,0,0
18247,P3,23,23
18248,P4,29,29
18249,P5,1,1
18250,P3,36,59
18251,P4,30,59
18252,P5,0,1
18253,P3,39,98
18254,P4,41,100
18255,P5,3,4
18256,P3,34,132
18257,P4,39,139
18258,P5,2,6
18259,P3,29,161
18260,P4,46,185
18261,P5,3,9
18262,P3,50,211
18263,P4,34,219
18264,P5,2,11
18265,P3,51,262
18266,P4,27,246
18267,P5,0,11
18268,P3,55,317
18269,P4,33,279
18270,P5,1,12
18271,P3,42,359
18272,P4,29,308
18273,P5,0,12
18274,P3,55,414
18275,P4,30,338
18276,P5,2,14
18277,P3,44,458
18278,P4,39,377
18279,P5,2,16
18280,P3,50,508
18281,P4,34,411
18282,P5,1,17
18283,P3,46,554
18284,P4,31,442
18285,P5,2,19
18286,P3,0,0
18287,P4,0,0
18288,P5,0,0
18289,P3,0,0
18290,P4,51,51
18291,P5,0,0
18292,P3,0,0
18293,P4,49,100
18294,P5,0,0
18295,P3,0,0
18296,P4,53,153
18297,P5,0,0
18298,P3,0,0
18299,P4,60,213
18300,P5,0,0
18301,P3,0,0
18302,P4,58,271
18303,P5,0,0
18304,P3,0,0
18305,P4,61,332
18306,P5,0,0
18307,P3,0,0
18308,P4,58,390
18309,P5,0,0
18310,P3,0,0
18311,P4,45,435
18312,P5,0,0
18313,P3,0,0
18314,P4,57,492
18315,P5,0,0
18316,P3,0,0
18317,P4,62,554
18318,P5,0,0
18319,P3,0,0
18320,P4,60,614
18321,P5,0,0
18322,P3,0,0
18323,P4,61,675
18324,P5,0,0
18325,P3,0,0
18326,P4,52,727
18327,P5,0,0
18328,P3,0,0
18329,P4,65,792
18330,P5,0,0
18331,P3,0,0
18332,P4,58,850
18333,P5,0,0
18334,P3,0,0
18335,P4,68,918
18336,P5,0,0
18337,P3,0,0
18338,P4,69,987
18339,P5,0,0
18340,P3,0,0
18341,P4,62,1049
18342,P5,0,0
18343,P3,0,0
18344,P4,56,1105
18345,P5,0,0
18346,P3,0,0
18347,P4,65,1170
18348,P5,0,0
18349,P3,0,0
18350,P4,55,1225
18351,P5,0,0
18352,P3,0,0
18353,P4,58,1283
18354,P5,0,0
18355,P3,0,0
18356,P4,61,1344
18357,P5,0,0
18358,P3,0,0
18359,P4,60,1404
18360,P5,0,0
18361,P3,0,0
18362,P4,58,1462
18363,P5,0,0
18364,P3,0,0
18365,P4,63,1525
18366,P5,0,0
18367,P3,0,0
18368,P4,51,1576
18369,P5,0,0
18370,P3,0,0
18371,P4,59,1635
18372,P5,0,0
18373,P3,0,0
18374,P4,51,1686
18375,P5,0,0
18376,P3,0,0
18377,P4,61,1747
18378,P5,0,0
18379,P3,0,0
18380,P4,54,1801
18381,P5,0,0
18382,P3,0,0
18383,P4,55,1856
18384,P5,0,0
18385,P3,0,0
18386,P4,53,1909
18387,P5,0,0
18388,P3,0,0
18389,P4,48,1957
18390,P5,0,0
18391,P3,0,0
18392,P4,53,2010
18393,P5,0,0
18394,P3,0,0
18395,P4,55,2065
18396,P5,0,0
18397,P3,0,0
18398,P4,59,2124
18399,P5,0,0
18400,P3,0,0
18401,P4,64,2188
18402,P5,0,0
18403,P3,0,0
18404,P4,60,2248
18405,P5,0,0
18406,P3,0,0
18407,P4,53,2301
18408,P5,0,0
18409,P3,0,0
18410,P4,62,2363
18411,P5,0,0
18412,P3,0,0
18413,P4,51,2414
18414,P5,0,0
18415,P3,0,0
18416,P4,62,2476
18417,P5,0,0
18418,P3,0,0
18419,P4,62,2538
18420,P5,0,0
18421,P3,0,0
18422,P4,58,2596
18423,P5,0,0
18424,P3,0,0
18425,P4,0,0
18426,P5,0,0
18427,P3,3,3
18428,P4,10,10
18429,P5,12,12
18430,P3,5,8
18431,P4,17,27
18432,P5,7,19
18433,P3,1,9
18434,P4,12,39
18435,P5,5,24
18436,P3,4,13
18437,P4,13,52
18438,P5,9,33
18439,P3,0,13
18440,P4,10,62
18441,P5,12,45
18442,P3,2,15
18443,P4,15,77
18444,P5,4,49
18445,P3,0,15
18446,P4,9,86
18447,P5,9,58
18448,P3,1,16
18449,P4,18,104
18450,P5,8,66
18451,P3,0,16
18452,P4,16,120
18453,P5,10,76
18454,P3,1,17
18455,P4,11,131
18456,P5,8,84
18457,P3,4,21
18458,P4,11,142
18459,P5,4,88
18460,P3,3,24
18461,P4,8,150
18462,P5,11,99
18463,P3,0,24
18464,P4,11,161
18465,P5,7,106
18466,P3,6,30
18467,P4,12,173
18468,P5,4,110
18469,P3,1,31
18470,P4,15,188
18471,P5,9,119
18472,P3,3,34
18473,P4,18,206
18474,P5,5,124
18475,P3,1,35
18476,P4,12,218
18477,P5,2,126
18478,P3,2,37
18479,P4,18,236
18480,P5,11,137
18481,P3,4,41
18482,P4,14,250
18483,P5,10,147
18484,P3,1,42
18485,P4,14,264
18486,P5,9,156
18487,P3,3,45
18488,P4,12,276
18489,P5,7,163
18490,P3,3,48
18491,P4,9,285
18492,P5,8,171
18493,P3,3,51
18494,P4,17,302
18495,P5,7,178
18496,P3,0,0
18497,P4,0,0
18498,P5,0,0
18499,P3,0,0
18500,P4,1,1
18501,P5,17,17
18502,P3,0,0
18503,P4,0,1
18504,P5,18,35
18505,P3,0,0
18506,P4,0,1
18507,P5,18,53
18508,P3,0,0
18509,P4,0,1
18510,P5,16,69
18511,P3,0,0
18512,P4,1,2
18513,P5,18,87
18514,P3,0,0
18515,P4,0,2
18516,P5,18,105
18517,P3,0,0
18518,P4,0,2
18519,P5,17,122
18520,P3,0,0
18521,P4,0,2
18522,P5,16,138
18523,P3,0,0
18524,P4,1,3
18525,P5,19,157
18526,P3,0,0
18527,P4,0,3
18528,P5,20,177
18529,P3,0,0
18530,P4,0,3
18531,P5,19,196
18532,P3,0,0
18533,P4,0,3
18534,P5,20,216
18535,P3,0,0
18536,P4,0,3
18537,P5,17,233
18538,P3,0,0
18539,P4,1,4
18540,P5,18,251
18541,P3,0,0
18542,P4,0,4
18543,P5,22,273
18544,P3,0,0
18545,P4,0,4
18546,P5,17,290
18547,P3,0,0
18548,P4,0,4
18549,P5,16,306
18550,P3,0,0
18551,P4,0,4
18552,P5,20,326
18553,P3,0,0
18554,P4,0,4
18555,P5,16,342
18556,P3,0,0
18557,P4,0,4
18558,P5,16,358
18559,P3,0,0
18560,P4,0,4
18561,P5,17,375
18562,P3,0,0
18563,P4,1,5
18564,P5,21,396
18565,P3,1,1
18566,P4,0,5
18567,P5,23,419
18568,P3,0,1
18569,P4,0,5
18570,P5,17,436
18571,P3,0,1
18572,P4,0,5
18573,P5,21,457
18574,P3,1,2
18575,P4,0,5
18576,P5,26,483
18577,P3,0,2
18578,P4,0,5
18579,P5,16,499
18580,P3,0,0
18581,P4,0,0
18582,P5,0,0
18583,P3,0,0
18584,P4,5,5
18585,P5,15,15
18586,P3,0,0
18587,P4,3,8
18588,P5,16,31
18589,P3,0,0
18590,P4,3,11
18591,P5,17,48
18592,P3,0,0
18593,P4,9,20
18594,P5,14,62
18595,P3,0,0
18596,P4,7,27
18597,P5,16,78
18598,P3,0,0
18599,P4,3,30
18600,P5,16,94
18601,P3,0,0
18602,P4,11,41
18603,P5,16,110
18604,P3,0,0
18605,P4,6,47
18606,P5,16,126
18607,P3,0,0
18608,P4,2,49
18609,P5,16,142
18610,P3,0,0
18611,P4,4,53
18612,P5,15,157
18613,P3,0,0
18614,P4,5,58
18615,P5,16,173
18616,P3,0,0
18617,P4,2,60
18618,P5,16,189
18619,P3,0,0
18620,P4,4,64
18621,P5,15,204
18622,P3,0,0
18623,P4,2,66
18624,P5,16,220
18625,P3,0,0
18626,P4,5,71
18627,P5,17,237
18628,P3,0,0
18629,P4,7,78
18630,P5,16,253
18631,P3,0,0
18632,P4,0,0
18633,P5,0,0
18634,P3,0,0
18635,P4,2,2
18636,P5,21,21
18637,P3,0,0
18638,P4,0,0
18639,P5,0,0
18640,P3,0,0
18641,P4,1,1
18642,P5,18,18
18643,P3,0,0
18644,P4,0,1
18645,P5,20,38
18646,P3,0,0
18647,P4,2,3
18648,P5,18,56
18649,P3,0,0
18650,P4,2,5
18651,P5,16,72
18652,P3,0,0
18653,P4,0,0
18654,P5,0,0
18655,P3,0,0
18656,P4,0,0
18657,P5,16,16
18658,P3,0,0
18659,P4,1,1
18660,P5,16,32
18661,P3,0,0
18662,P4,0,1
18663,P5,16,48
18664,P3,0,0
18665,P4,2,3
18666,P5,14,62
18667,P3,0,0
18668,P4,1,4
18669,P5,15,77
18670,P3,0,0
18671,P4,0,4
18672,P5,16,93
18673,P3,0,0
18674,P4,0,4
18675,P5,16,109
18676,P3,0,0
18677,P4,0,4
18678,P5,16,125
18679,P3,0,0
18680,P4,0,4
18681,P5,16,141
18682,P3,0,0
18683,P4,1,5
18684,P5,15,156
18685,P3,0,0
18686,P4,1,6
18687,P5,15,171
18688,P3,0,0
18689,P4,4,10
18690,P5,12,183
18691,P3,0,0
18692,P4,1,11
18693,P5,15,198
18694,P3,0,0
18695,P4,0,11
18696,P5,16,214
18697,P3,0,0
18698,P4,1,12
18699,P5,15,229
18700,P3,0,0
18701,P4,0,12
18702,P5,16,245
18703,P3,0,0
18704,P4,0,0
18705,P5,0,0
18706,P3,2,2
18707,P4,14,14
18708,P5,2,2
18709,P3,0,0
18710,P4,0,0
18711,P5,0,0
18712,P3,3,3
18713,P4,2,2
18714,P5,15,15
18715,P3,4,7
18716,P4,1,3
18717,P5,15,30
18718,P3,5,12
18719,P4,0,3
18720,P5,17,47
18721,P3,5,17
18722,P4,1,4
18723,P5,15,62
18724,P3,3,20
18725,P4,0,4
18726,P5,17,79
18727,P3,3,23
18728,P4,0,4
18729,P5,17,96
18730,P3,6,29
18731,P4,2,6
18732,P5,14,110
18733,P3,1,30
18734,P4,0,6
18735,P5,16,126
18736,P3,1,31
18737,P4,0,6
18738,P5,17,143
18739,P3,3,34
18740,P4,0,6
18741,P5,14,157
18742,P3,4,38
18743,P4,1,7
18744,P5,19,176
18745,P3,5,43
18746,P4,3,10
18747,P5,16,192
18748,P3,3,46
18749,P4,1,11
18750,P5,16,208
18751,P3,10,56
18752,P4,0,11
18753,P5,16,224
18754,P3,5,61
18755,P4,0,11
18756,P5,15,239
18757,P3,2,63
18758,P4,2,13
18759,P5,16,255
18760,P3,2,65
18761,P4,0,13
18762,P5,16,271
18763,P3,2,67
18764,P4,0,13
18765,P5,15,286
18766,P3,5,72
18767,P4,0,13
18768,P5,16,302
18769,P3,2,74
18770,P4,0,13
18771,P5,15,317
18772,P3,5,79
18773,P4,0,13
18774,P5,15,332
18775,P3,4,83
18776,P4,0,13
18777,P5,16,348
18778,P3,0,83
18779,P4,0,13
18780,P5,15,363
18781,P3,5,88
18782,P4,0,13
18783,P5,15,378
18784,P3,5,93
18785,P4,0,13
18786,P5,15,393
18787,P3,4,97
18788,P4,0,13
18789,P5,16,409
18790,P3,9,106
18791,P4,2,15
18792,P5,13,422
18793,P3,2,108
18794,P4,0,15
18795,P5,16,438
18796,P3,3,111
18797,P4,0,15
18798,P5,17,455
18799,P3,7,118
18800,P4,0,15
18801,P5,17,472
18802,P3,7,125
18803,P4,0,15
18804,P5,17,489
18805,P3,4,129
18806,P4,0,15
18807,P5,16,505
18808,P3,10,139
18809,P4,0,15
18810,P5,15,520
18811,P3,3,142
18812,P4,0,15
18813,P5,16,536
18814,P3,1,143
18815,P4,0,15
18816,P5,16,552
18817,P3,5,148
18818,P4,1,16
18819,P5,15,567
18820,P3,6,154
18821,P4,1,17
18822,P5,15,582
18823,P3,8,162
18824,P4,3,20
18825,P5,17,599
18826,P3,3,165
18827,P4,1,21
18828,P5,14,613
18829,P3,6,171
18830,P4,2,23
18831,P5,14,627
18832,P3,6,177
18833,P4,0,23
18834,P5,17,644
18835,P3,0,0
18836,P4,0,0
18837,P5,0,0
18838,P3,0,0
18839,P4,50,50
18840,P5,0,0
18841,P3,3,3
18842,P4,52,102
18843,P5,0,0
18844,P3,2,5
18845,P4,58,160
18846,P5,0,0
18847,P3,2,7
18848,P4,49,209
18849,P5,5,5
18850,P3,4,11
18851,P4,51,260
18852,P5,1,6
18853,P3,3,14
18854,P4,56,316
18855,P5,0,6
18856,P3,1,15
18857,P4,59,375
18858,P5,2,8
18859,P3,2,17
18860,P4,46,421
18861,P5,1,9
18862,P3,1,18
18863,P4,57,478
18864,P5,1,10
18865,P3,1,19
18866,P4,54,532
18867,P5,3,13
18868,P3,0,0
18869,P4,0,0
18870,P5,0,0
18871,P3,29,29
18872,P4,0,0
18873,P5,7,7
18874,P3,42,71
18875,P4,0,0
18876,P5,5,12
18877,P3,51,122
18878,P4,0,0
18879,P5,6,18
18880,P3,50,172
18881,P4,0,0
18882,P5,6,24
18883,P3,47,219
18884,P4,0,0
18885,P5,7,31
18886,P3,0,0
18887,P4,0,0
18888,P5,0,0
18889,P3,2,2
18890,P4,13,13
18891,P5,12,12
18892,P3,2,4
18893,P4,12,25
18894,P5,13,25
18895,P3,3,7
18896,P4,16,41
18897,P5,21,46
18898,P3,0,7
18899,P4,16,57
18900,P5,9,55
18901,P3,4,11
18902,P4,16,73
18903,P5,20,75
18904,P3,0,0
18905,P4,0,0
18906,P5,0,0
18907,P3,0,0
18908,P4,9,9
18909,P5,13,13
18910,P3,0,0
18911,P4,14,23
18912,P5,11,24
18913,P3,0,0
18914,P4,10,33
18915,P5,15,39
18916,P3,0,0
18917,P4,9,42
18918,P5,15,54
18919,P3,0,0
18920,P4,12,54
18921,P5,11,65
18922,P3,0,0
18923,P4,4,58
18924,P5,16,81
18925,P3,0,0
18926,P4,7,65
18927,P5,13,94
18928,P3,0,0
18929,P4,0,0
18930,P5,0,0
18931,P3,0,0
18932,P4,22,22
18933,P5,10,10
18934,P3,0,0
18935,P4,20,42
18936,P5,5,15
18937,P3,0,0
18938,P4,22,64
18939,P5,1,16
18940,P3,0,0
18941,P4,17,81
18942,P5,6,22
18943,P3,0,0
18944,P4,19,100
18945,P5,8,30
18946,P3,0,0
18947,P4,23,123
18948,P5,5,35
18949,P3,0,0
18950,P4,18,141
18951,P5,4,39
18952,P3,0,0
18953,P4,25,166
18954,P5,2,41
18955,P3,0,0
18956,P4,17,183
18957,P5,3,44
18958,P3,0,0
18959,P4,19,202
18960,P5,3,47
18961,P3,0,0
18962,P4,15,217
18963,P5,13,60
18964,P3,0,0
18965,P4,21,238
18966,P5,7,67
18967,P3,0,0
18968,P4,19,257
18969,P5,4,71
18970,P3,0,0
18971,P4,23,280
18972,P5,11,82
18973,P3,0,0
18974,P4,18,298
18975,P5,3,85
18976,P3,0,0
18977,P4,19,317
18978,P5,4,89
18979,P3,0,0
18980,P4,18,335
18981,P5,10,99
18982,P3,0,0
18983,P4,24,359
18984,P5,12,111
18985,P3,0,0
18986,P4,19,378
18987,P5,2,113
18988,P3,0,0
18989,P4,18,396
18990,P5,11,124
18991,P3,0,0
18992,P4,24,420
18993,P5,6,130
18994,P3,0,0
18995,P4,21,441
18996,P5,3,133
18997,P3,0,0
18998,P4,21,462
18999,P5,6,139
19000,P3,0,0
19001,P4,22,484
19002,P5,4,143
19003,P3,0,0
19004,P4,19,503
19005,P5,9,152
19006,P3,1,1
19007,P4,17,520
19008,P5,3,155
19009,P3,0,1
19010,P4,21,541
19011,P5,6,161
19012,P3,0,1
19013,P4,26,567
19014,P5,5,166
19015,P3,0,1
19016,P4,23,590
19017,P5,3,169
19018,P3,0,1
19019,P4,20,610
19020,P5,1,170
19021,P3,0,1
19022,P4,19,629
19023,P5,8,178
19024,P3,0,1
19025,P4,23,652
19026,P5,7,185
19027,P3,0,0
19028,P4,0,0
19029,P5,0,0
19030,P3,1,1
19031,P4,37,37
19032,P5,12,12
19033,P3,6,7
19034,P4,26,63
19035,P5,10,22
19036,P3,10,17
19037,P4,30,93
19038,P5,12,34
19039,P3,11,28
19040,P4,32,125
19041,P5,10,44
19042,P3,10,38
19043,P4,32,157
19044,P5,13,57
19045,P3,7,45
19046,P4,35,192
19047,P5,12,69
19048,P3,6,51
19049,P4,36,228
19050,P5,9,78
19051,P3,11,62
19052,P4,35,263
19053,P5,14,92
19054,P3,12,74
19055,P4,30,293
19056,P5,13,105
19057,P3,9,83
19058,P4,33,326
19059,P5,11,116
19060,P3,5,88
19061,P4,34,360
19062,P5,11,127
19063,P3,5,93
19064,P4,29,389
19065,P5,15,142
19066,P3,5,98
19067,P4,30,419
19068,P5,15,157
19069,P3,1,99
19070,P4,28,447
19071,P5,15,172
19072,P3,6,105
19073,P4,39,486
19074,P5,14,186
19075,P3,4,109
19076,P4,29,515
19077,P5,12,198
19078,P3,17,126
19079,P4,29,544
19080,P5,11,209
19081,P3,7,133
19082,P4,33,577
19083,P5,13,222
19084,P3,3,136
19085,P4,27,604
19086,P5,13,235
19087,P3,5,141
19088,P4,33,637
19089,P5,15,250
19090,P3,8,149
19091,P4,34,671
19092,P5,14,264
19093,P3,6,155
19094,P4,33,704
19095,P5,11,275
19096,P3,8,163
19097,P4,33,737
19098,P5,11,286
19099,P3,7,170
19100,P4,31,768
19101,P5,14,300
19102,P3,6,176
19103,P4,36,804
19104,P5,12,312
19105,P3,6,182
19106,P4,39,843
19107,P5,14,326
19108,P3,10,192
19109,P4,33,876
19110,P5,11,337
19111,P3,10,202
19112,P4,37,913
19113,P5,12,349
19114,P3,6,208
19115,P4,34,947
19116,P5,12,361
19117,P3,2,210
19118,P4,33,980
19119,P5,13,374
19120,P3,7,217
19121,P4,32,1012
19122,P5,14,388
19123,P3,4,221
19124,P4,32,1044
19125,P5,14,402
19126,P3,3,224
19127,P4,35,1079
19128,P5,12,414
19129,P3,8,232
19130,P4,34,1113
19131,P5,11,425
19132,P3,5,237
19133,P4,31,1144
19134,P5,12,437
19135,P3,7,244
19136,P4,36,1180
19137,P5,12,449
19138,P3,5,249
19139,P4,35,1215
19140,P5,10,459
19141,P3,11,260
19142,P4,36,1251
19143,P5,14,473
19144,P3,6,266
19145,P4,40,1291
19146,P5,15,488
19147,P3,4,270
19148,P4,37,1328
19149,P5,16,504
19150,P3,5,275
19151,P4,34,1362
19152,P5,15,519
19153,P3,1,276
19154,P4,37,1399
19155,P5,14,533
19156,P3,9,285
19157,P4,35,1434
19158,P5,9,542
19159,P3,0,0
19160,P4,0,0
19161,P5,0,0
19162,P3,0,0
19163,P4,31,31
19164,P5,0,0
19165,P3,0,0
19166,P4,19,50
19167,P5,2,2
19168,P3,0,0
19169,P4,24,74
19170,P5,4,6
19171,P3,0,0
19172,P4,25,99
19173,P5,2,8
19174,P3,0,0
19175,P4,18,117
19176,P5,0,8
19177,P3,0,0
19178,P4,21,138
19179,P5,0,8
19180,P3,0,0
19181,P4,16,154
19182,P5,0,8
19183,P3,0,0
19184,P4,24,178
19185,P5,3,11
19186,P3,0,0
19187,P4,27,205
19188,P5,0,11
19189,P3,0,0
19190,P4,26,231
19191,P5,1,12
19192,P3,0,0
19193,P4,23,254
19194,P5,1,13
19195,P3,0,0
19196,P4,18,272
19197,P5,0,13
19198,P3,0,0
19199,P4,32,304
19200,P5,2,15
19201,P3,0,0
19202,P4,22,326
19203,P5,1,16
19204,P3,0,0
19205,P4,15,341
19206,P5,0,16
19207,P3,0,0
19208,P4,27,368
19209,P5,1,17
19210,P3,0,0
19211,P4,26,394
19212,P5,2,19
19213,P3,0,0
19214,P4,22,416
19215,P5,0,19
19216,P3,0,0
19217,P4,27,443
19218,P5,0,19
19219,P3,0,0
19220,P4,23,466
19221,P5,1,20
19222,P3,0,0
19223,P4,23,489
19224,P5,1,21
19225,P3,0,0
19226,P4,17,506
19227,P5,2,23
19228,P3,0,0
19229,P4,22,528
19230,P5,2,25
19231,P3,0,0
19232,P4,20,548
19233,P5,0,25
19234,P3,0,0
19235,P4,25,573
19236,P5,1,26
19237,P3,0,0
19238,P4,18,591
19239,P5,2,28
19240,P3,0,0
19241,P4,22,613
19242,P5,2,30
19243,P3,0,0
19244,P4,24,637
19245,P5,1,31
19246,P3,0,0
19247,P4,26,663
19248,P5,0,31
19249,P3,0,0
19250,P4,24,687
19251,P5,0,31
19252,P3,0,0
19253,P4,19,706
19254,P5,3,34
19255,P3,0,0
19256,P4,23,729
19257,P5,0,34
19258,P3,0,0
19259,P4,25,754
19260,P5,0,34
19261,P3,0,0
19262,P4,20,774
19263,P5,1,35
19264,P3,0,0
19265,P4,23,797
19266,P5,0,35
19267,P3,0,0
19268,P4,19,816
19269,P5,0,35
19270,P3,0,0
19271,P4,19,835
19272,P5,2,37
19273,P3,0,0
19274,P4,19,854
19275,P5,4,41
19276,P3,0,0
19277,P4,17,871
19278,P5,3,44
19279,P3,0,0
19280,P4,22,893
19281,P5,1,45
19282,P3,0,0
19283,P4,24,917
19284,P5,1,46
19285,P3,0,0
19286,P4,22,939
19287,P5,3,49
19288,P3,0,0
19289,P4,26,965
19290,P5,0,49
19291,P3,0,0
19292,P4,21,986
19293,P5,1,50
19294,P3,0,0
19295,P4,19,1005
19296,P5,1,51
19297,P3,0,0
19298,P4,19,1024
19299,P5,2,53
19300,P3,0,0
19301,P4,25,1049
19302,P5,2,55
19303,P3,0,0
19304,P4,19,1068
19305,P5,0,55
19306,P3,0,0
19307,P4,22,1090
19308,P5,1,56
19309,P3,0,0
19310,P4,24,1114
19311,P5,2,58
19312,P3,0,0
19313,P4,23,1137
19314,P5,1,59
19315,P3,0,0
19316,P4,25,1162
19317,P5,1,60
19318,P3,0,0
19319,P4,19,1181
19320,P5,3,63
19321,P3,0,0
19322,P4,22,1203
19323,P5,0,63
19324,P3,0,0
19325,P4,0,0
19326,P5,0,0
19327,P3,0,0
19328,P4,17,17
19329,P5,24,24
19330,P3,0,0
19331,P4,16,33
19332,P5,22,46
19333,P3,0,0
19334,P4,20,53
19335,P5,26,72
19336,P3,0,0
19337,P4,24,77
19338,P5,23,95
19339,P3,0,0
19340,P4,13,90
19341,P5,26,121
19342,P3,0,0
19343,P4,21,111
19344,P5,24,145
19345,P3,0,0
19346,P4,20,131
19347,P5,25,170
19348,P3,0,0
19349,P4,21,152
19350,P5,26,196
19351,P3,0,0
19352,P4,20,172
19353,P5,20,216
19354,P3,0,0
19355,P4,23,195
19356,P5,21,237
19357,P3,0,0
19358,P4,22,217
19359,P5,28,265
19360,P3,0,0
19361,P4,22,239
19362,P5,22,287
19363,P3,0,0
19364,P4,18,257
19365,P5,28,315
19366,P3,0,0
19367,P4,14,271
19368,P5,23,338
19369,P3,0,0
19370,P4,24,295
19371,P5,21,359
19372,P3,0,0
19373,P4,19,314
19374,P5,25,384
19375,P3,0,0
19376,P4,20,334
19377,P5,23,407
19378,P3,0,0
19379,P4,27,361
19380,P5,25,432
19381,P3,0,0
19382,P4,20,381
19383,P5,22,454
19384,P3,0,0
19385,P4,22,403
19386,P5,24,478
19387,P3,0,0
19388,P4,23,426
19389,P5,18,496
19390,P3,0,0
19391,P4,28,454
19392,P5,25,521
19393,P3,0,0
19394,P4,27,481
19395,P5,27,548
19396,P3,0,0
19397,P4,25,506
19398,P5,21,569
19399,P3,0,0
19400,P4,20,526
19401,P5,24,593
19402,P3,0,0
19403,P4,10,536
19404,P5,25,618
19405,P3,0,0
19406,P4,25,561
19407,P5,20,638
19408,P3,0,0
19409,P4,13,574
19410,P5,23,661
19411,P3,0,0
19412,P4,25,599
19413,P5,24,685
19414,P3,0,0
19415,P4,18,617
19416,P5,23,708
19417,P3,0,0
19418,P4,22,639
19419,P5,26,734
19420,P3,0,0
19421,P4,17,656
19422,P5,24,758
19423,P3,0,0
19424,P4,22,678
19425,P5,20,778
19426,P3,0,0
19427,P4,23,701
19428,P5,19,797
19429,P3,0,0
19430,P4,14,715
19431,P5,19,816
19432,P3,0,0
19433,P4,18,733
19434,P5,27,843
19435,P3,0,0
19436,P4,28,761
19437,P5,23,866
19438,P3,0,0
19439,P4,24,785
19440,P5,22,888
19441,P3,0,0
19442,P4,28,813
19443,P5,24,912
19444,P3,0,0
19445,P4,24,837
19446,P5,22,934
19447,P3,0,0
19448,P4,21,858
19449,P5,25,959
19450,P3,0,0
19451,P4,22,880
19452,P5,23,982
19453,P3,0,0
19454,P4,26,906
19455,P5,21,1003
19456,P3,0,0
19457,P4,0,0
19458,P5,0,0
19459,P3,0,0
19460,P4,7,7
19461,P5,26,26
19462,P3,0,0
19463,P4,6,13
19464,P5,28,54
19465,P3,0,0
19466,P4,7,20
19467,P5,30,84
19468,P3,0,0
19469,P4,4,24
19470,P5,27,111
19471,P3,0,0
19472,P4,4,28
19473,P5,26,137
19474,P3,0,0
19475,P4,6,34
19476,P5,26,163
19477,P3,0,0
19478,P4,9,43
19479,P5,27,190
19480,P3,0,0
19481,P4,10,53
19482,P5,28,218
19483,P3,0,0
19484,P4,9,62
19485,P5,21,239
19486,P3,0,0
19487,P4,6,68
19488,P5,28,267
19489,P3,0,0
19490,P4,5,73
19491,P5,27,294
19492,P3,0,0
19493,P4,6,79
19494,P5,25,319
19495,P3,0,0
19496,P4,7,86
19497,P5,28,347
19498,P3,0,0
19499,P4,5,91
19500,P5,29,376
19501,P3,0,0
19502,P4,7,98
19503,P5,30,406
19504,P3,0,0
19505,P4,10,108
19506,P5,27,433
19507,P3,0,0
19508,P4,7,115
19509,P5,23,456
19510,P3,0,0
19511,P4,6,121
19512,P5,25,481
19513,P3,0,0
19514,P4,10,131
19515,P5,28,509
19516,P3,0,0
19517,P4,7,138
19518,P5,28,537
19519,P3,0,0
19520,P4,0,0
19521,P5,0,0
19522,P3,0,0
19523,P4,16,16
19524,P5,4,4
19525,P3,0,0
19526,P4,17,33
19527,P5,4,8
19528,P3,0,0
19529,P4,16,49
19530,P5,2,10
19531,P3,0,0
19532,P4,16,65
19533,P5,0,10
19534,P3,0,0
19535,P4,22,87
19536,P5,1,11
19537,P3,0,0
19538,P4,12,99
19539,P5,4,15
19540,P3,4,4
19541,P4,18,117
19542,P5,4,19
19543,P3,0,4
19544,P4,19,136
19545,P5,3,22
19546,P3,0,4
19547,P4,19,155
19548,P5,0,22
19549,P3,0,4
19550,P4,13,168
19551,P5,5,27
19552,P3,0,4
19553,P4,16,184
19554,P5,7,34
19555,P3,0,4
19556,P4,7,191
19557,P5,3,37
19558,P3,0,4
19559,P4,17,208
19560,P5,2,39
19561,P3,0,4
19562,P4,13,221
19563,P5,4,43
19564,P3,0,4
19565,P4,23,244
19566,P5,0,43
19567,P3,0,4
19568,P4,16,260
19569,P5,2,45
19570,P3,0,4
19571,P4,21,281
19572,P5,2,47
19573,P3,0,4
19574,P4,15,296
19575,P5,2,49
19576,P3,0,4
19577,P4,17,313
19578,P5,1,50
19579,P3,0,4
19580,P4,20,333
19581,P5,1,51
19582,P3,0,4
19583,P4,13,346
19584,P5,2,53
19585,P3,0,4
19586,P4,15,361
19587,P5,2,55
19588,P3,1,5
19589,P4,21,382
19590,P5,3,58
19591,P3,1,6
19592,P4,20,402
19593,P5,0,58
19594,P3,0,6
19595,P4,23,425
19596,P5,3,61
19597,P3,0,6
19598,P4,17,442
19599,P5,5,66
19600,P3,0,6
19601,P4,15,457
19602,P5,5,71
19603,P3,0,6
19604,P4,13,470
19605,P5,1,72
19606,P3,0,6
19607,P4,14,484
19608,P5,0,72
19609,P3,0,6
19610,P4,16,500
19611,P5,5,77
19612,P3,0,6
19613,P4,17,517
19614,P5,3,80
19615,P3,0,6
19616,P4,16,533
19617,P5,0,80
19618,P3,0,6
19619,P4,14,547
19620,P5,2,82
19621,P3,0,0
19622,P4,0,0
19623,P5,0,0
19624,P3,0,0
19625,P4,4,4
19626,P5,19,19
19627,P3,0,0
19628,P4,0,4
19629,P5,18,37
19630,P3,0,0
19631,P4,0,4
19632,P5,17,54
19633,P3,0,0
19634,P4,1,5
19635,P5,19,73
19636,P3,0,0
19637,P4,2,7
19638,P5,18,91
19639,P3,0,0
19640,P4,2,9
19641,P5,18,109
19642,P3,0,0
19643,P4,2,11
19644,P5,16,125
19645,P3,0,0
19646,P4,1,12
19647,P5,17,142
19648,P3,0,0
19649,P4,1,13
19650,P5,18,160
19651,P3,0,0
19652,P4,2,15
19653,P5,17,177
19654,P3,0,0
19655,P4,3,18
19656,P5,20,197
19657,P3,0,0
19658,P4,0,18
19659,P5,17,214
19660,P3,0,0
19661,P4,1,19
19662,P5,18,232
19663,P3,0,0
19664,P4,1,20
19665,P5,18,250
19666,P3,0,0
19667,P4,0,20
19668,P5,18,268
19669,P3,0,0
19670,P4,5,25
19671,P5,18,286
19672,P3,0,0
19673,P4,3,28
19674,P5,22,308
19675,P3,0,0
19676,P4,3,31
19677,P5,19,327
19678,P3,0,0
19679,P4,2,33
19680,P5,17,344
19681,P3,0,0
19682,P4,1,34
19683,P5,20,364
19684,P3,0,0
19685,P4,2,36
19686,P5,15,379
19687,P3,0,0
19688,P4,1,37
19689,P5,17,396
19690,P3,0,0
19691,P4,0,37
19692,P5,17,413
19693,P3,0,0
19694,P4,1,38
19695,P5,18,431
19696,P3,0,0
19697,P4,1,39
19698,P5,18,449
19699,P3,0,0
19700,P4,1,40
19701,P5,19,468
19702,P3,0,0
19703,P4,3,43
19704,P5,18,486
19705,P3,0,0
19706,P4,1,44
19707,P5,21,507
19708,P3,0,0
19709,P4,1,45
19710,P5,20,527
19711,P3,0,0
19712,P4,2,47
19713,P5,19,546
19714,P3,0,0
19715,P4,1,48
19716,P5,17,563
19717,P3,0,0
19718,P4,2,50
19719,P5,17,580
19720,P3,0,0
19721,P4,1,51
19722,P5,18,598
19723,P3,0,0
19724,P4,0,0
19725,P5,0,0
19726,P3,1,1
19727,P4,16,16
19728,P5,6,6
19729,P3,0,1
19730,P4,13,29
19731,P5,6,12
19732,P3,0,1
19733,P4,17,46
19734,P5,11,23
19735,P3,0,0
19736,P4,0,0
19737,P5,0,0
19738,P3,10,10
19739,P4,29,29
19740,P5,15,15
19741,P3,13,23
19742,P4,28,57
19743,P5,9,24
19744,P3,19,42
19745,P4,20,77
19746,P5,12,36
19747,P3,18,60
19748,P4,25,102
19749,P5,6,42
19750,P3,19,79
19751,P4,27,129
19752,P5,11,53
19753,P3,19,98
19754,P4,26,155
19755,P5,8,61
19756,P3,22,120
19757,P4,34,189
19758,P5,10,71
19759,P3,20,140
19760,P4,28,217
19761,P5,12,83
19762,P3,9,149
19763,P4,31,248
19764,P5,11,94
19765,P3,14,163
19766,P4,27,275
19767,P5,8,102
19768,P3,24,187
19769,P4,33,308
19770,P5,8,110
19771,P3,17,204
19772,P4,27,335
19773,P5,10,120
19774,P3,18,222
19775,P4,30,365
19776,P5,12,132
19777,P3,27,249
19778,P4,24,389
19779,P5,9,141
19780,P3,15,264
19781,P4,31,420
19782,P5,9,150
19783,P3,22,286
19784,P4,27,447
19785,P5,10,160
19786,P3,16,302
19787,P4,37,484
19788,P5,9,169
19789,P3,13,315
19790,P4,35,519
19791,P5,7,176
19792,P3,19,334
19793,P4,31,550
19794,P5,11,187
19795,P3,25,359
19796,P4,26,576
19797,P5,6,193
19798,P3,22,381
19799,P4,40,616
19800,P5,8,201
19801,P3,18,399
19802,P4,27,643
19803,P5,12,213
19804,P3,11,410
19805,P4,29,672
19806,P5,7,220
19807,P3,20,430
19808,P4,29,701
19809,P5,8,228
19810,P3,18,448
19811,P4,26,727
19812,P5,6,234
19813,P3,17,465
19814,P4,33,760
19815,P5,6,240
19816,P3,16,481
19817,P4,31,791
19818,P5,9,249
19819,P3,24,505
19820,P4,32,823
19821,P5,5,254
19822,P3,17,522
19823,P4,23,846
19824,P5,9,263
19825,P3,20,542
19826,P4,26,872
19827,P5,10,273
19828,P3,13,555
19829,P4,29,901
19830,P5,11,284
19831,P3,19,574
19832,P4,32,933
19833,P5,9,293
19834,P3,19,593
19835,P4,29,962
19836,P5,7,300
19837,P3,21,614
19838,P4,35,997
19839,P5,9,309
19840,P3,20,634
19841,P4,22,1019
19842,P5,7,316
19843,P3,18,652
19844,P4,29,1048
19845,P5,12,328
19846,P3,21,673
19847,P4,25,1073
19848,P5,12,340
19849,P3,16,689
19850,P4,27,1100
19851,P5,11,351
19852,P3,22,711
19853,P4,26,1126
19854,P5,6,357
19855,P3,22,733
19856,P4,32,1158
19857,P5,10,367
19858,P3,22,755
19859,P4,28,1186
19860,P5,8,375
19861,P3,15,770
19862,P4,30,1216
19863,P5,10,385
19864,P3,25,795
19865,P4,24,1240
19866,P5,8,393
19867,P3,0,0
19868,P4,0,0
19869,P5,0,0
19870,P3,0,0
19871,P4,26,26
19872,P5,8,8
19873,P3,0,0
19874,P4,16,42
19875,P5,8,16
19876,P3,0,0
19877,P4,21,63
19878,P5,6,22
19879,P3,0,0
19880,P4,10,73
19881,P5,7,29
19882,P3,0,0
19883,P4,21,94
19884,P5,9,38
19885,P3,0,0
19886,P4,20,114
19887,P5,4,42
19888,P3,0,0
19889,P4,18,132
19890,P5,7,49
19891,P3,0,0
19892,P4,12,144
19893,P5,11,60
19894,P3,0,0
19895,P4,15,159
19896,P5,8,68
19897,P3,0,0
19898,P4,16,175
19899,P5,6,74
19900,P3,0,0
19901,P4,19,194
19902,P5,8,82
19903,P3,0,0
19904,P4,14,208
19905,P5,6,88
19906,P3,0,0
19907,P4,14,222
19908,P5,3,91
19909,P3,0,0
19910,P4,0,0
19911,P5,0,0
19912,P3,1,1
19913,P4,0,0
19914,P5,31,31
19915,P3,6,7
19916,P4,0,0
19917,P5,25,56
19918,P3,5,12
19919,P4,1,1
19920,P5,24,80
19921,P3,5,17
19922,P4,1,2
19923,P5,29,109
19924,P3,4,21
19925,P4,0,2
19926,P5,25,134
19927,P3,6,27
19928,P4,0,2
19929,P5,24,158
19930,P3,0,0
19931,P4,0,0
19932,P5,0,0
19933,P3,2,2
19934,P4,16,16
19935,P5,16,16
19936,P3,6,8
19937,P4,19,35
19938,P5,16,32
19939,P3,0,8
19940,P4,20,55
19941,P5,16,48
19942,P3,2,10
19943,P4,23,78
19944,P5,16,64
19945,P3,6,16
19946,P4,18,96
19947,P5,16,80
19948,P3,2,18
19949,P4,22,118
19950,P5,17,97
19951,P3,6,24
19952,P4,22,140
19953,P5,16,113
19954,P3,4,28
19955,P4,19,159
19956,P5,17,130
19957,P3,7,35
19958,P4,18,177
19959,P5,17,147
19960,P3,3,38
19961,P4,17,194
19962,P5,17,164
19963,P3,3,41
19964,P4,26,220
19965,P5,16,180
19966,P3,7,48
19967,P4,20,240
19968,P5,16,196
19969,P3,6,54
19970,P4,18,258
19971,P5,16,212
19972,P3,5,59
19973,P4,22,280
19974,P5,16,228
19975,P3,2,61
19976,P4,17,297
19977,P5,16,244
19978,P3,2,63
19979,P4,22,319
19980,P5,18,262
19981,P3,4,67
19982,P4,23,342
19983,P5,16,278
19984,P3,6,73
19985,P4,23,365
19986,P5,16,294
19987,P3,1,74
19988,P4,19,384
19989,P5,16,310
19990,P3,5,79
19991,P4,11,395
19992,P5,16,326
19993,P3,2,81
19994,P4,17,412
19995,P5,16,342
19996,P3,1,82
19997,P4,21,433
19998,P5,16,358
19999,P3,3,85
20000,P4,20,453
20001,P5,16,374
20002,P3,5,90
20003,P4,27,480
20004,P5,16,390
20005,P3,4,94
20006,P4,23,503
20007,P5,16,406
20008,P3,2,96
20009,P4,17,520
20010,P5,16,422
20011,P3,5,101
20012,P4,13,533
20013,P5,16,438
20014,P3,5,106
20015,P4,22,555
20016,P5,17,455
20017,P3,4,110
20018,P4,23,578
20019,P5,16,471
20020,P3,1,111
20021,P4,25,603
20022,P5,16,487
20023,P3,3,114
20024,P4,14,617
20025,P5,16,503
20026,P3,1,115
20027,P4,21,638
20028,P5,16,519
20029,P3,4,119
20030,P4,22,660
20031,P5,16,535
20032,P3,1,120
20033,P4,17,677
20034,P5,16,551
20035,P3,0,0
20036,P4,0,0
20037,P5,0,0
20038,P3,1,1
20039,P4,0,0
20040,P5,16,16
20041,P3,7,8
20042,P4,0,0
20043,P5,16,32
20044,P3,2,10
20045,P4,0,0
20046,P5,16,48
20047,P3,2,12
20048,P4,0,0
20049,P5,16,64
20050,P3,1,13
20051,P4,0,0
20052,P5,16,80
20053,P3,4,17
20054,P4,0,0
20055,P5,17,97
20056,P3,0,17
20057,P4,0,0
20058,P5,16,113
20059,P3,4,21
20060,P4,0,0
20061,P5,16,129
20062,P3,1,22
20063,P4,0,0
20064,P5,16,145
20065,P3,2,24
20066,P4,0,0
20067,P5,16,161
20068,P3,1,25
20069,P4,0,0
20070,P5,16,177
20071,P3,3,28
20072,P4,0,0
20073,P5,16,193
20074,P3,0,28
20075,P4,0,0
20076,P5,17,210
20077,P3,2,30
20078,P4,0,0
20079,P5,16,226
20080,P3,0,30
20081,P4,0,0
20082,P5,16,242
20083,P3,1,31
20084,P4,0,0
20085,P5,16,258
20086,P3,2,33
20087,P4,0,0
20088,P5,16,274
20089,P3,3,36
20090,P4,0,0
20091,P5,18,292
20092,P3,4,40
20093,P4,0,0
20094,P5,16,308
20095,P3,3,43
20096,P4,0,0
20097,P5,16,324
20098,P3,1,44
20099,P4,0,0
20100,P5,17,341
20101,P3,1,45
20102,P4,0,0
20103,P5,16,357
20104,P3,3,48
20105,P4,0,0
20106,P5,17,374
20107,P3,2,50
20108,P4,0,0
20109,P5,16,390
20110,P3,3,53
20111,P4,0,0
20112,P5,17,407
20113,P3,2,55
20114,P4,0,0
20115,P5,17,424
20116,P3,0,55
20117,P4,0,0
20118,P5,16,440
20119,P3,0,0
20120,P4,0,0
20121,P5,0,0
20122,P3,1,1
20123,P4,31,31
20124,P5,0,0
20125,P3,3,4
20126,P4,31,62
20127,P5,0,0
20128,P3,3,7
20129,P4,30,92
20130,P5,0,0
20131,P3,5,12
20132,P4,29,121
20133,P5,0,0
20134,P3,2,14
20135,P4,29,150
20136,P5,0,0
20137,P3,2,16
20138,P4,28,178
20139,P5,0,0
20140,P3,0,0
20141,P4,0,0
20142,P5,0,0
20143,P3,0,0
20144,P4,7,7
20145,P5,14,14
20146,P3,1,1
20147,P4,7,14
20148,P5,13,27
20149,P3,0,1
20150,P4,4,18
20151,P5,14,41
20152,P3,0,0
20153,P4,0,0
20154,P5,0,0
20155,P3,9,9
20156,P4,29,29
20157,P5,5,5
20158,P3,8,17
20159,P4,30,59
20160,P5,8,13
20161,P3,14,31
20162,P4,25,84
20163,P5,12,25
20164,P3,14,45
20165,P4,21,105
20166,P5,9,34
20167,P3,15,60
20168,P4,27,132
20169,P5,8,42
20170,P3,11,71
20171,P4,36,168
20172,P5,7,49
20173,P3,11,82
20174,P4,32,200
20175,P5,8,57
20176,P3,14,96
20177,P4,34,234
20178,P5,7,64
20179,P3,10,106
20180,P4,27,261
20181,P5,12,76
20182,P3,12,118
20183,P4,26,287
20184,P5,11,87
20185,P3,9,127
20186,P4,37,324
20187,P5,11,98
20188,P3,13,140
20189,P4,32,356
20190,P5,9,107
20191,P3,0,0
20192,P4,0,0
20193,P5,0,0
20194,P3,1,1
20195,P4,0,0
20196,P5,17,17
20197,P3,3,4
20198,P4,0,0
20199,P5,16,33
20200,P3,6,10
20201,P4,0,0
20202,P5,16,49
20203,P3,0,0
20204,P4,0,0
20205,P5,0,0
20206,P3,6,6
20207,P4,11,11
20208,P5,0,0
20209,P3,0,0
20210,P4,0,0
20211,P5,0,0
20212,P3,0,0
20213,P4,21,21
20214,P5,0,0
20215,P3,0,0
20216,P4,18,39
20217,P5,1,1
20218,P3,1,1
20219,P4,21,60
20220,P5,2,3
20221,P3,1,2
20222,P4,20,80
20223,P5,1,4
20224,P3,0,2
20225,P4,20,100
20226,P5,2,6
20227,P3,0,2
20228,P4,22,122
20229,P5,1,7
20230,P3,0,2
20231,P4,22,144
20232,P5,0,7
20233,P3,0,2
20234,P4,26,170
20235,P5,0,7
20236,P3,0,2
20237,P4,20,190
20238,P5,0,7
20239,P3,0,2
20240,P4,19,209
20241,P5,3,10
20242,P3,0,2
20243,P4,19,228
20244,P5,0,10
20245,P3,0,2
20246,P4,19,247
20247,P5,1,11
20248,P3,0,2
20249,P4,22,269
20250,P5,1,12
20251,P3,0,2
20252,P4,17,286
20253,P5,0,12
20254,P3,0,2
20255,P4,20,306
20256,P5,2,14
20257,P3,0,2
20258,P4,20,326
20259,P5,1,15
20260,P3,0,2
20261,P4,21,347
20262,P5,0,15
20263,P3,0,2
20264,P4,16,363
20265,P5,6,21
20266,P3,0,2
20267,P4,16,379
20268,P5,0,21
20269,P3,0,2
20270,P4,23,402
20271,P5,0,21
20272,P3,1,3
20273,P4,17,419
20274,P5,1,22
20275,P3,0,0
20276,P4,0,0
20277,P5,0,0
20278,P3,2,2
20279,P4,4,4
20280,P5,20,20
20281,P3,2,4
20282,P4,0,4
20283,P5,20,40
20284,P3,1,5
20285,P4,1,5
20286,P5,22,62
20287,P3,2,7
20288,P4,1,6
20289,P5,18,80
20290,P3,3,10
20291,P4,1,7
20292,P5,25,105
20293,P3,5,15
20294,P4,0,7
20295,P5,27,132
20296,P3,3,18
20297,P4,1,8
20298,P5,21,153
20299,P3,2,20
20300,P4,3,11
20301,P5,24,177
20302,P3,0,0
20303,P4,0,0
20304,P5,0,0
20305,P3,0,0
20306,P4,80,80
20307,P5,7,7
20308,P3,0,0
20309,P4,80,160
20310,P5,14,21
20311,P3,0,0
20312,P4,95,255
20313,P5,4,25
20314,P3,0,0
20315,P4,76,331
20316,P5,7,32
20317,P3,0,0
20318,P4,70,401
20319,P5,4,36
20320,P3,0,0
20321,P4,77,478
20322,P5,10,46
20323,P3,0,0
20324,P4,84,562
20325,P5,4,50
20326,P3,0,0
20327,P4,73,635
20328,P5,8,58
20329,P3,0,0
20330,P4,71,706
20331,P5,10,68
20332,P3,0,0
20333,P4,82,788
20334,P5,8,76
20335,P3,0,0
20336,P4,86,874
20337,P5,8,84
20338,P3,0,0
20339,P4,70,944
20340,P5,12,96
20341,P3,0,0
20342,P4,67,1011
20343,P5,9,105
20344,P3,0,0
20345,P4,75,1086
20346,P5,9,114
20347,P3,0,0
20348,P4,73,1159
20349,P5,10,124
20350,P3,0,0
20351,P4,82,1241
20352,P5,7,131
20353,P3,0,0
20354,P4,74,1315
20355,P5,7,138
20356,P3,0,0
20357,P4,76,1391
20358,P5,10,148
20359,P3,0,0
20360,P4,73,1464
20361,P5,7,155
20362,P3,0,0
20363,P4,80,1544
20364,P5,6,161
20365,P3,0,0
20366,P4,84,1628
20367,P5,10,171
20368,P3,0,0
20369,P4,80,1708
20370,P5,12,183
20371,P3,0,0
20372,P4,70,1778
20373,P5,8,191
20374,P3,0,0
20375,P4,68,1846
20376,P5,4,195
20377,P3,1,1
20378,P4,82,1928
20379,P5,10,205
20380,P3,0,1
20381,P4,89,2017
20382,P5,8,213
20383,P3,0,1
20384,P4,77,2094
20385,P5,12,225
20386,P3,0,1
20387,P4,91,2185
20388,P5,11,236
20389,P3,0,1
20390,P4,92,2277
20391,P5,13,249
20392,P3,0,1
20393,P4,81,2358
20394,P5,7,256
20395,P3,0,1
20396,P4,82,2440
20397,P5,10,266
20398,P3,0,1
20399,P4,81,2521
20400,P5,5,271
20401,P3,1,2
20402,P4,83,2604
20403,P5,8,279
20404,P3,0,2
20405,P4,80,2684
20406,P5,10,289
20407,P3,0,2
20408,P4,80,2764
20409,P5,13,302
20410,P3,0,2
20411,P4,79,2843
20412,P5,8,310
20413,P3,0,2
20414,P4,85,2928
20415,P5,7,317
20416,P3,0,2
20417,P4,73,3001
20418,P5,9,326
20419,P3,0,2
20420,P4,78,3079
20421,P5,8,334
20422,P3,0,2
20423,P4,91,3170
20424,P5,9,343
20425,P3,0,2
20426,P4,79,3249
20427,P5,10,353
20428,P3,0,2
20429,P4,71,3320
20430,P5,10,363
20431,P3,0,2
20432,P4,74,3394
20433,P5,12,375
20434,P3,0,2
20435,P4,74,3468
20436,P5,10,385
20437,P3,0,2
20438,P4,83,3551
20439,P5,13,398
20440,P3,1,3
20441,P4,82,3633
20442,P5,11,409
20443,P3,0,0
20444,P4,0,0
20445,P5,0,0
20446,P3,0,0
20447,P4,20,20
20448,P5,15,15
20449,P3,0,0
20450,P4,14,34
20451,P5,14,29
20452,P3,1,1
20453,P4,10,44
20454,P5,16,45
20455,P3,1,2
20456,P4,8,52
20457,P5,20,65
20458,P3,1,3
20459,P4,19,71
20460,P5,17,82
20461,P3,3,6
20462,P4,8,79
20463,P5,17,99
20464,P3,1,7
20465,P4,13,92
20466,P5,17,116
20467,P3,0,7
20468,P4,17,109
20469,P5,17,133
20470,P3,0,7
20471,P4,7,116
20472,P5,15,148
20473,P3,1,8
20474,P4,14,130
20475,P5,15,163
20476,P3,0,8
20477,P4,6,136
20478,P5,14,177
20479,P3,1,9
20480,P4,9,145
20481,P5,12,189
20482,P3,0,9
20483,P4,13,158
20484,P5,18,207
20485,P3,0,9
20486,P4,11,169
20487,P5,16,223
20488,P3,0,9
20489,P4,9,178
20490,P5,14,237
20491,P3,0,9
20492,P4,6,184
20493,P5,16,253
20494,P3,2,11
20495,P4,11,195
20496,P5,12,265
20497,P3,1,12
20498,P4,20,215
20499,P5,10,275
20500,P3,0,12
20501,P4,8,223
20502,P5,18,293
20503,P3,0,12
20504,P4,19,242
20505,P5,12,305
20506,P3,3,15
20507,P4,12,254
20508,P5,14,319
20509,P3,1,16
20510,P4,12,266
20511,P5,16,335
20512,P3,1,17
20513,P4,14,280
20514,P5,14,349
20515,P3,0,17
20516,P4,13,293
20517,P5,25,374
20518,P3,0,17
20519,P4,10,303
20520,P5,15,389
20521,P3,0,17
20522,P4,7,310
20523,P5,18,407
20524,P3,0,17
20525,P4,6,316
20526,P5,18,425
20527,P3,1,18
20528,P4,9,325
20529,P5,16,441
20530,P3,0,18
20531,P4,15,340
20532,P5,9,450
20533,P3,0,18
20534,P4,14,354
20535,P5,11,461
20536,P3,1,19
20537,P4,15,369
20538,P5,9,470
20539,P3,0,19
20540,P4,11,380
20541,P5,23,493
20542,P3,2,21
20543,P4,11,391
20544,P5,21,514
20545,P3,0,21
20546,P4,9,400
20547,P5,18,532
20548,P3,2,23
20549,P4,9,409
20550,P5,15,547
20551,P3,0,23
20552,P4,11,420
20553,P5,17,564
20554,P3,0,23
20555,P4,9,429
20556,P5,16,580
20557,P3,2,25
20558,P4,11,440
20559,P5,16,596
20560,P3,0,25
20561,P4,11,451
20562,P5,14,610
20563,P3,0,25
20564,P4,15,466
20565,P5,14,624
20566,P3,0,25
20567,P4,16,482
20568,P5,18,642
20569,P3,0,25
20570,P4,6,488
20571,P5,16,658
20572,P3,0,25
20573,P4,12,500
20574,P5,24,682
20575,P3,0,25
20576,P4,26,526
20577,P5,14,696
20578,P3,0,25
20579,P4,14,540
20580,P5,13,709
20581,P3,0,0
20582,P4,0,0
20583,P5,0,0
20584,P3,4,4
20585,P4,13,13
20586,P5,3,3
20587,P3,3,7
20588,P4,14,27
20589,P5,0,3
20590,P3,3,10
20591,P4,16,43
20592,P5,0,3
20593,P3,0,10
20594,P4,15,58
20595,P5,0,3
20596,P3,2,12
20597,P4,16,74
20598,P5,2,5
20599,P3,3,15
20600,P4,14,88
20601,P5,0,5
20602,P3,8,23
20603,P4,12,100
20604,P5,1,6
20605,P3,1,24
20606,P4,15,115
20607,P5,1,7
20608,P3,6,30
20609,P4,13,128
20610,P5,2,9
20611,P3,3,33
20612,P4,18,146
20613,P5,1,10
20614,P3,1,34
20615,P4,16,162
20616,P5,0,10
20617,P3,6,40
20618,P4,14,176
20619,P5,2,12
20620,P3,5,45
20621,P4,16,192
20622,P5,0,12
20623,P3,2,47
20624,P4,15,207
20625,P5,0,12
20626,P3,4,51
20627,P4,14,221
20628,P5,1,13
20629,P3,6,57
20630,P4,14,235
20631,P5,1,14
20632,P3,1,58
20633,P4,15,250
20634,P5,0,14
20635,P3,7,65
20636,P4,14,264
20637,P5,0,14
20638,P3,5,70
20639,P4,11,275
20640,P5,2,16
20641,P3,6,76
20642,P4,15,290
20643,P5,0,16
20644,P3,5,81
20645,P4,15,305
20646,P5,2,18
20647,P3,2,83
20648,P4,15,320
20649,P5,3,21
20650,P3,2,85
20651,P4,17,337
20652,P5,2,23
20653,P3,3,88
20654,P4,15,352
20655,P5,3,26
20656,P3,5,93
20657,P4,14,366
20658,P5,1,27
20659,P3,0,0
20660,P4,0,0
20661,P5,0,0
20662,P3,0,0
20663,P4,0,0
20664,P5,24,24
20665,P3,0,0
20666,P4,4,4
20667,P5,19,43
20668,P3,0,0
20669,P4,3,7
20670,P5,23,66
20671,P3,0,0
20672,P4,0,7
20673,P5,19,85
20674,P3,0,0
20675,P4,1,8
20676,P5,19,104
20677,P3,0,0
20678,P4,1,9
20679,P5,16,120
20680,P3,0,0
20681,P4,0,9
20682,P5,20,140
20683,P3,0,0
20684,P4,0,0
20685,P5,0,0
20686,P3,0,0
20687,P4,15,15
20688,P5,37,37
20689,P3,0,0
20690,P4,12,27
20691,P5,37,74
20692,P3,0,0
20693,P4,9,36
20694,P5,39,113
20695,P3,0,0
20696,P4,15,51
20697,P5,35,148
20698,P3,0,0
20699,P4,0,0
20700,P5,0,0
20701,P3,1,1
20702,P4,13,13
20703,P5,14,14
20704,P3,1,2
20705,P4,12,25
20706,P5,13,27
20707,P3,1,3
20708,P4,11,36
20709,P5,14,41
20710,P3,0,3
20711,P4,16,52
20712,P5,12,53
20713,P3,0,3
20714,P4,14,66
20715,P5,12,65
20716,P3,2,5
20717,P4,14,80
20718,P5,14,79
20719,P3,0,5
20720,P4,6,86
20721,P5,16,95
20722,P3,2,7
20723,P4,16,102
20724,P5,13,108
20725,P3,1,8
20726,P4,17,119
20727,P5,14,122
20728,P3,0,8
20729,P4,13,132
20730,P5,14,136
20731,P3,2,10
20732,P4,23,155
20733,P5,12,148
20734,P3,0,10
20735,P4,13,168
20736,P5,12,160
20737,P3,1,11
20738,P4,19,187
20739,P5,11,171
20740,P3,2,13
20741,P4,18,205
20742,P5,14,185
20743,P3,2,15
20744,P4,20,225
20745,P5,12,197
20746,P3,1,16
20747,P4,11,236
20748,P5,14,211
20749,P3,1,17
20750,P4,11,247
20751,P5,13,224
20752,P3,0,17
20753,P4,20,267
20754,P5,10,234
20755,P3,0,17
20756,P4,18,285
20757,P5,9,243
20758,P3,0,17
20759,P4,15,300
20760,P5,16,259
20761,P3,1,18
20762,P4,15,315
20763,P5,11,270
20764,P3,0,18
20765,P4,16,331
20766,P5,10,280
20767,P3,1,19
20768,P4,11,342
20769,P5,13,293
20770,P3,0,19
20771,P4,15,357
20772,P5,14,307
20773,P3,0,19
20774,P4,11,368
20775,P5,13,320
20776,P3,0,19
20777,P4,18,386
20778,P5,13,333
20779,P3,1,20
20780,P4,12,398
20781,P5,14,347
20782,P3,0,20
20783,P4,12,410
20784,P5,16,363
20785,P3,2,22
20786,P4,18,428
20787,P5,13,376
20788,P3,0,22
20789,P4,10,438
20790,P5,14,390
20791,P3,2,24
20792,P4,14,452
20793,P5,15,405
20794,P3,1,25
20795,P4,16,468
20796,P5,14,419
20797,P3,1,26
20798,P4,15,483
20799,P5,13,432
20800,P3,1,27
20801,P4,16,499
20802,P5,12,444
20803,P3,1,28
20804,P4,19,518
20805,P5,11,455
20806,P3,1,29
20807,P4,10,528
20808,P5,14,469
20809,P3,0,29
20810,P4,17,545
20811,P5,12,481
20812,P3,0,29
20813,P4,11,556
20814,P5,14,495
20815,P3,1,30
20816,P4,15,571
20817,P5,12,507
20818,P3,3,33
20819,P4,19,590
20820,P5,10,517
20821,P3,0,33
20822,P4,11,601
20823,P5,13,530
20824,P3,1,34
20825,P4,16,617
20826,P5,14,544
20827,P3,0,34
20828,P4,13,630
20829,P5,12,556
20830,P3,1,35
20831,P4,14,644
20832,P5,13,569
20833,P3,1,36
20834,P4,18,662
20835,P5,9,578
20836,P3,0,0
20837,P4,0,0
20838,P5,0,0
20839,P3,0,0
20840,P4,117,117
20841,P5,0,0
20842,P3,0,0
20843,P4,105,222
20844,P5,2,2
20845,P3,0,0
20846,P4,106,328
20847,P5,0,2
20848,P3,0,0
20849,P4,101,429
20850,P5,0,2
20851,P3,0,0
20852,P4,113,542
20853,P5,0,2
20854,P3,0,0
20855,P4,114,656
20856,P5,0,2
20857,P3,0,0
20858,P4,123,779
20859,P5,0,2
20860,P3,0,0
20861,P4,117,896
20862,P5,0,2
20863,P3,0,0
20864,P4,112,1008
20865,P5,0,2
20866,P3,0,0
20867,P4,121,1129
20868,P5,0,2
20869,P3,0,0
20870,P4,106,1235
20871,P5,0,2
20872,P3,0,0
20873,P4,124,1359
20874,P5,0,2
20875,P3,0,0
20876,P4,118,1477
20877,P5,0,2
20878,P3,0,0
20879,P4,113,1590
20880,P5,0,2
20881,P3,0,0
20882,P4,112,1702
20883,P5,0,2
20884,P3,0,0
20885,P4,115,1817
20886,P5,0,2
20887,P3,0,0
20888,P4,119,1936
20889,P5,0,2
20890,P3,0,0
20891,P4,0,0
20892,P5,0,0
20893,P3,0,0
20894,P4,23,23
20895,P5,5,5
20896,P3,0,0
20897,P4,18,41
20898,P5,3,8
20899,P3,3,3
20900,P4,21,62
20901,P5,10,18
20902,P3,1,4
20903,P4,28,90
20904,P5,8,26
20905,P3,0,4
20906,P4,30,120
20907,P5,8,34
20908,P3,1,5
20909,P4,26,146
20910,P5,6,40
20911,P3,3,8
20912,P4,23,169
20913,P5,8,48
20914,P3,2,10
20915,P4,22,191
20916,P5,5,53
20917,P3,2,12
20918,P4,17,208
20919,P5,9,62
20920,P3,1,13
20921,P4,28,236
20922,P5,6,68
20923,P3,1,14
20924,P4,20,256
20925,P5,9,77
20926,P3,1,15
20927,P4,21,277
20928,P5,11,88
20929,P3,2,17
20930,P4,23,300
20931,P5,7,95
20932,P3,0,17
20933,P4,27,327
20934,P5,11,106
20935,P3,4,21
20936,P4,19,346
20937,P5,8,114
20938,P3,1,22
20939,P4,27,373
20940,P5,11,125
20941,P3,2,24
20942,P4,22,395
20943,P5,5,130
20944,P3,1,25
20945,P4,31,426
20946,P5,8,138
20947,P3,0,25
20948,P4,20,446
20949,P5,12,150
20950,P3,0,25
20951,P4,23,469
20952,P5,7,157
20953,P3,3,28
20954,P4,26,495
20955,P5,9,166
20956,P3,4,32
20957,P4,24,519
20958,P5,7,173
20959,P3,2,34
20960,P4,18,537
20961,P5,6,179
20962,P3,0,34
20963,P4,17,554
20964,P5,3,182
20965,P3,1,35
20966,P4,24,578
20967,P5,2,184
20968,P3,1,36
20969,P4,19,597
20970,P5,5,189
20971,P3,0,36
20972,P4,21,618
20973,P5,7,196
20974,P3,1,37
20975,P4,22,640
20976,P5,1,197
20977,P3,1,38
20978,P4,20,660
20979,P5,9,206
20980,P3,1,39
20981,P4,25,685
20982,P5,2,208
20983,P3,0,39
20984,P4,24,709
20985,P5,5,213
20986,P3,1,40
20987,P4,29,738
20988,P5,7,220
20989,P3,1,41
20990,P4,21,759
20991,P5,7,227
20992,P3,10,51
20993,P4,24,783
20994,P5,5,232
20995,P3,0,51
20996,P4,17,800
20997,P5,4,236
20998,P3,1,52
20999,P4,27,827
21000,P5,9,245
21001,P3,1,53
21002,P4,18,845
21003,P5,9,254
21004,P3,2,55
21005,P4,18,863
21006,P5,6,260
21007,P3,1,56
21008,P4,20,883
21009,P5,11,271
21010,P3,4,60
21011,P4,19,902
21012,P5,5,276
21013,P3,3,63
21014,P4,15,917
21015,P5,10,286
21016,P3,0,63
21017,P4,22,939
21018,P5,9,295
21019,P3,4,67
21020,P4,28,967
21021,P5,9,304
21022,P3,1,68
21023,P4,25,992
21024,P5,6,310
21025,P3,2,70
21026,P4,24,1016
21027,P5,8,318
21028,P3,0,70
21029,P4,27,1043
21030,P5,7,325
21031,P3,1,71
21032,P4,19,1062
21033,P5,8,333
21034,P3,0,71
21035,P4,24,1086
21036,P5,7,340
21037,P3,1,72
21038,P4,23,1109
21039,P5,6,346
21040,P3,1,73
21041,P4,15,1124
21042,P5,10,356
21043,P3,2,75
21044,P4,21,1145
21045,P5,7,363
21046,P3,3,78
21047,P4,26,1171
21048,P5,10,373
21049,P3,0,78
21050,P4,28,1199
21051,P5,4,377
21052,P3,0,78
21053,P4,27,1226
21054,P5,6,383
21055,P3,0,78
21056,P4,19,1245
21057,P5,8,391
21058,P3,3,81
21059,P4,26,1271
21060,P5,5,396
21061,P3,2,83
21062,P4,24,1295
21063,P5,4,400
21064,P3,1,84
21065,P4,22,1317
21066,P5,5,405
21067,P3,2,86
21068,P4,21,1338
21069,P5,9,414
21070,P3,4,90
21071,P4,26,1364
21072,P5,8,422
21073,P3,4,94
21074,P4,24,1388
21075,P5,9,431
21076,P3,1,95
21077,P4,21,1409
21078,P5,4,435
21079,P3,1,96
21080,P4,17,1426
21081,P5,12,447
21082,P3,1,97
21083,P4,23,1449
21084,P5,5,452
21085,P3,1,98
21086,P4,29,1478
21087,P5,3,455
21088,P3,0,0
21089,P4,0,0
21090,P5,0,0
21091,P3,0,0
21092,P4,23,23
21093,P5,3,3
21094,P3,0,0
21095,P4,21,44
21096,P5,0,3
21097,P3,0,0
21098,P4,24,68
21099,P5,0,3
21100,P3,0,0
21101,P4,23,91
21102,P5,3,6
21103,P3,0,0
21104,P4,22,113
21105,P5,2,8
21106,P3,0,0
21107,P4,19,132
21108,P5,2,10
21109,P3,0,0
21110,P4,22,154
21111,P5,5,15
21112,P3,0,0
21113,P4,21,175
21114,P5,2,17
21115,P3,0,0
21116,P4,29,204
21117,P5,1,18
21118,P3,0,0
21119,P4,25,229
21120,P5,6,24
21121,P3,0,0
21122,P4,24,253
21123,P5,1,25
21124,P3,0,0
21125,P4,18,271
21126,P5,3,28
21127,P3,0,0
21128,P4,21,292
21129,P5,3,31
21130,P3,0,0
21131,P4,24,316
21132,P5,3,34
21133,P3,0,0
21134,P4,0,0
21135,P5,0,0
21136,P3,1,1
21137,P4,13,13
21138,P5,3,3
21139,P3,1,2
21140,P4,9,22
21141,P5,7,10
21142,P3,1,3
21143,P4,10,32
21144,P5,7,17
21145,P3,2,5
21146,P4,15,47
21147,P5,2,19
21148,P3,1,6
21149,P4,14,61
21150,P5,3,22
21151,P3,1,7
21152,P4,16,77
21153,P5,3,25
21154,P3,3,10
21155,P4,18,95
21156,P5,2,27
21157,P3,1,11
21158,P4,17,112
21159,P5,2,29
21160,P3,0,11
21161,P4,16,128
21162,P5,3,32
21163,P3,1,12
21164,P4,11,139
21165,P5,6,38
21166,P3,0,0
21167,P4,0,0
21168,P5,0,0
21169,P3,20,20
21170,P4,61,61
21171,P5,1,1
21172,P3,17,37
21173,P4,60,121
21174,P5,0,1
21175,P3,23,60
21176,P4,51,172
21177,P5,3,4
21178,P3,26,86
21179,P4,50,222
21180,P5,3,7
21181,P3,29,115
21182,P4,53,275
21183,P5,6,13
21184,P3,30,145
21185,P4,70,345
21186,P5,2,15
21187,P3,25,170
21188,P4,54,399
21189,P5,0,15
21190,P3,30,200
21191,P4,63,462
21192,P5,3,18
21193,P3,21,221
21194,P4,63,525
21195,P5,1,19
21196,P3,24,245
21197,P4,54,579
21198,P5,7,26
21199,P3,32,277
21200,P4,51,630
21201,P5,3,29
21202,P3,24,301
21203,P4,51,681
21204,P5,1,30
21205,P3,20,321
21206,P4,63,744
21207,P5,4,34
21208,P3,25,346
21209,P4,60,804
21210,P5,1,35
21211,P3,30,376
21212,P4,65,869
21213,P5,3,38
21214,P3,20,396
21215,P4,52,921
21216,P5,2,40
21217,P3,25,421
21218,P4,44,965
21219,P5,1,41
21220,P3,28,449
21221,P4,54,1019
21222,P5,5,46
21223,P3,22,471
21224,P4,48,1067
21225,P5,1,47
21226,P3,27,498
21227,P4,54,1121
21228,P5,1,48
21229,P3,25,523
21230,P4,54,1175
21231,P5,1,49
21232,P3,31,554
21233,P4,62,1237
21234,P5,5,54
21235,P3,23,577
21236,P4,54,1291
21237,P5,1,55
21238,P3,24,601
21239,P4,57,1348
21240,P5,3,58
21241,P3,26,627
21242,P4,58,1406
21243,P5,1,59
21244,P3,22,649
21245,P4,44,1450
21246,P5,6,65
21247,P3,30,679
21248,P4,50,1500
21249,P5,10,75
21250,P3,0,0
21251,P4,0,0
21252,P5,0,0
21253,P3,0,0
21254,P4,14,14
21255,P5,13,13
21256,P3,0,0
21257,P4,0,0
21258,P5,0,0
21259,P3,0,0
21260,P4,11,11
21261,P5,13,13
21262,P3,4,4
21263,P4,10,21
21264,P5,5,18
21265,P3,3,7
21266,P4,9,30
21267,P5,7,25
21268,P3,3,10
21269,P4,12,42
21270,P5,3,28
21271,P3,3,13
21272,P4,11,53
21273,P5,4,32
21274,P3,1,14
21275,P4,4,57
21276,P5,10,42
21277,P3,2,16
21278,P4,8,65
21279,P5,9,51
21280,P3,0,16
21281,P4,9,74
21282,P5,4,55
21283,P3,0,16
21284,P4,6,80
21285,P5,11,66
21286,P3,1,17
21287,P4,10,90
21288,P5,7,73
21289,P3,2,19
21290,P4,12,102
21291,P5,5,78
21292,P3,0,19
21293,P4,11,113
21294,P5,6,84
21295,P3,0,0
21296,P4,0,0
21297,P5,0,0
21298,P3,2,2
21299,P4,6,6
21300,P5,11,11
21301,P3,0,2
21302,P4,7,13
21303,P5,14,25
21304,P3,0,2
21305,P4,7,20
21306,P5,13,38
21307,P3,0,2
21308,P4,6,26
21309,P5,20,58
21310,P3,1,3
21311,P4,6,32
21312,P5,23,81
21313,P3,1,4
21314,P4,7,39
21315,P5,21,102
21316,P3,0,4
21317,P4,4,43
21318,P5,21,123
21319,P3,0,4
21320,P4,4,47
21321,P5,21,144
21322,P3,1,5
21323,P4,6,53
21324,P5,15,159
21325,P3,0,5
21326,P4,5,58
21327,P5,20,179
21328,P3,0,5
21329,P4,5,63
21330,P5,20,199
21331,P3,0,5
21332,P4,5,68
21333,P5,19,218
21334,P3,0,5
21335,P4,4,72
21336,P5,20,238
21337,P3,0,5
21338,P4,4,76
21339,P5,18,256
21340,P3,0,5
21341,P4,2,78
21342,P5,24,280
21343,P3,0,5
21344,P4,6,84
21345,P5,22,302
21346,P3,0,5
21347,P4,6,90
21348,P5,15,317
21349,P3,0,5
21350,P4,9,99
21351,P5,14,331
21352,P3,1,6
21353,P4,5,104
21354,P5,21,352
21355,P3,0,6
21356,P4,3,107
21357,P5,18,370
21358,P3,0,6
21359,P4,5,112
21360,P5,24,394
21361,P3,0,6
21362,P4,12,124
21363,P5,18,412
21364,P3,1,7
21365,P4,7,131
21366,P5,24,436
21367,P3,0,0
21368,P4,0,0
21369,P5,0,0
21370,P3,2,2
21371,P4,0,0
21372,P5,14,14
21373,P3,0,2
21374,P4,5,5
21375,P5,15,29
21376,P3,1,3
21377,P4,2,7
21378,P5,13,42
21379,P3,3,6
21380,P4,3,10
21381,P5,15,57
21382,P3,2,8
21383,P4,2,12
21384,P5,13,70
21385,P3,2,10
21386,P4,3,15
21387,P5,12,82
21388,P3,2,12
21389,P4,2,17
21390,P5,13,95
21391,P3,3,15
21392,P4,3,20
21393,P5,14,109
21394,P3,3,18
21395,P4,7,27
21396,P5,8,117
21397,P3,3,21
21398,P4,3,30
21399,P5,13,130
21400,P3,1,22
21401,P4,1,31
21402,P5,15,145
21403,P3,1,23
21404,P4,1,32
21405,P5,14,159
21406,P3,1,24
21407,P4,4,36
21408,P5,12,171
21409,P3,3,27
21410,P4,2,38
21411,P5,17,188
21412,P3,2,29
21413,P4,7,45
21414,P5,9,197
21415,P3,1,30
21416,P4,4,49
21417,P5,11,208
21418,P3,3,33
21419,P4,5,54
21420,P5,11,219
21421,P3,1,34
21422,P4,9,63
21423,P5,11,230
21424,P3,3,37
21425,P4,4,67
21426,P5,10,240
21427,P3,1,38
21428,P4,1,68
21429,P5,14,254
21430,P3,3,41
21431,P4,6,74
21432,P5,10,264
21433,P3,3,44
21434,P4,4,78
21435,P5,12,276
21436,P3,1,45
21437,P4,3,81
21438,P5,13,289
21439,P3,2,47
21440,P4,3,84
21441,P5,14,303
21442,P3,2,49
21443,P4,3,87
21444,P5,11,314
21445,P3,2,51
21446,P4,4,91
21447,P5,12,326
21448,P3,3,54
21449,P4,3,94
21450,P5,12,338
21451,P3,2,56
21452,P4,4,98
21453,P5,11,349
21454,P3,1,57
21455,P4,2,100
21456,P5,13,362
21457,P3,1,58
21458,P4,2,102
21459,P5,15,377
21460,P3,1,59
21461,P4,3,105
21462,P5,13,390
21463,P3,2,61
21464,P4,3,108
21465,P5,13,403
21466,P3,3,64
21467,P4,4,112
21468,P5,13,416
21469,P3,4,68
21470,P4,4,116
21471,P5,11,427
21472,P3,2,70
21473,P4,4,120
21474,P5,13,440
21475,P3,2,72
21476,P4,2,122
21477,P5,13,453
21478,P3,2,74
21479,P4,6,128
21480,P5,10,463
21481,P3,0,74
21482,P4,2,130
21483,P5,14,477
21484,P3,0,74
21485,P4,6,136
21486,P5,12,489
21487,P3,2,76
21488,P4,5,141
21489,P5,14,503
21490,P3,1,77
21491,P4,2,143
21492,P5,15,518
21493,P3,2,79
21494,P4,3,146
21495,P5,12,530
21496,P3,2,81
21497,P4,5,151
21498,P5,10,540
21499,P3,1,82
21500,P4,2,153
21501,P5,13,553
21502,P3,5,87
21503,P4,5,158
21504,P5,11,564
21505,P3,3,90
21506,P4,5,163
21507,P5,12,576
21508,P3,2,92
21509,P4,2,165
21510,P5,13,589
21511,P3,4,96
21512,P4,4,169
21513,P5,10,599
21514,P3,3,99
21515,P4,5,174
21516,P5,13,612
21517,P3,1,100
21518,P4,1,175
21519,P5,14,626
21520,P3,2,102
21521,P4,3,178
21522,P5,12,638
21523,P3,1,103
21524,P4,6,184
21525,P5,11,649
21526,P3,1,104
21527,P4,1,185
21528,P5,14,663
21529,P3,0,104
21530,P4,1,186
21531,P5,16,679
21532,P3,4,108
21533,P4,1,187
21534,P5,13,692
21535,P3,4,112
21536,P4,3,190
21537,P5,11,703
21538,P3,0,112
21539,P4,5,195
21540,P5,14,717
21541,P3,3,115
21542,P4,2,197
21543,P5,14,731
21544,P3,1,116
21545,P4,4,201
21546,P5,13,744
21547,P3,2,118
21548,P4,4,205
21549,P5,11,755
21550,P3,1,119
21551,P4,5,210
21552,P5,14,769
21553,P3,2,121
21554,P4,4,214
21555,P5,12,781
21556,P3,3,124
21557,P4,4,218
21558,P5,14,795
21559,P3,2,126
21560,P4,4,222
21561,P5,11,806
21562,P3,2,128
21563,P4,3,225
21564,P5,13,819
21565,P3,2,130
21566,P4,4,229
21567,P5,13,832
21568,P3,1,131
21569,P4,3,232
21570,P5,14,846
21571,P3,1,132
21572,P4,5,237
21573,P5,12,858
21574,P3,5,137
21575,P4,6,243
21576,P5,9,867
21577,P3,2,139
21578,P4,4,247
21579,P5,14,881
21580,P3,2,141
21581,P4,3,250
21582,P5,12,893
21583,P3,2,143
21584,P4,7,257
21585,P5,9,902
21586,P3,3,146
21587,P4,4,261
21588,P5,10,912
21589,P3,6,152
21590,P4,6,267
21591,P5,9,921
21592,P3,3,155
21593,P4,6,273
21594,P5,11,932
21595,P3,3,158
21596,P4,4,277
21597,P5,12,944
21598,P3,4,162
21599,P4,7,284
21600,P5,7,951
21601,P3,1,163
21602,P4,5,289
21603,P5,12,963
21604,P3,3,166
21605,P4,3,292
21606,P5,12,975
21607,P3,2,168
21608,P4,6,298
21609,P5,11,986
21610,P3,1,169
21611,P4,2,300
21612,P5,14,1000
21613,P3,1,170
21614,P4,3,303
21615,P5,14,1014
21616,P3,1,171
21617,P4,4,307
21618,P5,12,1026
21619,P3,3,174
21620,P4,4,311
21621,P5,11,1037
21622,P3,1,175
21623,P4,6,317
21624,P5,11,1048
21625,P3,1,176
21626,P4,1,318
21627,P5,14,1062
21628,P3,2,178
21629,P4,5,323
21630,P5,11,1073
21631,P3,1,179
21632,P4,2,325
21633,P5,14,1087
21634,P3,0,0
21635,P4,0,0
21636,P5,0,0
21637,P3,16,16
21638,P4,10,10
21639,P5,36,36
21640,P3,18,34
21641,P4,11,21
21642,P5,37,73
21643,P3,18,52
21644,P4,7,28
21645,P5,43,116
21646,P3,17,69
21647,P4,9,37
21648,P5,40,156
21649,P3,22,91
21650,P4,8,45
21651,P5,43,199
21652,P3,19,110
21653,P4,10,55
21654,P5,45,244
21655,P3,21,131
21656,P4,6,61
21657,P5,39,283
21658,P3,18,149
21659,P4,9,70
21660,P5,48,331
21661,P3,24,173
21662,P4,15,85
21663,P5,34,365
21664,P3,19,192
21665,P4,4,89
21666,P5,40,405
21667,P3,18,210
21668,P4,11,100
21669,P5,30,435
21670,P3,28,238
21671,P4,4,104
21672,P5,31,466
21673,P3,21,259
21674,P4,9,113
21675,P5,41,507
21676,P3,20,279
21677,P4,6,119
21678,P5,44,551
21679,P3,25,304
21680,P4,15,134
21681,P5,36,587
21682,P3,23,327
21683,P4,18,152
21684,P5,40,627
21685,P3,21,348
21686,P4,8,160
21687,P5,38,665
21688,P3,22,370
21689,P4,15,175
21690,P5,35,700
21691,P3,0,0
21692,P4,0,0
21693,P5,0,0
21694,P3,0,0
21695,P4,80,80
21696,P5,0,0
21697,P3,57,57
21698,P4,80,160
21699,P5,0,0
21700,P3,24,81
21701,P4,81,241
21702,P5,0,0
21703,P3,23,104
21704,P4,81,322
21705,P5,0,0
21706,P3,27,131
21707,P4,82,404
21708,P5,0,0
21709,P3,32,163
21710,P4,81,485
21711,P5,0,0
21712,P3,29,192
21713,P4,84,569
21714,P5,0,0
21715,P3,31,223
21716,P4,83,652
21717,P5,0,0
21718,P3,40,263
21719,P4,82,734
21720,P5,0,0
21721,P3,27,290
21722,P4,81,815
21723,P5,0,0
21724,P3,36,326
21725,P4,88,903
21726,P5,0,0
21727,P3,29,355
21728,P4,83,986
21729,P5,0,0
21730,P3,28,383
21731,P4,85,1071
21732,P5,0,0
21733,P3,34,417
21734,P4,83,1154
21735,P5,0,0
21736,P3,0,0
21737,P4,0,0
21738,P5,0,0
21739,P3,3,3
21740,P4,33,33
21741,P5,0,0
21742,P3,2,5
21743,P4,33,66
21744,P5,0,0
21745,P3,2,7
21746,P4,33,99
21747,P5,0,0
21748,P3,0,7
21749,P4,32,131
21750,P5,0,0
21751,P3,1,8
21752,P4,33,164
21753,P5,0,0
21754,P3,1,9
21755,P4,32,196
21756,P5,0,0
21757,P3,2,11
21758,P4,32,228
21759,P5,0,0
21760,P3,1,12
21761,P4,33,261
21762,P5,0,0
21763,P3,2,14
21764,P4,32,293
21765,P5,0,0
21766,P3,1,15
21767,P4,32,325
21768,P5,0,0
21769,P3,0,15
21770,P4,32,357
21771,P5,0,0
21772,P3,1,16
21773,P4,34,391
21774,P5,0,0
21775,P3,2,18
21776,P4,32,423
21777,P5,0,0
21778,P3,3,21
21779,P4,36,459
21780,P5,0,0
21781,P3,0,0
21782,P4,0,0
21783,P5,0,0
21784,P3,4,4
21785,P4,11,11
21786,P5,1,1
21787,P3,10,14
21788,P4,17,28
21789,P5,3,4
21790,P3,6,20
21791,P4,15,43
21792,P5,1,5
21793,P3,2,22
21794,P4,10,53
21795,P5,1,6
21796,P3,4,26
21797,P4,9,62
21798,P5,3,9
21799,P3,2,28
21800,P4,15,77
21801,P5,1,10
21802,P3,5,33
21803,P4,18,95
21804,P5,1,11
21805,P3,5,38
21806,P4,18,113
21807,P5,4,15
21808,P3,6,44
21809,P4,20,133
21810,P5,0,15
21811,P3,5,49
21812,P4,18,151
21813,P5,1,16
21814,P3,3,52
21815,P4,19,170
21816,P5,0,16
21817,P3,7,59
21818,P4,19,189
21819,P5,1,17
21820,P3,6,65
21821,P4,18,207
21822,P5,0,17
21823,P3,6,71
21824,P4,13,220
21825,P5,1,18
21826,P3,7,78
21827,P4,18,238
21828,P5,0,18
21829,P3,6,84
21830,P4,16,254
21831,P5,3,21
21832,P3,7,91
21833,P4,16,270
21834,P5,1,22
21835,P3,8,99
21836,P4,18,288
21837,P5,0,22
21838,P3,2,101
21839,P4,17,305
21840,P5,0,22
21841,P3,10,111
21842,P4,14,319
21843,P5,1,23
21844,P3,5,116
21845,P4,14,333
21846,P5,3,26
21847,P3,4,120
21848,P4,17,350
21849,P5,1,27
21850,P3,9,129
21851,P4,17,367
21852,P5,0,27
21853,P3,4,133
21854,P4,14,381
21855,P5,0,27
21856,P3,5,138
21857,P4,16,397
21858,P5,0,27
21859,P3,7,145
21860,P4,18,415
21861,P5,0,27
21862,P3,10,155
21863,P4,14,429
21864,P5,1,28
21865,P3,10,165
21866,P4,22,451
21867,P5,0,28
21868,P3,7,172
21869,P4,14,465
21870,P5,2,30
21871,P3,7,179
21872,P4,21,486
21873,P5,3,33
21874,P3,3,182
21875,P4,13,499
21876,P5,1,34
21877,P3,6,188
21878,P4,12,511
21879,P5,0,34
21880,P3,3,191
21881,P4,23,534
21882,P5,1,35
21883,P3,8,199
21884,P4,20,554
21885,P5,1,36
21886,P3,6,205
21887,P4,16,570
21888,P5,1,37
21889,P3,7,212
21890,P4,15,585
21891,P5,1,38
21892,P3,2,214
21893,P4,13,598
21894,P5,1,39
21895,P3,8,222
21896,P4,17,615
21897,P5,0,39
21898,P3,4,226
21899,P4,11,626
21900,P5,3,42
21901,P3,5,231
21902,P4,17,643
21903,P5,2,44
21904,P3,5,236
21905,P4,15,658
21906,P5,0,44
21907,P3,3,239
21908,P4,16,674
21909,P5,0,44
21910,P3,7,246
21911,P4,14,688
21912,P5,0,44
21913,P3,4,250
21914,P4,17,705
21915,P5,2,46
21916,P3,3,253
21917,P4,12,717
21918,P5,0,46
21919,P3,0,0
21920,P4,0,0
21921,P5,0,0
21922,P3,1,1
21923,P4,10,10
21924,P5,10,10
21925,P3,0,1
21926,P4,8,18
21927,P5,10,20
21928,P3,1,2
21929,P4,10,28
21930,P5,6,26
21931,P3,1,3
21932,P4,12,40
21933,P5,5,31
21934,P3,0,3
21935,P4,8,48
21936,P5,12,43
21937,P3,0,3
21938,P4,5,53
21939,P5,13,56
21940,P3,0,3
21941,P4,7,60
21942,P5,11,67
21943,P3,2,5
21944,P4,13,73
21945,P5,6,73
21946,P3,0,0
21947,P4,0,0
21948,P5,0,0
21949,P3,0,0
21950,P4,1,1
21951,P5,16,16
21952,P3,0,0
21953,P4,0,1
21954,P5,16,32
21955,P3,0,0
21956,P4,0,1
21957,P5,16,48
21958,P3,0,0
21959,P4,0,1
21960,P5,16,64
21961,P3,0,0
21962,P4,0,0
21963,P5,0,0
21964,P3,0,0
21965,P4,9,9
21966,P5,27,27
21967,P3,0,0
21968,P4,9,18
21969,P5,19,46
21970,P3,0,0
21971,P4,4,22
21972,P5,23,69
21973,P3,0,0
21974,P4,6,28
21975,P5,23,92
21976,P3,0,0
21977,P4,10,38
21978,P5,23,115
21979,P3,0,0
21980,P4,5,43
21981,P5,20,135
21982,P3,0,0
21983,P4,6,49
21984,P5,26,161
21985,P3,0,0
21986,P4,10,59
21987,P5,20,181
21988,P3,0,0
21989,P4,9,68
21990,P5,18,199
21991,P3,0,0
21992,P4,0,0
21993,P5,0,0
21994,P3,33,33
21995,P4,27,27
21996,P5,4,4
21997,P3,30,63
21998,P4,34,61
21999,P5,1,5
22000,P3,26,89
22001,P4,33,94
22002,P5,1,6
22003,P3,38,127
22004,P4,40,134
22005,P5,1,7
22006,P3,36,163
22007,P4,34,168
22008,P5,1,8
22009,P3,19,182
22010,P4,34,202
22011,P5,0,8
22012,P3,35,217
22013,P4,30,232
22014,P5,2,10
22015,P3,30,247
22016,P4,33,265
22017,P5,1,11
22018,P3,42,289
22019,P4,34,299
22020,P5,0,11
22021,P3,28,317
22022,P4,31,330
22023,P5,1,12
22024,P3,43,360
22025,P4,39,369
22026,P5,3,15
22027,P3,32,392
22028,P4,29,398
22029,P5,4,19
22030,P3,53,445
22031,P4,32,430
22032,P5,0,19
22033,P3,61,506
22034,P4,31,461
22035,P5,2,21
22036,P3,56,562
22037,P4,30,491
22038,P5,2,23
22039,P3,38,600
22040,P4,37,528
22041,P5,1,24
22042,P3,52,652
22043,P4,28,556
22044,P5,5,29
22045,P3,39,691
22046,P4,38,594
22047,P5,0,29
22048,P3,41,732
22049,P4,38,632
22050,P5,2,31
22051,P3,39,771
22052,P4,29,661
22053,P5,0,31
22054,P3,38,809
22055,P4,28,689
22056,P5,1,32
22057,P3,15,824
22058,P4,35,724
22059,P5,1,33
22060,P3,49,873
22061,P4,27,751
22062,P5,1,34
22063,P3,0,0
22064,P4,0,0
22065,P5,0,0
22066,P3,3,3
22067,P4,29,29
22068,P5,0,0
22069,P3,3,6
22070,P4,32,61
22071,P5,0,0
22072,P3,13,19
22073,P4,27,88
22074,P5,0,0
22075,P3,13,32
22076,P4,29,117
22077,P5,0,0
22078,P3,12,44
22079,P4,29,146
22080,P5,0,0
22081,P3,10,54
22082,P4,28,174
22083,P5,0,0
22084,P3,9,63
22085,P4,32,206
22086,P5,0,0
22087,P3,15,78
22088,P4,22,228
22089,P5,0,0
22090,P3,14,92
22091,P4,29,257
22092,P5,0,0
22093,P3,11,103
22094,P4,32,289
22095,P5,0,0
22096,P3,16,119
22097,P4,24,313
22098,P5,0,0
22099,P3,13,132
22100,P4,29,342
22101,P5,0,0
22102,P3,12,144
22103,P4,27,369
22104,P5,0,0
22105,P3,13,157
22106,P4,26,395
22107,P5,0,0
22108,P3,12,169
22109,P4,29,424
22110,P5,0,0
22111,P3,16,185
22112,P4,30,454
22113,P5,0,0
22114,P3,15,200
22115,P4,26,480
22116,P5,0,0
22117,P3,11,211
22118,P4,34,514
22119,P5,0,0
22120,P3,12,223
22121,P4,27,541
22122,P5,0,0
22123,P3,13,236
22124,P4,29,570
22125,P5,0,0
22126,P3,12,248
22127,P4,30,600
22128,P5,0,0
22129,P3,11,259
22130,P4,30,630
22131,P5,0,0
22132,P3,14,273
22133,P4,26,656
22134,P5,0,0
22135,P3,12,285
22136,P4,23,679
22137,P5,0,0
22138,P3,15,300
22139,P4,34,713
22140,P5,0,0
22141,P3,17,317
22142,P4,26,739
22143,P5,0,0
22144,P3,13,330
22145,P4,22,761
22146,P5,0,0
22147,P3,14,344
22148,P4,23,784
22149,P5,0,0
22150,P3,11,355
22151,P4,31,815
22152,P5,0,0
22153,P3,15,370
22154,P4,28,843
22155,P5,0,0
22156,P3,17,387
22157,P4,26,869
22158,P5,0,0
22159,P3,11,398
22160,P4,27,896
22161,P5,0,0
22162,P3,9,407
22163,P4,28,924
22164,P5,0,0
22165,P3,12,419
22166,P4,32,956
22167,P5,0,0
22168,P3,10,429
22169,P4,31,987
22170,P5,0,0
22171,P3,14,443
22172,P4,27,1014
22173,P5,0,0
22174,P3,13,456
22175,P4,24,1038
22176,P5,0,0
22177,P3,14,470
22178,P4,29,1067
22179,P5,0,0
22180,P3,12,482
22181,P4,28,1095
22182,P5,0,0
22183,P3,12,494
22184,P4,32,1127
22185,P5,0,0
22186,P3,11,505
22187,P4,28,1155
22188,P5,0,0
22189,P3,16,521
22190,P4,30,1185
22191,P5,0,0
22192,P3,11,532
22193,P4,40,1225
22194,P5,0,0
22195,P3,14,546
22196,P4,34,1259
22197,P5,0,0
22198,P3,15,561
22199,P4,33,1292
22200,P5,0,0
22201,P3,0,0
22202,P4,0,0
22203,P5,0,0
22204,P3,38,38
22205,P4,5,5
22206,P5,75,75
22207,P3,51,89
22208,P4,5,10
22209,P5,69,144
22210,P3,60,149
22211,P4,3,13
22212,P5,70,214
22213,P3,41,190
22214,P4,5,18
22215,P5,71,285
22216,P3,64,254
22217,P4,3,21
22218,P5,81,366
22219,P3,50,304
22220,P4,7,28
22221,P5,68,434
22222,P3,52,356
22223,P4,12,40
22224,P5,66,500
22225,P3,46,402
22226,P4,6,46
22227,P5,82,582
22228,P3,44,446
22229,P4,5,51
22230,P5,74,656
22231,P3,50,496
22232,P4,4,55
22233,P5,72,728
22234,P3,46,542
22235,P4,4,59
22236,P5,69,797
22237,P3,50,592
22238,P4,6,65
22239,P5,77,874
22240,P3,59,651
22241,P4,2,67
22242,P5,73,947
22243,P3,53,704
22244,P4,8,75
22245,P5,66,1013
22246,P3,0,0
22247,P4,0,0
22248,P5,0,0
22249,P3,0,0
22250,P4,0,0
22251,P5,17,17
22252,P3,0,0
22253,P4,0,0
22254,P5,18,35
22255,P3,0,0
22256,P4,1,1
22257,P5,17,52
22258,P3,0,0
22259,P4,1,2
22260,P5,17,69
22261,P3,0,0
22262,P4,0,2
22263,P5,16,85
22264,P3,0,0
22265,P4,1,3
22266,P5,18,103
22267,P3,0,0
22268,P4,2,5
22269,P5,18,121
22270,P3,0,0
22271,P4,1,6
22272,P5,17,138
22273,P3,0,0
22274,P4,0,6
22275,P5,16,154
22276,P3,0,0
22277,P4,0,6
22278,P5,16,170
22279,P3,0,0
22280,P4,0,6
22281,P5,18,188
22282,P3,0,0
22283,P4,0,6
22284,P5,16,204
22285,P3,0,0
22286,P4,1,7
22287,P5,18,222
22288,P3,0,0
22289,P4,0,7
22290,P5,16,238
22291,P3,0,0
22292,P4,0,7
22293,P5,17,255
22294,P3,0,0
22295,P4,2,9
22296,P5,16,271
22297,P3,0,0
22298,P4,1,10
22299,P5,16,287
22300,P3,0,0
22301,P4,0,10
22302,P5,17,304
22303,P3,0,0
22304,P4,0,0
22305,P5,0,0
22306,P3,15,15
22307,P4,0,0
22308,P5,18,18
22309,P3,11,26
22310,P4,2,2
22311,P5,15,33
22312,P3,8,34
22313,P4,0,2
22314,P5,20,53
22315,P3,9,43
22316,P4,2,4
22317,P5,16,69
22318,P3,7,50
22319,P4,2,6
22320,P5,19,88
22321,P3,14,64
22322,P4,0,6
22323,P5,15,103
22324,P3,13,77
22325,P4,0,6
22326,P5,22,125
22327,P3,19,96
22328,P4,0,6
22329,P5,18,143
22330,P3,18,114
22331,P4,0,6
22332,P5,21,164
22333,P3,18,132
22334,P4,1,7
22335,P5,15,179
22336,P3,22,154
22337,P4,0,7
22338,P5,14,193
22339,P3,11,165
22340,P4,0,7
22341,P5,17,210
22342,P3,19,184
22343,P4,0,7
22344,P5,23,233
22345,P3,14,198
22346,P4,0,7
22347,P5,23,256
22348,P3,18,216
22349,P4,1,8
22350,P5,16,272
22351,P3,15,231
22352,P4,0,8
22353,P5,19,291
22354,P3,18,249
22355,P4,1,9
22356,P5,26,317
22357,P3,16,265
22358,P4,1,10
22359,P5,18,335
22360,P3,16,281
22361,P4,3,13
22362,P5,18,353
22363,P3,22,303
22364,P4,0,13
22365,P5,19,372
22366,P3,12,315
22367,P4,1,14
22368,P5,16,388
22369,P3,0,0
22370,P4,0,0
22371,P5,0,0
22372,P3,0,0
22373,P4,14,14
22374,P5,29,29
22375,P3,0,0
22376,P4,13,27
22377,P5,26,55
22378,P3,0,0
22379,P4,10,37
22380,P5,32,87
22381,P3,0,0
22382,P4,15,52
22383,P5,18,105
22384,P3,0,0
22385,P4,21,73
22386,P5,22,127
22387,P3,0,0
22388,P4,17,90
22389,P5,30,157
22390,P3,0,0
22391,P4,15,105
22392,P5,22,179
22393,P3,0,0
22394,P4,12,117
22395,P5,27,206
22396,P3,0,0
22397,P4,11,128
22398,P5,33,239
22399,P3,0,0
22400,P4,11,139
22401,P5,22,261
22402,P3,0,0
22403,P4,14,153
22404,P5,27,288
22405,P3,0,0
22406,P4,11,164
22407,P5,22,310
22408,P3,0,0
22409,P4,17,181
22410,P5,23,333
22411,P3,0,0
22412,P4,10,191
22413,P5,19,352
22414,P3,0,0
22415,P4,19,210
22416,P5,26,378
22417,P3,0,0
22418,P4,14,224
22419,P5,24,402
22420,P3,0,0
22421,P4,14,238
22422,P5,15,417
22423,P3,0,0
22424,P4,17,255
22425,P5,18,435
22426,P3,1,1
22427,P4,11,266
22428,P5,23,458
22429,P3,0,1
22430,P4,18,284
22431,P5,20,478
22432,P3,1,2
22433,P4,19,303
22434,P5,23,501
22435,P3,0,2
22436,P4,11,314
22437,P5,22,523
22438,P3,0,2
22439,P4,13,327
22440,P5,28,551
22441,P3,1,3
22442,P4,9,336
22443,P5,27,578
22444,P3,1,4
22445,P4,8,344
22446,P5,23,601
22447,P3,0,4
22448,P4,14,358
22449,P5,24,625
22450,P3,0,4
22451,P4,14,372
22452,P5,25,650
22453,P3,0,4
22454,P4,11,383
22455,P5,30,680
22456,P3,0,4
22457,P4,10,393
22458,P5,24,704
22459,P3,0,4
22460,P4,11,404
22461,P5,25,729
22462,P3,0,4
22463,P4,9,413
22464,P5,24,753
22465,P3,0,4
22466,P4,16,429
22467,P5,20,773
22468,P3,0,4
22469,P4,15,444
22470,P5,22,795
22471,P3,0,4
22472,P4,13,457
22473,P5,21,816
22474,P3,0,0
22475,P4,0,0
22476,P5,0,0
22477,P3,2,2
22478,P4,33,33
22479,P5,1,1
22480,P3,7,9
22481,P4,23,56
22482,P5,2,3
22483,P3,8,17
22484,P4,26,82
22485,P5,3,6
22486,P3,5,22
22487,P4,20,102
22488,P5,1,7
22489,P3,10,32
22490,P4,39,141
22491,P5,0,7
22492,P3,8,40
22493,P4,30,171
22494,P5,4,11
22495,P3,7,47
22496,P4,26,197
22497,P5,0,11
22498,P3,5,52
22499,P4,29,226
22500,P5,1,12
22501,P3,9,61
22502,P4,31,257
22503,P5,3,15
22504,P3,8,69
22505,P4,22,279
22506,P5,0,15
22507,P3,0,0
22508,P4,0,0
22509,P5,0,0
22510,P3,1,1
22511,P4,5,5
22512,P5,13,13
22513,P3,2,3
22514,P4,4,9
22515,P5,15,28
22516,P3,0,3
22517,P4,6,15
22518,P5,14,42
22519,P3,0,3
22520,P4,6,21
22521,P5,13,55
22522,P3,0,3
22523,P4,6,27
22524,P5,14,69
22525,P3,0,0
22526,P4,0,0
22527,P5,0,0
22528,P3,1,1
22529,P4,16,16
22530,P5,2,2
22531,P3,4,5
22532,P4,13,29
22533,P5,2,4
22534,P3,2,7
22535,P4,20,49
22536,P5,7,11
22537,P3,1,8
22538,P4,16,65
22539,P5,3,14
22540,P3,0,8
22541,P4,14,79
22542,P5,4,18
22543,P3,2,10
22544,P4,17,96
22545,P5,6,24
22546,P3,1,11
22547,P4,22,118
22548,P5,3,27
22549,P3,3,14
22550,P4,17,135
22551,P5,4,31
22552,P3,2,16
22553,P4,14,149
22554,P5,4,35
22555,P3,4,20
22556,P4,24,173
22557,P5,4,39
22558,P3,1,21
22559,P4,15,188
22560,P5,5,44
22561,P3,4,25
22562,P4,14,202
22563,P5,8,52
22564,P3,5,30
22565,P4,16,218
22566,P5,6,58
22567,P3,0,30
22568,P4,18,236
22569,P5,7,65
22570,P3,4,34
22571,P4,12,248
22572,P5,4,69
22573,P3,1,35
22574,P4,16,264
22575,P5,2,71
22576,P3,6,41
22577,P4,17,281
22578,P5,5,76
22579,P3,0,41
22580,P4,17,298
22581,P5,3,79
22582,P3,2,43
22583,P4,18,316
22584,P5,4,83
22585,P3,0,43
22586,P4,17,333
22587,P5,5,88
22588,P3,0,43
22589,P4,20,353
22590,P5,7,95
22591,P3,1,44
22592,P4,17,370
22593,P5,2,97
22594,P3,2,46
22595,P4,17,387
22596,P5,3,100
22597,P3,0,46
22598,P4,22,409
22599,P5,4,104
22600,P3,1,47
22601,P4,17,426
22602,P5,4,108
22603,P3,0,47
22604,P4,21,447
22605,P5,5,113
22606,P3,1,48
22607,P4,21,468
22608,P5,2,115
22609,P3,0,0
22610,P4,0,0
22611,P5,0,0
22612,P3,9,9
22613,P4,25,25
22614,P5,4,4
22615,P3,14,23
22616,P4,37,62
22617,P5,7,11
22618,P3,11,34
22619,P4,30,92
22620,P5,7,18
22621,P3,16,50
22622,P4,45,137
22623,P5,3,21
22624,P3,7,57
22625,P4,31,168
22626,P5,4,25
22627,P3,18,75
22628,P4,32,200
22629,P5,8,33
22630,P3,17,92
22631,P4,35,235
22632,P5,2,35
22633,P3,13,105
22634,P4,32,267
22635,P5,5,40
22636,P3,18,123
22637,P4,34,301
22638,P5,7,47
22639,P3,17,140
22640,P4,35,336
22641,P5,12,59
22642,P3,9,149
22643,P4,31,367
22644,P5,6,65
22645,P3,13,162
22646,P4,29,396
22647,P5,6,71
22648,P3,7,169
22649,P4,36,432
22650,P5,4,75
22651,P3,9,178
22652,P4,33,465
22653,P5,4,79
22654,P3,14,192
22655,P4,31,496
22656,P5,5,84
22657,P3,13,205
22658,P4,39,535
22659,P5,6,90
22660,P3,18,223
22661,P4,33,568
22662,P5,6,96
22663,P3,14,237
22664,P4,27,595
22665,P5,6,102
22666,P3,12,249
22667,P4,26,621
22668,P5,9,111
22669,P3,6,255
22670,P4,30,651
22671,P5,5,116
22672,P3,9,264
22673,P4,33,684
22674,P5,3,119
22675,P3,7,271
22676,P4,33,717
22677,P5,2,121
22678,P3,10,281
22679,P4,22,739
22680,P5,3,124
22681,P3,12,293
22682,P4,28,767
22683,P5,4,128
22684,P3,26,319
22685,P4,21,788
22686,P5,6,134
22687,P3,0,0
22688,P4,0,0
22689,P5,0,0
22690,P3,0,0
22691,P4,0,0
22692,P5,29,29
22693,P3,0,0
22694,P4,0,0
22695,P5,25,54
22696,P3,0,0
22697,P4,0,0
22698,P5,22,76
22699,P3,0,0
22700,P4,0,0
22701,P5,23,99
22702,P3,0,0
22703,P4,0,0
22704,P5,26,125
22705,P3,0,0
22706,P4,0,0
22707,P5,22,147
22708,P3,0,0
22709,P4,0,0
22710,P5,24,171
22711,P3,0,0
22712,P4,0,0
22713,P5,26,197
22714,P3,0,0
22715,P4,1,1
22716,P5,21,218
22717,P3,0,0
22718,P4,0,1
22719,P5,22,240
22720,P3,0,0
22721,P4,0,1
22722,P5,21,261
22723,P3,0,0
22724,P4,0,1
22725,P5,22,283
22726,P3,0,0
22727,P4,1,2
22728,P5,25,308
22729,P3,0,0
22730,P4,0,2
22731,P5,18,326
22732,P3,0,0
22733,P4,0,2
22734,P5,20,346
22735,P3,0,0
22736,P4,0,2
22737,P5,23,369
22738,P3,0,0
22739,P4,0,2
22740,P5,24,393
22741,P3,0,0
22742,P4,0,2
22743,P5,21,414
22744,P3,0,0
22745,P4,0,2
22746,P5,21,435
22747,P3,0,0
22748,P4,0,2
22749,P5,23,458
22750,P3,0,0
22751,P4,0,2
22752,P5,29,487
22753,P3,0,0
22754,P4,0,0
22755,P5,0,0
22756,P3,12,12
22757,P4,64,64
22758,P5,16,16
22759,P3,21,33
22760,P4,72,136
22761,P5,16,32
22762,P3,19,52
22763,P4,69,205
22764,P5,16,48
22765,P3,21,73
22766,P4,64,269
22767,P5,16,64
22768,P3,15,88
22769,P4,63,332
22770,P5,15,79
22771,P3,15,103
22772,P4,71,403
22773,P5,15,94
22774,P3,15,118
22775,P4,70,473
22776,P5,16,110
22777,P3,20,138
22778,P4,71,544
22779,P5,15,125
22780,P3,18,156
22781,P4,63,607
22782,P5,16,141
22783,P3,18,174
22784,P4,77,684
22785,P5,16,157
22786,P3,20,194
22787,P4,77,761
22788,P5,15,172
22789,P3,20,214
22790,P4,82,843
22791,P5,17,189
22792,P3,14,228
22793,P4,71,914
22794,P5,15,204
22795,P3,20,248
22796,P4,69,983
22797,P5,15,219
22798,P3,15,263
22799,P4,67,1050
22800,P5,17,236
22801,P3,17,280
22802,P4,69,1119
22803,P5,16,252
22804,P3,16,296
22805,P4,65,1184
22806,P5,15,267
22807,P3,18,314
22808,P4,78,1262
22809,P5,17,284
22810,P3,14,328
22811,P4,70,1332
22812,P5,16,300
22813,P3,20,348
22814,P4,69,1401
22815,P5,16,316
22816,P3,21,369
22817,P4,69,1470
22818,P5,15,331
22819,P3,22,391
22820,P4,70,1540
22821,P5,17,348
22822,P3,23,414
22823,P4,64,1604
22824,P5,15,363
22825,P3,20,434
22826,P4,67,1671
22827,P5,15,378
22828,P3,20,454
22829,P4,66,1737
22830,P5,16,394
22831,P3,14,468
22832,P4,68,1805
22833,P5,16,410
22834,P3,17,485
22835,P4,66,1871
22836,P5,15,425
22837,P3,18,503
22838,P4,76,1947
22839,P5,15,440
22840,P3,23,526
22841,P4,73,2020
22842,P5,16,456
22843,P3,20,546
22844,P4,68,2088
22845,P5,16,472
22846,P3,21,567
22847,P4,74,2162
22848,P5,17,489
22849,P3,19,586
22850,P4,67,2229
22851,P5,15,504
22852,P3,19,605
22853,P4,66,2295
22854,P5,17,521
22855,P3,19,624
22856,P4,68,2363
22857,P5,16,537
22858,P3,22,646
22859,P4,66,2429
22860,P5,16,553
22861,P3,16,662
22862,P4,66,2495
22863,P5,16,569
22864,P3,16,678
22865,P4,67,2562
22866,P5,17,586
22867,P3,0,0
22868,P4,0,0
22869,P5,0,0
22870,P3,1,1
22871,P4,37,37
22872,P5,2,2
22873,P3,3,4
22874,P4,30,67
22875,P5,3,5
22876,P3,2,6
22877,P4,24,91
22878,P5,3,8
22879,P3,6,12
22880,P4,24,115
22881,P5,3,11
22882,P3,2,14
22883,P4,27,142
22884,P5,2,13
22885,P3,4,18
22886,P4,35,177
22887,P5,4,17
22888,P3,2,20
22889,P4,32,209
22890,P5,3,20
22891,P3,3,23
22892,P4,25,234
22893,P5,2,22
22894,P3,5,28
22895,P4,40,274
22896,P5,1,23
22897,P3,2,30
22898,P4,27,301
22899,P5,5,28
22900,P3,6,36
22901,P4,46,347
22902,P5,2,30
22903,P3,3,39
22904,P4,38,385
22905,P5,3,33
22906,P3,6,45
22907,P4,25,410
22908,P5,2,35
22909,P3,2,47
22910,P4,45,455
22911,P5,3,38
22912,P3,0,47
22913,P4,20,475
22914,P5,3,41
22915,P3,3,50
22916,P4,38,513
22917,P5,2,43
22918,P3,6,56
22919,P4,30,543
22920,P5,2,45
22921,P3,1,57
22922,P4,18,561
22923,P5,5,50
22924,P3,7,64
22925,P4,39,600
22926,P5,4,54
22927,P3,4,68
22928,P4,40,640
22929,P5,1,55
22930,P3,2,70
22931,P4,32,672
22932,P5,4,59
22933,P3,3,73
22934,P4,36,708
22935,P5,2,61
22936,P3,3,76
22937,P4,28,736
22938,P5,5,66
22939,P3,8,84
22940,P4,44,780
22941,P5,2,68
22942,P3,3,87
22943,P4,34,814
22944,P5,2,70
22945,P3,3,90
22946,P4,35,849
22947,P5,4,74
22948,P3,4,94
22949,P4,29,878
22950,P5,3,77
22951,P3,4,98
22952,P4,32,910
22953,P5,2,79
22954,P3,9,107
22955,P4,43,953
22956,P5,1,80
22957,P3,2,109
22958,P4,35,988
22959,P5,4,84
22960,P3,2,111
22961,P4,32,1020
22962,P5,3,87
22963,P3,9,120
22964,P4,41,1061
22965,P5,4,91
22966,P3,2,122
22967,P4,32,1093
22968,P5,4,95
22969,P3,3,125
22970,P4,28,1121
22971,P5,3,98
22972,P3,5,130
22973,P4,38,1159
22974,P5,5,103
22975,P3,3,133
22976,P4,31,1190
22977,P5,3,106
22978,P3,5,138
22979,P4,34,1224
22980,P5,1,107
22981,P3,0,0
22982,P4,0,0
22983,P5,0,0
22984,P3,0,0
22985,P4,10,10
22986,P5,16,16
22987,P3,0,0
22988,P4,7,17
22989,P5,16,32
22990,P3,0,0
22991,P4,7,24
22992,P5,16,48
22993,P3,0,0
22994,P4,4,28
22995,P5,16,64
22996,P3,0,0
22997,P4,9,37
22998,P5,14,78
22999,P3,0,0
23000,P4,5,42
23001,P5,15,93
23002,P3,0,0
23003,P4,8,50
23004,P5,15,108
23005,P3,0,0
23006,P4,10,60
23007,P5,14,122
23008,P3,0,0
23009,P4,0,0
23010,P5,0,0
23011,P3,7,7
23012,P4,15,15
23013,P5,10,10
23014,P3,0,7
23015,P4,13,28
23016,P5,11,21
23017,P3,4,11
23018,P4,12,40
23019,P5,7,28
23020,P3,5,16
23021,P4,13,53
23022,P5,12,40
23023,P3,6,22
23024,P4,17,70
23025,P5,9,49
23026,P3,1,23
23027,P4,10,80
23028,P5,11,60
23029,P3,6,29
23030,P4,13,93
23031,P5,12,72
23032,P3,9,38
23033,P4,20,113
23034,P5,7,79
23035,P3,4,42
23036,P4,15,128
23037,P5,6,85
23038,P3,1,43
23039,P4,21,149
23040,P5,6,91
23041,P3,3,46
23042,P4,14,163
23043,P5,8,99
23044,P3,3,49
23045,P4,17,180
23046,P5,9,108
23047,P3,4,53
23048,P4,15,195
23049,P5,7,115
23050,P3,0,53
23051,P4,17,212
23052,P5,6,121
23053,P3,2,55
23054,P4,9,221
23055,P5,10,131
23056,P3,1,56
23057,P4,12,233
23058,P5,10,141
23059,P3,3,59
23060,P4,10,243
23061,P5,14,155
23062,P3,4,63
23063,P4,16,259
23064,P5,7,162
23065,P3,0,63
23066,P4,15,274
23067,P5,8,170
23068,P3,4,67
23069,P4,23,297
23070,P5,3,173
23071,P3,5,72
23072,P4,15,312
23073,P5,9,182
23074,P3,8,80
23075,P4,26,338
23076,P5,2,184
23077,P3,5,85
23078,P4,17,355
23079,P5,9,193
23080,P3,9,94
23081,P4,17,372
23082,P5,5,198
23083,P3,4,98
23084,P4,12,384
23085,P5,11,209
23086,P3,10,108
23087,P4,15,399
23088,P5,8,217
23089,P3,8,116
23090,P4,17,416
23091,P5,5,222
23092,P3,9,125
23093,P4,13,429
23094,P5,9,231
23095,P3,2,127
23096,P4,10,439
23097,P5,11,242
23098,P3,9,136
23099,P4,12,451
23100,P5,10,252
23101,P3,0,136
23102,P4,14,465
23103,P5,7,259
23104,P3,6,142
23105,P4,13,478
23106,P5,11,270
23107,P3,8,150
23108,P4,18,496
23109,P5,6,276
23110,P3,14,164
23111,P4,28,524
23112,P5,2,278
23113,P3,6,170
23114,P4,17,541
23115,P5,8,286
23116,P3,3,173
23117,P4,19,560
23118,P5,6,292
23119,P3,8,181
23120,P4,22,582
23121,P5,7,299
23122,P3,4,185
23123,P4,20,602
23124,P5,7,306
23125,P3,5,190
23126,P4,19,621
23127,P5,6,312
23128,P3,12,202
23129,P4,24,645
23130,P5,8,320
23131,P3,6,208
23132,P4,19,664
23133,P5,6,326
23134,P3,12,220
23135,P4,20,684
23136,P5,5,331
23137,P3,2,222
23138,P4,12,696
23139,P5,13,344
23140,P3,8,230
23141,P4,17,713
23142,P5,8,352
23143,P3,4,234
23144,P4,25,738
23145,P5,4,356
23146,P3,3,237
23147,P4,14,752
23148,P5,12,368
23149,P3,6,243
23150,P4,14,766
23151,P5,8,376
23152,P3,8,251
23153,P4,32,798
23154,P5,2,378
23155,P3,7,258
23156,P4,10,808
23157,P5,12,390
23158,P3,8,266
23159,P4,18,826
23160,P5,6,396
23161,P3,3,269
23162,P4,23,849
23163,P5,4,400
23164,P3,3,272
23165,P4,19,868
23166,P5,7,407
23167,P3,8,280
23168,P4,21,889
23169,P5,5,412
23170,P3,9,289
23171,P4,16,905
23172,P5,9,421
23173,P3,8,297
23174,P4,24,929
23175,P5,9,430
23176,P3,0,0
23177,P4,0,0
23178,P5,0,0
23179,P3,1,1
23180,P4,3,3
23181,P5,8,8
23182,P3,0,1
23183,P4,9,12
23184,P5,12,20
23185,P3,0,1
23186,P4,7,19
23187,P5,11,31
23188,P3,2,3
23189,P4,6,25
23190,P5,17,48
23191,P3,0,3
23192,P4,11,36
23193,P5,12,60
23194,P3,0,3
23195,P4,2,38
23196,P5,18,78
23197,P3,0,3
23198,P4,6,44
23199,P5,12,90
23200,P3,0,3
23201,P4,2,46
23202,P5,15,105
23203,P3,0,3
23204,P4,3,49
23205,P5,16,121
23206,P3,0,3
23207,P4,10,59
23208,P5,12,133
23209,P3,1,4
23210,P4,6,65
23211,P5,11,144
23212,P3,0,4
23213,P4,8,73
23214,P5,10,154
23215,P3,0,4
23216,P4,10,83
23217,P5,15,169
23218,P3,0,4
23219,P4,10,93
23220,P5,12,181
23221,P3,0,4
23222,P4,6,99
23223,P5,14,195
23224,P3,0,4
23225,P4,9,108
23226,P5,14,209
23227,P3,0,4
23228,P4,5,113
23229,P5,13,222
23230,P3,0,4
23231,P4,7,120
23232,P5,15,237
23233,P3,0,4
23234,P4,4,124
23235,P5,12,249
23236,P3,0,4
23237,P4,7,131
23238,P5,16,265
23239,P3,0,4
23240,P4,9,140
23241,P5,16,281
23242,P3,0,0
23243,P4,0,0
23244,P5,0,0
23245,P3,0,0
23246,P4,4,4
23247,P5,27,27
23248,P3,1,1
23249,P4,10,14
23250,P5,10,37
23251,P3,2,3
23252,P4,11,25
23253,P5,11,48
23254,P3,0,3
23255,P4,10,35
23256,P5,8,56
23257,P3,0,3
23258,P4,14,49
23259,P5,9,65
23260,P3,0,3
23261,P4,12,61
23262,P5,9,74
23263,P3,0,0
23264,P4,0,0
23265,P5,0,0
23266,P3,0,0
23267,P4,28,28
23268,P5,1,1
23269,P3,0,0
23270,P4,22,50
23271,P5,0,1
23272,P3,0,0
23273,P4,22,72
23274,P5,0,1
23275,P3,2,2
23276,P4,23,95
23277,P5,2,3
23278,P3,0,2
23279,P4,23,118
23280,P5,2,5
23281,P3,2,4
23282,P4,25,143
23283,P5,2,7
23284,P3,0,4
23285,P4,19,162
23286,P5,2,9
23287,P3,0,4
23288,P4,24,186
23289,P5,0,9
23290,P3,0,4
23291,P4,19,205
23292,P5,3,12
23293,P3,0,4
23294,P4,28,233
23295,P5,0,12
23296,P3,2,6
23297,P4,26,259
23298,P5,1,13
23299,P3,3,9
23300,P4,32,291
23301,P5,0,13
23302,P3,0,9
23303,P4,22,313
23304,P5,1,14
23305,P3,0,9
23306,P4,21,334
23307,P5,2,16
23308,P3,0,9
23309,P4,27,361
23310,P5,1,17
23311,P3,1,10
23312,P4,26,387
23313,P5,0,17
23314,P3,1,11
23315,P4,26,413
23316,P5,0,17
23317,P3,0,11
23318,P4,26,439
23319,P5,0,17
23320,P3,3,14
23321,P4,19,458
23322,P5,1,18
23323,P3,2,16
23324,P4,24,482
23325,P5,1,19
23326,P3,2,18
23327,P4,23,505
23328,P5,1,20
23329,P3,0,18
23330,P4,25,530
23331,P5,0,20
23332,P3,3,21
23333,P4,24,554
23334,P5,0,20
23335,P3,0,21
23336,P4,26,580
23337,P5,1,21
23338,P3,3,24
23339,P4,24,604
23340,P5,0,21
23341,P3,1,25
23342,P4,24,628
23343,P5,0,21
23344,P3,1,26
23345,P4,25,653
23346,P5,0,21
23347,P3,1,27
23348,P4,31,684
23349,P5,2,23
23350,P3,1,28
23351,P4,23,707
23352,P5,1,24
23353,P3,0,0
23354,P4,0,0
23355,P5,0,0
23356,P3,0,0
23357,P4,17,17
23358,P5,54,54
23359,P3,0,0
23360,P4,14,31
23361,P5,37,91
23362,P3,0,0
23363,P4,22,53
23364,P5,32,123
23365,P3,0,0
23366,P4,9,62
23367,P5,45,168
23368,P3,0,0
23369,P4,9,71
23370,P5,42,210
23371,P3,0,0
23372,P4,14,85
23373,P5,46,256
23374,P3,0,0
23375,P4,13,98
23376,P5,48,304
23377,P3,0,0
23378,P4,16,114
23379,P5,55,359
23380,P3,0,0
23381,P4,17,131
23382,P5,36,395
23383,P3,0,0
23384,P4,11,142
23385,P5,46,441
23386,P3,0,0
23387,P4,15,157
23388,P5,40,481
23389,P3,0,0
23390,P4,21,178
23391,P5,43,524
23392,P3,0,0
23393,P4,20,198
23394,P5,35,559
23395,P3,0,0
23396,P4,10,208
23397,P5,45,604
23398,P3,0,0
23399,P4,13,221
23400,P5,43,647
23401,P3,0,0
23402,P4,4,225
23403,P5,41,688
23404,P3,1,1
23405,P4,10,235
23406,P5,42,730
23407,P3,0,1
23408,P4,8,243
23409,P5,44,774
23410,P3,0,1
23411,P4,13,256
23412,P5,44,818
23413,P3,0,1
23414,P4,10,266
23415,P5,38,856
23416,P3,0,1
23417,P4,17,283
23418,P5,31,887
23419,P3,0,1
23420,P4,20,303
23421,P5,41,928
23422,P3,0,1
23423,P4,9,312
23424,P5,42,970
23425,P3,0,1
23426,P4,15,327
23427,P5,53,1023
23428,P3,0,1
23429,P4,15,342
23430,P5,40,1063
23431,P3,0,1
23432,P4,14,356
23433,P5,41,1104
23434,P3,0,1
23435,P4,16,372
23436,P5,34,1138
23437,P3,0,0
23438,P4,0,0
23439,P5,0,0
23440,P3,20,20
23441,P4,2,2
23442,P5,58,58
23443,P3,22,42
23444,P4,4,6
23445,P5,51,109
23446,P3,12,54
23447,P4,6,12
23448,P5,45,154
23449,P3,24,78
23450,P4,1,13
23451,P5,54,208
23452,P3,18,96
23453,P4,1,14
23454,P5,61,269
23455,P3,14,110
23456,P4,1,15
23457,P5,57,326
23458,P3,0,0
23459,P4,0,0
23460,P5,0,0
23461,P3,0,0
23462,P4,17,17
23463,P5,24,24
23464,P3,0,0
23465,P4,17,34
23466,P5,20,44
23467,P3,0,0
23468,P4,16,50
23469,P5,22,66
23470,P3,0,0
23471,P4,19,69
23472,P5,24,90
23473,P3,0,0
23474,P4,14,83
23475,P5,23,113
23476,P3,0,0
23477,P4,13,96
23478,P5,21,134
23479,P3,0,0
23480,P4,11,107
23481,P5,19,153
23482,P3,0,0
23483,P4,11,118
23484,P5,25,178
23485,P3,0,0
23486,P4,18,136
23487,P5,27,205
23488,P3,0,0
23489,P4,12,148
23490,P5,21,226
23491,P3,0,0
23492,P4,18,166
23493,P5,24,250
23494,P3,0,0
23495,P4,0,0
23496,P5,0,0
23497,P3,0,0
23498,P4,20,20
23499,P5,0,0
23500,P3,1,1
23501,P4,24,44
23502,P5,1,1
23503,P3,5,6
23504,P4,24,68
23505,P5,3,4
23506,P3,4,10
23507,P4,26,94
23508,P5,5,9
23509,P3,5,15
23510,P4,23,117
23511,P5,1,10
23512,P3,3,18
23513,P4,20,137
23514,P5,2,12
23515,P3,2,20
23516,P4,24,161
23517,P5,4,16
23518,P3,1,21
23519,P4,25,186
23520,P5,1,17
23521,P3,9,30
23522,P4,20,206
23523,P5,2,19
23524,P3,2,32
23525,P4,28,234
23526,P5,1,20
23527,P3,3,35
23528,P4,25,259
23529,P5,2,22
23530,P3,1,36
23531,P4,27,286
23532,P5,2,24
23533,P3,1,37
23534,P4,21,307
23535,P5,6,30
23536,P3,6,43
23537,P4,28,335
23538,P5,2,32
23539,P3,1,44
23540,P4,31,366
23541,P5,3,35
23542,P3,1,45
23543,P4,26,392
23544,P5,0,35
23545,P3,6,51
23546,P4,21,413
23547,P5,3,38
23548,P3,3,54
23549,P4,18,431
23550,P5,3,41
23551,P3,0,0
23552,P4,0,0
23553,P5,0,0
23554,P3,0,0
23555,P4,15,15
23556,P5,1,1
23557,P3,0,0
23558,P4,12,27
23559,P5,5,6
23560,P3,0,0
23561,P4,9,36
23562,P5,7,13
23563,P3,0,0
23564,P4,13,49
23565,P5,3,16
23566,P3,0,0
23567,P4,11,60
23568,P5,5,21
23569,P3,0,0
23570,P4,11,71
23571,P5,6,27
23572,P3,0,0
23573,P4,9,80
23574,P5,7,34
23575,P3,0,0
23576,P4,0,0
23577,P5,0,0
23578,P3,0,0
23579,P4,43,43
23580,P5,0,0
23581,P3,14,14
23582,P4,36,79
23583,P5,0,0
23584,P3,5,19
23585,P4,38,117
23586,P5,0,0
23587,P3,6,25
23588,P4,36,153
23589,P5,0,0
23590,P3,8,33
23591,P4,35,188
23592,P5,0,0
23593,P3,15,48
23594,P4,38,226
23595,P5,0,0
23596,P3,10,58
23597,P4,34,260
23598,P5,0,0
23599,P3,9,67
23600,P4,35,295
23601,P5,0,0
23602,P3,10,77
23603,P4,36,331
23604,P5,0,0
23605,P3,10,87
23606,P4,38,369
23607,P5,0,0
23608,P3,10,97
23609,P4,33,402
23610,P5,0,0
23611,P3,12,109
23612,P4,33,435
23613,P5,0,0
23614,P3,15,124
23615,P4,40,475
23616,P5,0,0
23617,P3,8,132
23618,P4,36,511
23619,P5,0,0
23620,P3,8,140
23621,P4,39,550
23622,P5,0,0
23623,P3,11,151
23624,P4,37,587
23625,P5,0,0
23626,P3,9,160
23627,P4,38,625
23628,P5,0,0
23629,P3,17,177
23630,P4,35,660
23631,P5,0,0
23632,P3,6,183
23633,P4,35,695
23634,P5,0,0
23635,P3,9,192
23636,P4,38,733
23637,P5,0,0
23638,P3,12,204
23639,P4,33,766
23640,P5,0,0
23641,P3,8,212
23642,P4,38,804
23643,P5,0,0
23644,P3,5,217
23645,P4,36,840
23646,P5,0,0
23647,P3,13,230
23648,P4,36,876
23649,P5,0,0
23650,P3,12,242
23651,P4,35,911
23652,P5,0,0
23653,P3,13,255
23654,P4,37,948
23655,P5,0,0
23656,P3,15,270
23657,P4,34,982
23658,P5,0,0
23659,P3,17,287
23660,P4,36,1018
23661,P5,0,0
23662,P3,0,0
23663,P4,0,0
23664,P5,0,0
23665,P3,0,0
23666,P4,2,2
23667,P5,29,29
23668,P3,0,0
23669,P4,1,3
23670,P5,21,50
23671,P3,0,0
23672,P4,2,5
23673,P5,24,74
23674,P3,1,1
23675,P4,0,5
23676,P5,25,99
23677,P3,1,2
23678,P4,1,6
23679,P5,29,128
23680,P3,0,2
23681,P4,2,8
23682,P5,35,163
23683,P3,0,2
23684,P4,1,9
23685,P5,31,194
23686,P3,0,2
23687,P4,0,9
23688,P5,33,227
23689,P3,0,2
23690,P4,0,9
23691,P5,24,251
23692,P3,0,2
23693,P4,1,10
23694,P5,26,277
23695,P3,0,2
23696,P4,1,11
23697,P5,27,304
23698,P3,0,2
23699,P4,0,11
23700,P5,27,331
23701,P3,0,2
23702,P4,0,11
23703,P5,28,359
23704,P3,0,2
23705,P4,0,11
23706,P5,30,389
23707,P3,0,2
23708,P4,0,11
23709,P5,28,417
23710,P3,0,2
23711,P4,1,12
23712,P5,31,448
23713,P3,0,2
23714,P4,0,12
23715,P5,26,474
23716,P3,0,0
23717,P4,0,0
23718,P5,0,0
23719,P3,0,0
23720,P4,4,4
23721,P5,12,12
23722,P3,0,0
23723,P4,8,12
23724,P5,8,20
23725,P3,0,0
23726,P4,0,0
23727,P5,0,0
23728,P3,20,20
23729,P4,29,29
23730,P5,1,1
23731,P3,23,43
23732,P4,16,45
23733,P5,0,1
23734,P3,28,71
23735,P4,29,74
23736,P5,0,1
23737,P3,27,98
23738,P4,15,89
23739,P5,0,1
23740,P3,27,125
23741,P4,34,123
23742,P5,2,3
23743,P3,24,149
23744,P4,25,148
23745,P5,1,4
23746,P3,27,176
23747,P4,23,171
23748,P5,0,4
23749,P3,26,202
23750,P4,24,195
23751,P5,0,4
23752,P3,27,229
23753,P4,28,223
23754,P5,0,4
23755,P3,30,259
23756,P4,19,242
23757,P5,0,4
23758,P3,35,294
23759,P4,28,270
23760,P5,0,4
23761,P3,26,320
23762,P4,21,291
23763,P5,0,4
23764,P3,23,343
23765,P4,28,319
23766,P5,0,4
23767,P3,29,372
23768,P4,22,341
23769,P5,0,4
23770,P3,28,400
23771,P4,22,363
23772,P5,0,4
23773,P3,33,433
23774,P4,22,385
23775,P5,0,4
23776,P3,24,457
23777,P4,16,401
23778,P5,0,4
23779,P3,22,479
23780,P4,27,428
23781,P5,0,4
23782,P3,26,505
23783,P4,33,461
23784,P5,0,4
23785,P3,26,531
23786,P4,20,481
23787,P5,0,4
23788,P3,32,563
23789,P4,30,511
23790,P5,0,4
23791,P3,29,592
23792,P4,23,534
23793,P5,0,4
23794,P3,22,614
23795,P4,31,565
23796,P5,0,4
23797,P3,26,640
23798,P4,26,591
23799,P5,0,4
23800,P3,28,668
23801,P4,20,611
23802,P5,0,4
23803,P3,19,687
23804,P4,32,643
23805,P5,0,4
23806,P3,28,715
23807,P4,18,661
23808,P5,0,4
23809,P3,28,743
23810,P4,22,683
23811,P5,0,4
23812,P3,28,771
23813,P4,25,708
23814,P5,0,4
23815,P3,24,795
23816,P4,33,741
23817,P5,0,4
23818,P3,31,826
23819,P4,28,769
23820,P5,0,4
23821,P3,27,853
23822,P4,27,796
23823,P5,1,5
23824,P3,25,878
23825,P4,28,824
23826,P5,0,5
23827,P3,32,910
23828,P4,30,854
23829,P5,1,6
23830,P3,32,942
23831,P4,29,883
23832,P5,0,6
23833,P3,26,968
23834,P4,29,912
23835,P5,0,6
23836,P3,27,995
23837,P4,20,932
23838,P5,0,6
23839,P3,29,1024
23840,P4,23,955
23841,P5,0,6
23842,P3,29,1053
23843,P4,30,985
23844,P5,0,6
23845,P3,31,1084
23846,P4,27,1012
23847,P5,0,6
23848,P3,25,1109
23849,P4,34,1046
23850,P5,0,6
23851,P3,19,1128
23852,P4,26,1072
23853,P5,1,7
23854,P3,35,1163
23855,P4,28,1100
23856,P5,0,7
23857,P3,26,1189
23858,P4,17,1117
23859,P5,0,7
23860,P3,32,1221
23861,P4,23,1140
23862,P5,0,7
23863,P3,21,1242
23864,P4,28,1168
23865,P5,0,7
23866,P3,30,1272
23867,P4,23,1191
23868,P5,0,7
23869,P3,25,1297
23870,P4,36,1227
23871,P5,0,7
23872,P3,34,1331
23873,P4,18,1245
23874,P5,0,7
23875,P3,28,1359
23876,P4,28,1273
23877,P5,0,7
23878,P3,30,1389
23879,P4,31,1304
23880,P5,0,7
23881,P3,25,1414
23882,P4,28,1332
23883,P5,0,7
23884,P3,0,0
23885,P4,0,0
23886,P5,0,0
23887,P3,7,7
23888,P4,14,14
23889,P5,8,8
23890,P3,3,10
23891,P4,3,17
23892,P5,8,16
23893,P3,3,13
23894,P4,5,22
23895,P5,4,20
23896,P3,4,17
23897,P4,19,41
23898,P5,8,28
23899,P3,6,23
23900,P4,14,55
23901,P5,13,41
23902,P3,6,29
23903,P4,15,70
23904,P5,14,55
23905,P3,5,34
23906,P4,17,87
23907,P5,6,61
23908,P3,6,40
23909,P4,9,96
23910,P5,7,68
23911,P3,1,41
23912,P4,12,108
23913,P5,11,79
23914,P3,2,43
23915,P4,4,112
23916,P5,11,90
23917,P3,5,48
23918,P4,16,128
23919,P5,5,95
23920,P3,10,58
23921,P4,13,141
23922,P5,13,108
23923,P3,7,65
23924,P4,18,159
23925,P5,10,118
23926,P3,8,73
23927,P4,14,173
23928,P5,8,126
23929,P3,4,77
23930,P4,10,183
23931,P5,7,133
23932,P3,2,79
23933,P4,11,194
23934,P5,5,138
23935,P3,4,83
23936,P4,17,211
23937,P5,9,147
23938,P3,3,86
23939,P4,10,221
23940,P5,3,150
23941,P3,3,89
23942,P4,17,238
23943,P5,13,163
23944,P3,10,99
23945,P4,15,253
23946,P5,10,173
23947,P3,2,101
23948,P4,9,262
23949,P5,11,184
23950,P3,12,113
23951,P4,12,274
23952,P5,14,198
23953,P3,6,119
23954,P4,7,281
23955,P5,8,206
23956,P3,7,126
23957,P4,9,290
23958,P5,10,216
23959,P3,6,132
23960,P4,5,295
23961,P5,8,224
23962,P3,6,138
23963,P4,9,304
23964,P5,10,234
23965,P3,1,139
23966,P4,8,312
23967,P5,7,241
23968,P3,8,147
23969,P4,11,323
23970,P5,10,251
23971,P3,3,150
23972,P4,12,335
23973,P5,8,259
23974,P3,3,153
23975,P4,10,345
23976,P5,7,266
23977,P3,5,158
23978,P4,9,354
23979,P5,11,277
23980,P3,6,164
23981,P4,11,365
23982,P5,9,286
23983,P3,5,169
23984,P4,7,372
23985,P5,9,295
23986,P3,6,175
23987,P4,7,379
23988,P5,3,298
23989,P3,7,182
23990,P4,20,399
23991,P5,8,306
23992,P3,3,185
23993,P4,5,404
23994,P5,9,315
23995,P3,5,190
23996,P4,13,417
23997,P5,6,321
23998,P3,11,201
23999,P4,17,434
24000,P5,7,328
24001,P3,2,203
24002,P4,8,442
24003,P5,9,337
24004,P3,7,210
24005,P4,13,455
24006,P5,7,344
24007,P3,1,211
24008,P4,7,462
24009,P5,11,355
24010,P3,6,217
24011,P4,9,471
24012,P5,6,361
24013,P3,6,223
24014,P4,15,486
24015,P5,11,372
24016,P3,3,226
24017,P4,9,495
24018,P5,14,386
24019,P3,12,238
24020,P4,12,507
24021,P5,8,394
24022,P3,5,243
24023,P4,11,518
24024,P5,10,404
24025,P3,0,0
24026,P4,0,0
24027,P5,0,0
24028,P3,6,6
24029,P4,0,0
24030,P5,32,32
24031,P3,0,6
24032,P4,0,0
24033,P5,32,64
24034,P3,2,8
24035,P4,1,1
24036,P5,32,96
24037,P3,2,10
24038,P4,1,2
24039,P5,33,129
24040,P3,5,15
24041,P4,0,2
24042,P5,32,161
24043,P3,0,15
24044,P4,0,2
24045,P5,32,193
24046,P3,1,16
24047,P4,0,2
24048,P5,32,225
24049,P3,2,18
24050,P4,0,2
24051,P5,33,258
24052,P3,0,18
24053,P4,0,2
24054,P5,32,290
24055,P3,0,0
24056,P4,0,0
24057,P5,0,0
24058,P3,14,14
24059,P4,146,146
24060,P5,1,1
24061,P3,25,39
24062,P4,144,290
24063,P5,1,2
24064,P3,27,66
24065,P4,145,435
24066,P5,0,2
24067,P3,46,112
24068,P4,181,616
24069,P5,0,2
24070,P3,39,151
24071,P4,140,756
24072,P5,0,2
24073,P3,41,192
24074,P4,152,908
24075,P5,0,2
24076,P3,34,226
24077,P4,138,1046
24078,P5,0,2
24079,P3,38,264
24080,P4,155,1201
24081,P5,0,2
24082,P3,0,0
24083,P4,0,0
24084,P5,0,0
24085,P3,0,0
24086,P4,0,0
24087,P5,18,18
24088,P3,0,0
24089,P4,0,0
24090,P5,16,34
24091,P3,0,0
24092,P4,1,1
24093,P5,16,50
24094,P3,0,0
24095,P4,0,1
24096,P5,17,67
24097,P3,0,0
24098,P4,0,1
24099,P5,16,83
24100,P3,0,0
24101,P4,0,1
24102,P5,16,99
24103,P3,1,1
24104,P4,1,2
24105,P5,16,115
24106,P3,0,1
24107,P4,0,2
24108,P5,16,131
24109,P3,0,1
24110,P4,0,2
24111,P5,16,147
24112,P3,0,1
24113,P4,1,3
24114,P5,16,163
24115,P3,0,1
24116,P4,0,3
24117,P5,17,180
24118,P3,0,1
24119,P4,0,3
24120,P5,16,196
24121,P3,0,1
24122,P4,1,4
24123,P5,16,212
24124,P3,0,1
24125,P4,1,5
24126,P5,17,229
24127,P3,0,1
24128,P4,0,5
24129,P5,16,245
24130,P3,0,1
24131,P4,0,5
24132,P5,16,261
24133,P3,0,1
24134,P4,1,6
24135,P5,16,277
24136,P3,0,1
24137,P4,0,6
24138,P5,16,293
24139,P3,0,0
24140,P4,0,0
24141,P5,0,0
24142,P3,0,0
24143,P4,8,8
24144,P5,20,20
24145,P3,0,0
24146,P4,3,11
24147,P5,20,40
24148,P3,0,0
24149,P4,5,16
24150,P5,20,60
24151,P3,0,0
24152,P4,3,19
24153,P5,28,88
24154,P3,0,0
24155,P4,3,22
24156,P5,22,110
24157,P3,0,0
24158,P4,3,25
24159,P5,20,130
24160,P3,0,0
24161,P4,2,27
24162,P5,19,149
24163,P3,0,0
24164,P4,5,32
24165,P5,19,168
24166,P3,0,0
24167,P4,3,35
24168,P5,19,187
24169,P3,0,0
24170,P4,3,38
24171,P5,21,208
24172,P3,0,0
24173,P4,0,0
24174,P5,0,0
24175,P3,21,21
24176,P4,6,6
24177,P5,2,2
24178,P3,17,38
24179,P4,2,8
24180,P5,8,10
24181,P3,34,72
24182,P4,1,9
24183,P5,7,17
24184,P3,28,100
24185,P4,0,9
24186,P5,6,23
24187,P3,36,136
24188,P4,7,16
24189,P5,3,26
24190,P3,0,0
24191,P4,0,0
24192,P5,0,0
24193,P3,0,0
24194,P4,0,0
24195,P5,23,23
24196,P3,0,0
24197,P4,0,0
24198,P5,0,0
24199,P3,0,0
24200,P4,0,0
24201,P5,16,16
24202,P3,0,0
24203,P4,0,0
24204,P5,16,32
24205,P3,0,0
24206,P4,0,0
24207,P5,16,48
24208,P3,0,0
24209,P4,0,0
24210,P5,16,64
24211,P3,0,0
24212,P4,0,0
24213,P5,16,80
24214,P3,0,0
24215,P4,0,0
24216,P5,16,96
24217,P3,0,0
24218,P4,0,0
24219,P5,16,112
24220,P3,0,0
24221,P4,0,0
24222,P5,16,128
24223,P3,0,0
24224,P4,0,0
24225,P5,16,144
24226,P3,0,0
24227,P4,0,0
24228,P5,16,160
24229,P3,0,0
24230,P4,0,0
24231,P5,16,176
24232,P3,0,0
24233,P4,0,0
24234,P5,16,192
24235,P3,0,0
24236,P4,1,1
24237,P5,16,208
24238,P3,0,0
24239,P4,0,1
24240,P5,16,224
24241,P3,0,0
24242,P4,0,1
24243,P5,16,240
24244,P3,0,0
24245,P4,0,1
24246,P5,16,256
24247,P3,0,0
24248,P4,0,1
24249,P5,16,272
24250,P3,0,0
24251,P4,0,1
24252,P5,16,288
24253,P3,0,0
24254,P4,0,1
24255,P5,16,304
24256,P3,0,0
24257,P4,0,1
24258,P5,16,320
24259,P3,0,0
24260,P4,0,1
24261,P5,16,336
24262,P3,0,0
24263,P4,0,0
24264,P5,0,0
24265,P3,8,8
24266,P4,5,5
24267,P5,1,1
24268,P3,9,17
24269,P4,6,11
24270,P5,1,2
24271,P3,7,24
24272,P4,11,22
24273,P5,2,4
24274,P3,13,37
24275,P4,17,39
24276,P5,3,7
24277,P3,19,56
24278,P4,11,50
24279,P5,0,7
24280,P3,6,62
24281,P4,7,57
24282,P5,0,7
24283,P3,4,66
24284,P4,6,63
24285,P5,5,12
24286,P3,5,71
24287,P4,9,72
24288,P5,2,14
24289,P3,5,76
24290,P4,6,78
24291,P5,3,17
24292,P3,5,81
24293,P4,4,82
24294,P5,1,18
24295,P3,9,90
24296,P4,14,96
24297,P5,2,20
24298,P3,9,99
24299,P4,7,103
24300,P5,0,20
24301,P3,2,101
24302,P4,6,109
24303,P5,2,22
24304,P3,9,110
24305,P4,7,116
24306,P5,0,22
24307,P3,12,122
24308,P4,9,125
24309,P5,3,25
24310,P3,7,129
24311,P4,6,131
24312,P5,0,25
24313,P3,10,139
24314,P4,8,139
24315,P5,0,25
24316,P3,10,149
24317,P4,7,146
24318,P5,1,26
24319,P3,5,154
24320,P4,6,152
24321,P5,2,28
24322,P3,12,166
24323,P4,14,166
24324,P5,1,29
24325,P3,11,177
24326,P4,6,172
24327,P5,0,29
24328,P3,16,193
24329,P4,14,186
24330,P5,2,31
24331,P3,15,208
24332,P4,6,192
24333,P5,4,35
24334,P3,12,220
24335,P4,8,200
24336,P5,3,38
24337,P3,5,225
24338,P4,10,210
24339,P5,6,44
24340,P3,12,237
24341,P4,13,223
24342,P5,2,46
24343,P3,18,255
24344,P4,5,228
24345,P5,2,48
24346,P3,9,264
24347,P4,7,235
24348,P5,1,49
24349,P3,10,274
24350,P4,7,242
24351,P5,4,53
24352,P3,13,287
24353,P4,9,251
24354,P5,3,56
24355,P3,9,296
24356,P4,11,262
24357,P5,5,61
24358,P3,8,304
24359,P4,9,271
24360,P5,1,62
24361,P3,6,310
24362,P4,8,279
24363,P5,1,63
24364,P3,14,324
24365,P4,5,284
24366,P5,0,63
24367,P3,12,336
24368,P4,10,294
24369,P5,1,64
24370,P3,11,347
24371,P4,8,302
24372,P5,2,66
24373,P3,11,358
24374,P4,8,310
24375,P5,1,67
24376,P3,9,367
24377,P4,4,314
24378,P5,4,71
24379,P3,6,373
24380,P4,9,323
24381,P5,3,74
24382,P3,11,384
24383,P4,5,328
24384,P5,3,77
24385,P3,16,400
24386,P4,8,336
24387,P5,0,77
24388,P3,12,412
24389,P4,12,348
24390,P5,2,79
24391,P3,10,422
24392,P4,5,353
24393,P5,0,79
24394,P3,5,427
24395,P4,5,358
24396,P5,3,82
24397,P3,7,434
24398,P4,7,365
24399,P5,2,84
24400,P3,4,438
24401,P4,5,370
24402,P5,3,87
24403,P3,14,452
24404,P4,12,382
24405,P5,1,88
24406,P3,6,458
24407,P4,10,392
24408,P5,1,89
24409,P3,14,472
24410,P4,14,406
24411,P5,3,92
24412,P3,9,481
24413,P4,8,414
24414,P5,0,92
24415,P3,7,488
24416,P4,4,418
24417,P5,0,92
24418,P3,8,496
24419,P4,11,429
24420,P5,0,92
24421,P3,9,505
24422,P4,8,437
24423,P5,1,93
24424,P3,5,510
24425,P4,7,444
24426,P5,0,93
24427,P3,0,0
24428,P4,0,0
24429,P5,0,0
24430,P3,0,0
24431,P4,30,30
24432,P5,1,1
24433,P3,1,1
24434,P4,28,58
24435,P5,4,5
24436,P3,0,1
24437,P4,30,88
24438,P5,2,7
24439,P3,2,3
24440,P4,27,115
24441,P5,1,8
24442,P3,2,5
24443,P4,32,147
24444,P5,1,9
24445,P3,1,6
24446,P4,32,179
24447,P5,1,10
24448,P3,3,9
24449,P4,28,207
24450,P5,2,12
24451,P3,5,14
24452,P4,32,239
24453,P5,0,12
24454,P3,4,18
24455,P4,29,268
24456,P5,3,15
24457,P3,3,21
24458,P4,30,298
24459,P5,3,18
24460,P3,4,25
24461,P4,32,330
24462,P5,2,20
24463,P3,2,27
24464,P4,29,359
24465,P5,2,22
24466,P3,2,29
24467,P4,26,385
24468,P5,3,25
24469,P3,2,31
24470,P4,31,416
24471,P5,2,27
24472,P3,2,33
24473,P4,29,445
24474,P5,1,28
24475,P3,1,34
24476,P4,26,471
24477,P5,4,32
24478,P3,1,35
24479,P4,30,501
24480,P5,3,35
24481,P3,5,40
24482,P4,32,533
24483,P5,0,35
24484,P3,5,45
24485,P4,34,567
24486,P5,4,39
24487,P3,2,47
24488,P4,33,600
24489,P5,3,42
24490,P3,3,50
24491,P4,30,630
24492,P5,1,43
24493,P3,1,51
24494,P4,32,662
24495,P5,1,44
24496,P3,1,52
24497,P4,31,693
24498,P5,1,45
24499,P3,1,53
24500,P4,30,723
24501,P5,2,47
24502,P3,3,56
24503,P4,30,753
24504,P5,0,47
24505,P3,3,59
24506,P4,30,783
24507,P5,5,52
24508,P3,0,59
24509,P4,34,817
24510,P5,2,54
24511,P3,4,63
24512,P4,25,842
24513,P5,1,55
24514,P3,3,66
24515,P4,28,870
24516,P5,2,57
24517,P3,1,67
24518,P4,30,900
24519,P5,3,60
24520,P3,3,70
24521,P4,33,933
24522,P5,0,60
24523,P3,3,73
24524,P4,34,967
24525,P5,4,64
24526,P3,2,75
24527,P4,24,991
24528,P5,2,66
24529,P3,2,77
24530,P4,31,1022
24531,P5,2,68
24532,P3,2,79
24533,P4,24,1046
24534,P5,3,71
24535,P3,2,81
24536,P4,31,1077
24537,P5,3,74
24538,P3,1,82
24539,P4,30,1107
24540,P5,6,80
24541,P3,3,85
24542,P4,34,1141
24543,P5,4,84
24544,P3,2,87
24545,P4,34,1175
24546,P5,1,85
24547,P3,3,90
24548,P4,31,1206
24549,P5,2,87
24550,P3,3,93
24551,P4,32,1238
24552,P5,5,92
24553,P3,4,97
24554,P4,31,1269
24555,P5,5,97
24556,P3,2,99
24557,P4,28,1297
24558,P5,2,99
24559,P3,2,101
24560,P4,33,1330
24561,P5,4,103
24562,P3,0,101
24563,P4,24,1354
24564,P5,1,104
24565,P3,0,101
24566,P4,34,1388
24567,P5,4,108
24568,P3,1,102
24569,P4,28,1416
24570,P5,5,113
24571,P3,4,106
24572,P4,29,1445
24573,P5,2,115
24574,P3,0,0
24575,P4,0,0
24576,P5,0,0
24577,P3,0,0
24578,P4,37,37
24579,P5,2,2
24580,P3,5,5
24581,P4,47,84
24582,P5,2,4
24583,P3,3,8
24584,P4,41,125
24585,P5,0,4
24586,P3,1,9
24587,P4,39,164
24588,P5,0,4
24589,P3,5,14
24590,P4,43,207
24591,P5,0,4
24592,P3,5,19
24593,P4,39,246
24594,P5,0,4
24595,P3,2,21
24596,P4,43,289
24597,P5,1,5
24598,P3,2,23
24599,P4,41,330
24600,P5,1,6
24601,P3,1,24
24602,P4,41,371
24603,P5,2,8
24604,P3,0,24
24605,P4,33,404
24606,P5,0,8
24607,P3,3,27
24608,P4,37,441
24609,P5,2,10
24610,P3,1,28
24611,P4,49,490
24612,P5,2,12
24613,P3,0,28
24614,P4,38,528
24615,P5,0,12
24616,P3,0,28
24617,P4,43,571
24618,P5,0,12
24619,P3,0,28
24620,P4,39,610
24621,P5,1,13
24622,P3,3,31
24623,P4,40,650
24624,P5,1,14
24625,P3,2,33
24626,P4,39,689
24627,P5,0,14
24628,P3,1,34
24629,P4,40,729
24630,P5,2,16
24631,P3,1,35
24632,P4,38,767
24633,P5,0,16
24634,P3,0,35
24635,P4,40,807
24636,P5,3,19
24637,P3,2,37
24638,P4,36,843
24639,P5,1,20
24640,P3,3,40
24641,P4,38,881
24642,P5,2,22
24643,P3,1,41
24644,P4,45,926
24645,P5,0,22
24646,P3,3,44
24647,P4,37,963
24648,P5,1,23
24649,P3,0,44
24650,P4,44,1007
24651,P5,1,24
24652,P3,0,0
24653,P4,0,0
24654,P5,0,0
24655,P3,1,1
24656,P4,3,3
24657,P5,24,24
24658,P3,0,1
24659,P4,1,4
24660,P5,31,55
24661,P3,0,1
24662,P4,4,8
24663,P5,39,94
24664,P3,0,1
24665,P4,2,10
24666,P5,44,138
24667,P3,0,1
24668,P4,4,14
24669,P5,39,177
24670,P3,0,1
24671,P4,1,15
24672,P5,41,218
24673,P3,0,1
24674,P4,0,15
24675,P5,29,247
24676,P3,1,2
24677,P4,0,15
24678,P5,42,289
24679,P3,0,2
24680,P4,0,15
24681,P5,30,319
24682,P3,0,2
24683,P4,0,15
24684,P5,40,359
24685,P3,0,2
24686,P4,1,16
24687,P5,45,404
24688,P3,0,2
24689,P4,0,16
24690,P5,40,444
24691,P3,0,2
24692,P4,1,17
24693,P5,36,480
24694,P3,0,2
24695,P4,1,18
24696,P5,32,512
24697,P3,0,2
24698,P4,3,21
24699,P5,37,549
24700,P3,0,2
24701,P4,3,24
24702,P5,37,586
24703,P3,0,2
24704,P4,0,24
24705,P5,31,617
24706,P3,0,2
24707,P4,1,25
24708,P5,45,662
24709,P3,0,2
24710,P4,4,29
24711,P5,37,699
24712,P3,0,2
24713,P4,4,33
24714,P5,38,737
24715,P3,2,4
24716,P4,2,35
24717,P5,34,771
24718,P3,0,4
24719,P4,3,38
24720,P5,41,812
24721,P3,0,4
24722,P4,2,40
24723,P5,42,854
24724,P3,1,5
24725,P4,0,40
24726,P5,30,884
24727,P3,0,5
24728,P4,3,43
24729,P5,38,922
24730,P3,0,5
24731,P4,1,44
24732,P5,38,960
24733,P3,0,5
24734,P4,0,44
24735,P5,35,995
24736,P3,0,5
24737,P4,4,48
24738,P5,25,1020
24739,P3,0,5
24740,P4,1,49
24741,P5,30,1050
24742,P3,0,5
24743,P4,3,52
24744,P5,36,1086
24745,P3,2,7
24746,P4,1,53
24747,P5,40,1126
24748,P3,0,0
24749,P4,0,0
24750,P5,0,0
24751,P3,7,7
24752,P4,28,28
24753,P5,0,0
24754,P3,0,0
24755,P4,0,0
24756,P5,0,0
24757,P3,2,2
24758,P4,1,1
24759,P5,12,12
24760,P3,2,4
24761,P4,0,1
24762,P5,23,35
24763,P3,1,5
24764,P4,1,2
24765,P5,23,58
24766,P3,2,7
24767,P4,0,2
24768,P5,23,81
24769,P3,0,7
24770,P4,5,7
24771,P5,12,93
24772,P3,2,9
24773,P4,4,11
24774,P5,21,114
24775,P3,4,13
24776,P4,1,12
24777,P5,25,139
24778,P3,2,15
24779,P4,0,12
24780,P5,25,164
24781,P3,1,16
24782,P4,0,12
24783,P5,24,188
24784,P3,3,19
24785,P4,2,14
24786,P5,24,212
24787,P3,3,22
24788,P4,2,16
24789,P5,32,244
24790,P3,0,22
24791,P4,3,19
24792,P5,21,265
24793,P3,0,0
24794,P4,0,0
24795,P5,0,0
24796,P3,3,3
24797,P4,44,44
24798,P5,9,9
24799,P3,5,8
24800,P4,41,85
24801,P5,8,17
24802,P3,6,14
24803,P4,42,127
24804,P5,5,22
24805,P3,5,19
24806,P4,42,169
24807,P5,5,27
24808,P3,12,31
24809,P4,38,207
24810,P5,11,38
24811,P3,1,32
24812,P4,39,246
24813,P5,8,46
24814,P3,7,39
24815,P4,39,285
24816,P5,14,60
24817,P3,7,46
24818,P4,46,331
24819,P5,10,70
24820,P3,9,55
24821,P4,45,376
24822,P5,13,83
24823,P3,7,62
24824,P4,46,422
24825,P5,19,102
24826,P3,2,64
24827,P4,47,469
24828,P5,8,110
24829,P3,5,69
24830,P4,44,513
24831,P5,3,113
24832,P3,5,74
24833,P4,47,560
24834,P5,4,117
24835,P3,4,78
24836,P4,49,609
24837,P5,7,124
24838,P3,9,87
24839,P4,41,650
24840,P5,7,131
24841,P3,6,93
24842,P4,48,698
24843,P5,10,141
24844,P3,7,100
24845,P4,40,738
24846,P5,9,150
24847,P3,3,103
24848,P4,45,783
24849,P5,10,160
24850,P3,0,0
24851,P4,0,0
24852,P5,0,0
24853,P3,16,16
24854,P4,0,0
24855,P5,22,22
24856,P3,24,40
24857,P4,0,0
24858,P5,25,47
24859,P3,25,65
24860,P4,0,0
24861,P5,21,68
24862,P3,29,94
24863,P4,0,0
24864,P5,21,89
24865,P3,24,118
24866,P4,0,0
24867,P5,23,112
24868,P3,24,142
24869,P4,0,0
24870,P5,23,135
24871,P3,23,165
24872,P4,0,0
24873,P5,23,158
24874,P3,25,190
24875,P4,0,0
24876,P5,19,177
24877,P3,24,214
24878,P4,0,0
24879,P5,18,195
24880,P3,26,240
24881,P4,0,0
24882,P5,19,214
24883,P3,25,265
24884,P4,0,0
24885,P5,19,233
24886,P3,26,291
24887,P4,0,0
24888,P5,23,256
24889,P3,28,319
24890,P4,0,0
24891,P5,17,273
24892,P3,27,346
24893,P4,0,0
24894,P5,21,294
24895,P3,23,369
24896,P4,0,0
24897,P5,21,315
24898,P3,24,393
24899,P4,0,0
24900,P5,22,337
24901,P3,28,421
24902,P4,0,0
24903,P5,25,362
24904,P3,23,444
24905,P4,0,0
24906,P5,18,380
24907,P3,28,472
24908,P4,0,0
24909,P5,20,400
24910,P3,23,495
24911,P4,0,0
24912,P5,25,425
24913,P3,20,515
24914,P4,0,0
24915,P5,25,450
24916,P3,26,541
24917,P4,0,0
24918,P5,20,470
24919,P3,26,567
24920,P4,0,0
24921,P5,20,490
24922,P3,0,0
24923,P4,0,0
24924,P5,0,0
24925,P3,1,1
24926,P4,50,50
24927,P5,3,3
24928,P3,0,1
24929,P4,43,93
24930,P5,1,4
24931,P3,0,1
24932,P4,39,132
24933,P5,0,4
24934,P3,1,2
24935,P4,31,163
24936,P5,1,5
24937,P3,0,2
24938,P4,32,195
24939,P5,1,6
24940,P3,0,0
24941,P4,0,0
24942,P5,0,0
24943,P3,111,111
24944,P4,95,95
24945,P5,3,3
24946,P3,130,241
24947,P4,144,239
24948,P5,1,4
24949,P3,136,377
24950,P4,131,370
24951,P5,1,5
24952,P3,0,0
24953,P4,0,0
24954,P5,0,0
24955,P3,5,5
24956,P4,1,1
24957,P5,7,7
24958,P3,7,12
24959,P4,0,1
24960,P5,10,17
24961,P3,14,26
24962,P4,4,5
24963,P5,9,26
24964,P3,4,30
24965,P4,1,6
24966,P5,15,41
24967,P3,5,35
24968,P4,1,7
24969,P5,12,53
24970,P3,8,43
24971,P4,1,8
24972,P5,8,61
24973,P3,7,50
24974,P4,2,10
24975,P5,12,73
24976,P3,0,0
24977,P4,0,0
24978,P5,0,0
24979,P3,0,0
24980,P4,21,21
24981,P5,13,13
24982,P3,4,4
24983,P4,29,50
24984,P5,13,26
24985,P3,3,7
24986,P4,22,72
24987,P5,12,38
24988,P3,3,10
24989,P4,19,91
24990,P5,7,45
24991,P3,5,15
24992,P4,26,117
24993,P5,4,49
24994,P3,1,16
24995,P4,16,133
24996,P5,10,59
24997,P3,3,19
24998,P4,21,154
24999,P5,15,74
25000,P3,5,24
25001,P4,19,173
25002,P5,13,87
25003,P3,0,0
25004,P4,0,0
25005,P5,0,0
25006,P3,0,0
25007,P4,43,43
25008,P5,19,19
25009,P3,0,0
25010,P4,39,82
25011,P5,15,34
25012,P3,0,0
25013,P4,41,123
25014,P5,19,53
25015,P3,0,0
25016,P4,41,164
25017,P5,17,70
25018,P3,0,0
25019,P4,46,210
25020,P5,19,89
25021,P3,0,0
25022,P4,0,0
25023,P5,0,0
25024,P3,1,1
25025,P4,16,16
25026,P5,0,0
25027,P3,0,1
25028,P4,16,32
25029,P5,0,0
25030,P3,0,1
25031,P4,16,48
25032,P5,0,0
25033,P3,1,2
25034,P4,16,64
25035,P5,0,0
25036,P3,0,2
25037,P4,16,80
25038,P5,0,0
25039,P3,0,0
25040,P4,0,0
25041,P5,0,0
25042,P3,0,0
25043,P4,18,18
25044,P5,8,8
25045,P3,0,0
25046,P4,16,34
25047,P5,15,23
25048,P3,1,1
25049,P4,21,55
25050,P5,18,41
25051,P3,0,1
25052,P4,13,68
25053,P5,11,52
25054,P3,0,1
25055,P4,14,82
25056,P5,15,67
25057,P3,1,2
25058,P4,13,95
25059,P5,15,82
25060,P3,0,2
25061,P4,16,111
25062,P5,14,96
25063,P3,0,2
25064,P4,14,125
25065,P5,16,112
25066,P3,0,2
25067,P4,17,142
25068,P5,11,123
25069,P3,0,2
25070,P4,15,157
25071,P5,15,138
25072,P3,1,3
25073,P4,12,169
25074,P5,10,148
25075,P3,0,3
25076,P4,14,183
25077,P5,12,160
25078,P3,2,5
25079,P4,19,202
25080,P5,11,171
25081,P3,0,5
25082,P4,9,211
25083,P5,11,182
25084,P3,0,5
25085,P4,15,226
25086,P5,11,193
25087,P3,3,8
25088,P4,18,244
25089,P5,12,205
25090,P3,0,8
25091,P4,11,255
25092,P5,16,221
25093,P3,0,8
25094,P4,16,271
25095,P5,14,235
25096,P3,0,8
25097,P4,15,286
25098,P5,7,242
25099,P3,0,8
25100,P4,20,306
25101,P5,11,253
25102,P3,0,8
25103,P4,15,321
25104,P5,15,268
25105,P3,0,8
25106,P4,14,335
25107,P5,11,279
25108,P3,1,9
25109,P4,19,354
25110,P5,12,291
25111,P3,0,9
25112,P4,24,378
25113,P5,8,299
25114,P3,0,9
25115,P4,13,391
25116,P5,14,313
25117,P3,0,9
25118,P4,16,407
25119,P5,12,325
25120,P3,0,9
25121,P4,14,421
25122,P5,13,338
25123,P3,2,11
25124,P4,13,434
25125,P5,14,352
25126,P3,0,11
25127,P4,15,449
25128,P5,11,363
25129,P3,0,11
25130,P4,12,461
25131,P5,13,376
25132,P3,0,11
25133,P4,12,473
25134,P5,12,388
25135,P3,0,11
25136,P4,14,487
25137,P5,16,404
25138,P3,0,11
25139,P4,17,504
25140,P5,5,409
25141,P3,0,11
25142,P4,18,522
25143,P5,5,414
25144,P3,0,11
25145,P4,12,534
25146,P5,14,428
25147,P3,0,0
25148,P4,0,0
25149,P5,0,0
25150,P3,0,0
25151,P4,9,9
25152,P5,7,7
25153,P3,0,0
25154,P4,7,16
25155,P5,10,17
25156,P3,0,0
25157,P4,16,32
25158,P5,13,30
25159,P3,0,0
25160,P4,20,52
25161,P5,13,43
25162,P3,0,0
25163,P4,12,64
25164,P5,5,48
25165,P3,0,0
25166,P4,12,76
25167,P5,13,61
25168,P3,0,0
25169,P4,8,84
25170,P5,17,78
25171,P3,0,0
25172,P4,12,96
25173,P5,13,91
25174,P3,0,0
25175,P4,10,106
25176,P5,11,102
25177,P3,0,0
25178,P4,15,121
25179,P5,10,112
25180,P3,0,0
25181,P4,15,136
25182,P5,1,113
25183,P3,0,0
25184,P4,10,146
25185,P5,13,126
25186,P3,0,0
25187,P4,5,151
25188,P5,11,137
25189,P3,0,0
25190,P4,12,163
25191,P5,5,142
25192,P3,0,0
25193,P4,7,170
25194,P5,8,150
25195,P3,0,0
25196,P4,0,0
25197,P5,0,0
25198,P3,0,0
25199,P4,0,0
25200,P5,16,16
25201,P3,0,0
25202,P4,0,0
25203,P5,16,32
25204,P3,0,0
25205,P4,0,0
25206,P5,16,48
25207,P3,0,0
25208,P4,0,0
25209,P5,16,64
25210,P3,0,0
25211,P4,0,0
25212,P5,16,80
25213,P3,0,0
25214,P4,0,0
25215,P5,16,96
25216,P3,0,0
25217,P4,0,0
25218,P5,0,0
25219,P3,18,18
25220,P4,0,0
25221,P5,15,15
25222,P3,21,39
25223,P4,0,0
25224,P5,12,27
25225,P3,31,70
25226,P4,1,1
25227,P5,12,39
25228,P3,0,0
25229,P4,0,0
25230,P5,0,0
25231,P3,58,58
25232,P4,0,0
25233,P5,54,54
25234,P3,84,142
25235,P4,1,1
25236,P5,51,105
25237,P3,88,230
25238,P4,0,1
25239,P5,52,157
25240,P3,89,319
25241,P4,0,1
25242,P5,59,216
25243,P3,82,401
25244,P4,0,1
25245,P5,56,272
25246,P3,74,475
25247,P4,0,1
25248,P5,58,330
25249,P3,85,560
25250,P4,1,2
25251,P5,50,380
25252,P3,97,657
25253,P4,0,2
25254,P5,52,432
25255,P3,95,752
25256,P4,4,6
25257,P5,50,482
25258,P3,90,842
25259,P4,1,7
25260,P5,55,537
25261,P3,81,923
25262,P4,1,8
25263,P5,56,593
25264,P3,85,1008
25265,P4,0,8
25266,P5,59,652
25267,P3,0,0
25268,P4,0,0
25269,P5,0,0
25270,P3,33,33
25271,P4,2,2
25272,P5,5,5
25273,P3,35,68
25274,P4,6,8
25275,P5,22,27
25276,P3,40,108
25277,P4,9,17
25278,P5,14,41
25279,P3,34,142
25280,P4,8,25
25281,P5,13,54
25282,P3,45,187
25283,P4,8,33
25284,P5,25,79
25285,P3,44,231
25286,P4,5,38
25287,P5,10,89
25288,P3,40,271
25289,P4,10,48
25290,P5,15,104
25291,P3,37,308
25292,P4,6,54
25293,P5,10,114
25294,P3,52,360
25295,P4,2,56
25296,P5,8,122
25297,P3,40,400
25298,P4,5,61
25299,P5,19,141
25300,P3,53,453
25301,P4,3,64
25302,P5,15,156
25303,P3,41,494
25304,P4,9,73
25305,P5,11,167
25306,P3,48,542
25307,P4,5,78
25308,P5,8,175
25309,P3,43,585
25310,P4,8,86
25311,P5,19,194
25312,P3,32,617
25313,P4,7,93
25314,P5,11,205
25315,P3,38,655
25316,P4,4,97
25317,P5,18,223
25318,P3,37,692
25319,P4,6,103
25320,P5,11,234
25321,P3,44,736
25322,P4,10,113
25323,P5,9,243
25324,P3,35,771
25325,P4,8,121
25326,P5,12,255
25327,P3,41,812
25328,P4,5,126
25329,P5,10,265
25330,P3,46,858
25331,P4,4,130
25332,P5,13,278
25333,P3,43,901
25334,P4,4,134
25335,P5,19,297
25336,P3,26,927
25337,P4,7,141
25338,P5,6,303
25339,P3,39,966
25340,P4,5,146
25341,P5,8,311
25342,P3,50,1016
25343,P4,5,151
25344,P5,8,319
25345,P3,31,1047
25346,P4,3,154
25347,P5,12,331
25348,P3,30,1077
25349,P4,7,161
25350,P5,9,340
25351,P3,39,1116
25352,P4,4,165
25353,P5,12,352
25354,P3,38,1154
25355,P4,10,175
25356,P5,20,372
25357,P3,35,1189
25358,P4,3,178
25359,P5,11,383
25360,P3,40,1229
25361,P4,2,180
25362,P5,17,400
25363,P3,45,1274
25364,P4,6,186
25365,P5,10,410
25366,P3,51,1325
25367,P4,3,189
25368,P5,9,419
25369,P3,36,1361
25370,P4,8,197
25371,P5,17,436
25372,P3,34,1395
25373,P4,10,207
25374,P5,11,447
25375,P3,43,1438
25376,P4,8,215
25377,P5,17,464
25378,P3,38,1476
25379,P4,3,218
25380,P5,16,480
25381,P3,37,1513
25382,P4,9,227
25383,P5,11,491
25384,P3,29,1542
25385,P4,9,236
25386,P5,13,504
25387,P3,37,1579
25388,P4,12,248
25389,P5,8,512
25390,P3,45,1624
25391,P4,6,254
25392,P5,11,523
25393,P3,41,1665
25394,P4,9,263
25395,P5,21,544
25396,P3,47,1712
25397,P4,13,276
25398,P5,17,561
25399,P3,46,1758
25400,P4,5,281
25401,P5,8,569
25402,P3,39,1797
25403,P4,4,285
25404,P5,13,582
25405,P3,46,1843
25406,P4,8,293
25407,P5,13,595
25408,P3,39,1882
25409,P4,3,296
25410,P5,12,607
25411,P3,42,1924
25412,P4,12,308
25413,P5,7,614
25414,P3,39,1963
25415,P4,6,314
25416,P5,14,628
25417,P3,45,2008
25418,P4,6,320
25419,P5,11,639
25420,P3,45,2053
25421,P4,6,326
25422,P5,14,653
25423,P3,29,2082
25424,P4,3,329
25425,P5,18,671
25426,P3,35,2117
25427,P4,5,334
25428,P5,19,690
25429,P3,31,2148
25430,P4,9,343
25431,P5,13,703
25432,P3,0,0
25433,P4,0,0
25434,P5,0,0
25435,P3,7,7
25436,P4,7,7
25437,P5,9,9
25438,P3,21,28
25439,P4,6,13
25440,P5,16,25
25441,P3,16,44
25442,P4,7,20
25443,P5,13,38
25444,P3,28,72
25445,P4,9,29
25446,P5,11,49
25447,P3,29,101
25448,P4,4,33
25449,P5,19,68
25450,P3,12,113
25451,P4,4,37
25452,P5,19,87
25453,P3,24,137
25454,P4,5,42
25455,P5,6,93
25456,P3,27,164
25457,P4,5,47
25458,P5,16,109
25459,P3,29,193
25460,P4,5,52
25461,P5,12,121
25462,P3,24,217
25463,P4,6,58
25464,P5,12,133
25465,P3,13,230
25466,P4,4,62
25467,P5,6,139
25468,P3,25,255
25469,P4,6,68
25470,P5,16,155
25471,P3,31,286
25472,P4,11,79
25473,P5,11,166
25474,P3,26,312
25475,P4,9,88
25476,P5,13,179
25477,P3,17,329
25478,P4,7,95
25479,P5,10,189
25480,P3,17,346
25481,P4,4,99
25482,P5,13,202
25483,P3,28,374
25484,P4,6,105
25485,P5,8,210
25486,P3,18,392
25487,P4,5,110
25488,P5,12,222
25489,P3,27,419
25490,P4,13,123
25491,P5,12,234
25492,P3,24,443
25493,P4,11,134
25494,P5,16,250
25495,P3,25,468
25496,P4,15,149
25497,P5,9,259
25498,P3,30,498
25499,P4,12,161
25500,P5,16,275
25501,P3,15,513
25502,P4,4,165
25503,P5,16,291
25504,P3,16,529
25505,P4,6,171
25506,P5,15,306
25507,P3,33,562
25508,P4,7,178
25509,P5,11,317
25510,P3,29,591
25511,P4,6,184
25512,P5,12,329
25513,P3,24,615
25514,P4,12,196
25515,P5,16,345
25516,P3,24,639
25517,P4,6,202
25518,P5,12,357
25519,P3,16,655
25520,P4,10,212
25521,P5,15,372
25522,P3,22,677
25523,P4,9,221
25524,P5,16,388
25525,P3,17,694
25526,P4,3,224
25527,P5,11,399
25528,P3,23,717
25529,P4,9,233
25530,P5,13,412
25531,P3,23,740
25532,P4,6,239
25533,P5,15,427
25534,P3,14,754
25535,P4,3,242
25536,P5,21,448
25537,P3,17,771
25538,P4,7,249
25539,P5,11,459
25540,P3,29,800
25541,P4,4,253
25542,P5,9,468
25543,P3,26,826
25544,P4,9,262
25545,P5,19,487
25546,P3,20,846
25547,P4,9,271
25548,P5,18,505
25549,P3,17,863
25550,P4,9,280
25551,P5,13,518
25552,P3,34,897
25553,P4,13,293
25554,P5,21,539
25555,P3,19,916
25556,P4,9,302
25557,P5,13,552
25558,P3,23,939
25559,P4,9,311
25560,P5,13,565
25561,P3,22,961
25562,P4,5,316
25563,P5,15,580
25564,P3,18,979
25565,P4,5,321
25566,P5,10,590
25567,P3,27,1006
25568,P4,13,334
25569,P5,13,603
25570,P3,26,1032
25571,P4,8,342
25572,P5,13,616
25573,P3,32,1064
25574,P4,9,351
25575,P5,9,625
25576,P3,22,1086
25577,P4,9,360
25578,P5,17,642
25579,P3,16,1102
25580,P4,6,366
25581,P5,11,653
25582,P3,22,1124
25583,P4,5,371
25584,P5,12,665
25585,P3,27,1151
25586,P4,6,377
25587,P5,6,671
25588,P3,31,1182
25589,P4,8,385
25590,P5,15,686
25591,P3,29,1211
25592,P4,9,394
25593,P5,9,695
25594,P3,27,1238
25595,P4,12,406
25596,P5,14,709
25597,P3,0,0
25598,P4,0,0
25599,P5,0,0
25600,P3,0,0
25601,P4,0,0
25602,P5,16,16
25603,P3,0,0
25604,P4,0,0
25605,P5,16,32
25606,P3,0,0
25607,P4,0,0
25608,P5,16,48
25609,P3,0,0
25610,P4,0,0
25611,P5,16,64
25612,P3,0,0
25613,P4,0,0
25614,P5,16,80
25615,P3,0,0
25616,P4,0,0
25617,P5,16,96
25618,P3,0,0
25619,P4,0,0
25620,P5,16,112
25621,P3,0,0
25622,P4,0,0
25623,P5,16,128
25624,P3,0,0
25625,P4,0,0
25626,P5,16,144
25627,P3,0,0
25628,P4,0,0
25629,P5,16,160
25630,P3,0,0
25631,P4,0,0
25632,P5,16,176
25633,P3,0,0
25634,P4,0,0
25635,P5,16,192
25636,P3,0,0
25637,P4,0,0
25638,P5,16,208
25639,P3,0,0
25640,P4,0,0
25641,P5,0,0
25642,P3,2,2
25643,P4,16,16
25644,P5,0,0
25645,P3,2,4
25646,P4,16,32
25647,P5,0,0
25648,P3,2,6
25649,P4,16,48
25650,P5,0,0
25651,P3,4,10
25652,P4,16,64
25653,P5,0,0
25654,P3,2,12
25655,P4,16,80
25656,P5,0,0
25657,P3,5,17
25658,P4,18,98
25659,P5,0,0
25660,P3,2,19
25661,P4,16,114
25662,P5,0,0
25663,P3,4,23
25664,P4,16,130
25665,P5,0,0
25666,P3,0,0
25667,P4,0,0
25668,P5,0,0
25669,P3,2,2
25670,P4,16,16
25671,P5,31,31
25672,P3,1,3
25673,P4,16,32
25674,P5,42,73
25675,P3,2,5
25676,P4,13,45
25677,P5,33,106
25678,P3,5,10
25679,P4,7,52
25680,P5,35,141
25681,P3,2,12
25682,P4,20,72
25683,P5,34,175
25684,P3,10,22
25685,P4,14,86
25686,P5,37,212
25687,P3,5,27
25688,P4,13,99
25689,P5,37,249
25690,P3,1,28
25691,P4,16,115
25692,P5,31,280
25693,P3,8,36
25694,P4,15,130
25695,P5,36,316
25696,P3,1,37
25697,P4,26,156
25698,P5,26,342
25699,P3,1,38
25700,P4,17,173
25701,P5,29,371
25702,P3,0,0
25703,P4,0,0
25704,P5,0,0
25705,P3,0,0
25706,P4,44,44
25707,P5,4,4
25708,P3,32,32
25709,P4,58,102
25710,P5,5,9
25711,P3,9,41
25712,P4,46,148
25713,P5,4,13
25714,P3,11,52
25715,P4,46,194
25716,P5,3,16
25717,P3,14,66
25718,P4,40,234
25719,P5,11,27
25720,P3,16,82
25721,P4,52,286
25722,P5,5,32
25723,P3,9,91
25724,P4,42,328
25725,P5,4,36
25726,P3,9,100
25727,P4,41,369
25728,P5,6,42
25729,P3,9,109
25730,P4,42,411
25731,P5,5,47
25732,P3,16,125
25733,P4,52,463
25734,P5,3,50
25735,P3,11,136
25736,P4,44,507
25737,P5,6,56
25738,P3,15,151
25739,P4,43,550
25740,P5,9,65
25741,P3,0,0
25742,P4,0,0
25743,P5,0,0
25744,P3,9,9
25745,P4,0,0
25746,P5,23,23
25747,P3,18,27
25748,P4,3,3
25749,P5,19,42
25750,P3,19,46
25751,P4,3,6
25752,P5,24,66
25753,P3,25,71
25754,P4,4,10
25755,P5,23,89
25756,P3,23,94
25757,P4,2,12
25758,P5,21,110
25759,P3,26,120
25760,P4,4,16
25761,P5,20,130
25762,P3,24,144
25763,P4,2,18
25764,P5,25,155
25765,P3,26,170
25766,P4,5,23
25767,P5,21,176
25768,P3,17,187
25769,P4,6,29
25770,P5,22,198
25771,P3,20,207
25772,P4,5,34
25773,P5,23,221
25774,P3,21,228
25775,P4,3,37
25776,P5,24,245
25777,P3,25,253
25778,P4,3,40
25779,P5,23,268
25780,P3,25,278
25781,P4,1,41
25782,P5,23,291
25783,P3,19,297
25784,P4,6,47
25785,P5,22,313
25786,P3,25,322
25787,P4,2,49
25788,P5,22,335
25789,P3,20,342
25790,P4,6,55
25791,P5,21,356
25792,P3,24,366
25793,P4,2,57
25794,P5,23,379
25795,P3,21,387
25796,P4,5,62
25797,P5,20,399
25798,P3,26,413
25799,P4,6,68
25800,P5,23,422
25801,P3,28,441
25802,P4,2,70
25803,P5,20,442
25804,P3,24,465
25805,P4,4,74
25806,P5,24,466
25807,P3,23,488
25808,P4,2,76
25809,P5,20,486
25810,P3,20,508
25811,P4,8,84
25812,P5,21,507
25813,P3,0,0
25814,P4,0,0
25815,P5,0,0
25816,P3,0,0
25817,P4,11,11
25818,P5,7,7
25819,P3,0,0
25820,P4,11,22
25821,P5,7,14
25822,P3,0,0
25823,P4,13,35
25824,P5,7,21
25825,P3,0,0
25826,P4,12,47
25827,P5,8,29
25828,P3,0,0
25829,P4,12,59
25830,P5,11,40
25831,P3,0,0
25832,P4,14,73
25833,P5,8,48
25834,P3,1,1
25835,P4,15,88
25836,P5,6,54
25837,P3,0,1
25838,P4,16,104
25839,P5,5,59
25840,P3,0,1
25841,P4,12,116
25842,P5,9,68
25843,P3,0,1
25844,P4,13,129
25845,P5,9,77
25846,P3,0,1
25847,P4,13,142
25848,P5,7,84
25849,P3,0,1
25850,P4,13,155
25851,P5,10,94
25852,P3,0,1
25853,P4,9,164
25854,P5,9,103
25855,P3,0,1
25856,P4,15,179
25857,P5,10,113
25858,P3,0,1
25859,P4,13,192
25860,P5,9,122
25861,P3,0,1
25862,P4,14,206
25863,P5,8,130
25864,P3,0,1
25865,P4,15,221
25866,P5,6,136
25867,P3,0,1
25868,P4,12,233
25869,P5,7,143
25870,P3,0,1
25871,P4,13,246
25872,P5,9,152
25873,P3,0,1
25874,P4,15,261
25875,P5,7,159
25876,P3,0,1
25877,P4,16,277
25878,P5,7,166
25879,P3,0,0
25880,P4,0,0
25881,P5,0,0
25882,P3,0,0
25883,P4,0,0
25884,P5,16,16
25885,P3,0,0
25886,P4,0,0
25887,P5,16,32
25888,P3,0,0
25889,P4,0,0
25890,P5,16,48
25891,P3,0,0
25892,P4,0,0
25893,P5,16,64
25894,P3,0,0
25895,P4,0,0
25896,P5,16,80
25897,P3,0,0
25898,P4,0,0
25899,P5,16,96
25900,P3,0,0
25901,P4,0,0
25902,P5,16,112
25903,P3,0,0
25904,P4,0,0
25905,P5,16,128
25906,P3,0,0
25907,P4,0,0
25908,P5,16,144
25909,P3,0,0
25910,P4,0,0
25911,P5,16,160
25912,P3,0,0
25913,P4,0,0
25914,P5,16,176
25915,P3,0,0
25916,P4,0,0
25917,P5,16,192
25918,P3,0,0
25919,P4,0,0
25920,P5,16,208
25921,P3,0,0
25922,P4,0,0
25923,P5,16,224
25924,P3,0,0
25925,P4,0,0
25926,P5,16,240
25927,P3,0,0
25928,P4,0,0
25929,P5,16,256
25930,P3,0,0
25931,P4,0,0
25932,P5,16,272
25933,P3,0,0
25934,P4,0,0
25935,P5,16,288
25936,P3,0,0
25937,P4,0,0
25938,P5,16,304
25939,P3,0,0
25940,P4,0,0
25941,P5,0,0
25942,P3,36,36
25943,P4,128,128
25944,P5,0,0
25945,P3,0,0
25946,P4,0,0
25947,P5,0,0
25948,P3,0,0
25949,P4,0,0
25950,P5,16,16
25951,P3,0,0
25952,P4,0,0
25953,P5,16,32
25954,P3,0,0
25955,P4,0,0
25956,P5,16,48
25957,P3,0,0
25958,P4,0,0
25959,P5,16,64
25960,P3,0,0
25961,P4,0,0
25962,P5,16,80
25963,P3,0,0
25964,P4,0,0
25965,P5,16,96
25966,P3,0,0
25967,P4,0,0
25968,P5,16,112
25969,P3,0,0
25970,P4,0,0
25971,P5,0,0
25972,P3,2,2
25973,P4,11,11
25974,P5,33,33
25975,P3,3,5
25976,P4,10,21
25977,P5,29,62
25978,P3,1,6
25979,P4,10,31
25980,P5,19,81
25981,P3,0,6
25982,P4,8,39
25983,P5,28,109
25984,P3,0,6
25985,P4,12,51
25986,P5,28,137
25987,P3,0,6
25988,P4,17,68
25989,P5,23,160
25990,P3,0,6
25991,P4,8,76
25992,P5,31,191
25993,P3,1,7
25994,P4,9,85
25995,P5,23,214
25996,P3,2,9
25997,P4,8,93
25998,P5,23,237
25999,P3,0,9
26000,P4,13,106
26001,P5,22,259
26002,P3,0,9
26003,P4,8,114
26004,P5,28,287
26005,P3,0,9
26006,P4,14,128
26007,P5,22,309
26008,P3,0,9
26009,P4,12,140
26010,P5,17,326
26011,P3,0,9
26012,P4,10,150
26013,P5,25,351
26014,P3,2,11
26015,P4,6,156
26016,P5,29,380
26017,P3,0,11
26018,P4,12,168
26019,P5,27,407
26020,P3,4,15
26021,P4,13,181
26022,P5,24,431
26023,P3,0,15
26024,P4,11,192
26025,P5,22,453
26026,P3,0,15
26027,P4,8,200
26028,P5,31,484
26029,P3,0,15
26030,P4,13,213
26031,P5,26,510
26032,P3,0,15
26033,P4,10,223
26034,P5,24,534
26035,P3,0,15
26036,P4,15,238
26037,P5,29,563
26038,P3,0,15
26039,P4,8,246
26040,P5,22,585
26041,P3,2,17
26042,P4,19,265
26043,P5,25,610
26044,P3,0,17
26045,P4,10,275
26046,P5,20,630
26047,P3,0,17
26048,P4,13,288
26049,P5,24,654
26050,P3,3,20
26051,P4,15,303
26052,P5,29,683
26053,P3,0,20
26054,P4,8,311
26055,P5,27,710
26056,P3,0,20
26057,P4,16,327
26058,P5,29,739
26059,P3,3,23
26060,P4,10,337
26061,P5,26,765
26062,P3,1,24
26063,P4,10,347
26064,P5,20,785
26065,P3,0,24
26066,P4,8,355
26067,P5,28,813
26068,P3,0,24
26069,P4,17,372
26070,P5,16,829
26071,P3,1,25
26072,P4,14,386
26073,P5,26,855
26074,P3,0,25
26075,P4,12,398
26076,P5,27,882
26077,P3,4,29
26078,P4,19,417
26079,P5,22,904
26080,P3,0,29
26081,P4,6,423
26082,P5,25,929
26083,P3,0,29
26084,P4,14,437
26085,P5,26,955
26086,P3,0,29
26087,P4,7,444
26088,P5,24,979
26089,P3,0,29
26090,P4,9,453
26091,P5,40,1019
26092,P3,2,31
26093,P4,19,472
26094,P5,13,1032
26095,P3,0,31
26096,P4,10,482
26097,P5,24,1056
26098,P3,0,31
26099,P4,8,490
26100,P5,29,1085
26101,P3,0,31
26102,P4,11,501
26103,P5,25,1110
26104,P3,1,32
26105,P4,16,517
26106,P5,17,1127
26107,P3,0,32
26108,P4,12,529
26109,P5,16,1143
26110,P3,0,32
26111,P4,8,537
26112,P5,24,1167
26113,P3,4,36
26114,P4,15,552
26115,P5,22,1189
26116,P3,1,37
26117,P4,7,559
26118,P5,25,1214
26119,P3,2,39
26120,P4,18,577
26121,P5,17,1231
26122,P3,0,39
26123,P4,20,597
26124,P5,26,1257
26125,P3,0,39
26126,P4,13,610
26127,P5,18,1275
26128,P3,1,40
26129,P4,5,615
26130,P5,29,1304
26131,P3,1,41
26132,P4,10,625
26133,P5,24,1328
26134,P3,0,0
26135,P4,0,0
26136,P5,0,0
26137,P3,0,0
26138,P4,24,24
26139,P5,8,8
26140,P3,0,0
26141,P4,18,42
26142,P5,7,15
26143,P3,0,0
26144,P4,19,61
26145,P5,14,29
26146,P3,0,0
26147,P4,20,81
26148,P5,8,37
26149,P3,1,1
26150,P4,21,102
26151,P5,4,41
26152,P3,0,1
26153,P4,22,124
26154,P5,9,50
26155,P3,0,1
26156,P4,22,146
26157,P5,12,62
26158,P3,0,1
26159,P4,24,170
26160,P5,10,72
26161,P3,0,1
26162,P4,18,188
26163,P5,12,84
26164,P3,0,1
26165,P4,21,209
26166,P5,9,93
26167,P3,0,1
26168,P4,19,228
26169,P5,10,103
26170,P3,0,1
26171,P4,18,246
26172,P5,8,111
26173,P3,0,1
26174,P4,21,267
26175,P5,10,121
26176,P3,0,1
26177,P4,17,284
26178,P5,9,130
26179,P3,0,1
26180,P4,23,307
26181,P5,9,139
26182,P3,0,1
26183,P4,25,332
26184,P5,8,147
26185,P3,0,1
26186,P4,23,355
26187,P5,8,155
26188,P3,0,1
26189,P4,21,376
26190,P5,9,164
26191,P3,0,1
26192,P4,20,396
26193,P5,7,171
26194,P3,0,1
26195,P4,22,418
26196,P5,6,177
26197,P3,0,1
26198,P4,22,440
26199,P5,7,184
26200,P3,0,1
26201,P4,23,463
26202,P5,10,194
26203,P3,0,1
26204,P4,24,487
26205,P5,8,202
26206,P3,0,1
26207,P4,22,509
26208,P5,2,204
26209,P3,0,1
26210,P4,17,526
26211,P5,7,211
26212,P3,0,1
26213,P4,19,545
26214,P5,9,220
26215,P3,0,1
26216,P4,21,566
26217,P5,7,227
26218,P3,0,1
26219,P4,22,588
26220,P5,5,232
26221,P3,0,1
26222,P4,21,609
26223,P5,9,241
26224,P3,0,1
26225,P4,23,632
26226,P5,5,246
26227,P3,0,1
26228,P4,19,651
26229,P5,6,252
26230,P3,0,1
26231,P4,21,672
26232,P5,8,260
26233,P3,0,1
26234,P4,22,694
26235,P5,8,268
26236,P3,0,1
26237,P4,23,717
26238,P5,11,279
26239,P3,0,1
26240,P4,17,734
26241,P5,13,292
26242,P3,0,1
26243,P4,22,756
26244,P5,8,300
26245,P3,0,1
26246,P4,21,777
26247,P5,8,308
26248,P3,0,1
26249,P4,20,797
26250,P5,10,318
26251,P3,0,0
26252,P4,0,0
26253,P5,0,0
26254,P3,0,0
26255,P4,0,0
26256,P5,16,16
26257,P3,0,0
26258,P4,0,0
26259,P5,16,32
26260,P3,1,1
26261,P4,0,0
26262,P5,16,48
26263,P3,1,2
26264,P4,0,0
26265,P5,16,64
26266,P3,0,2
26267,P4,0,0
26268,P5,16,80
26269,P3,0,2
26270,P4,0,0
26271,P5,16,96
26272,P3,0,2
26273,P4,0,0
26274,P5,16,112
26275,P3,0,2
26276,P4,0,0
26277,P5,16,128
26278,P3,1,3
26279,P4,0,0
26280,P5,16,144
26281,P3,0,3
26282,P4,0,0
26283,P5,16,160
26284,P3,0,0
26285,P4,0,0
26286,P5,0,0
26287,P3,0,0
26288,P4,16,16
26289,P5,0,0
26290,P3,0,0
26291,P4,16,32
26292,P5,0,0
26293,P3,0,0
26294,P4,16,48
26295,P5,0,0
26296,P3,0,0
26297,P4,16,64
26298,P5,0,0
26299,P3,1,1
26300,P4,17,81
26301,P5,0,0
26302,P3,0,1
26303,P4,16,97
26304,P5,0,0
26305,P3,0,1
26306,P4,16,113
26307,P5,0,0
26308,P3,0,1
26309,P4,16,129
26310,P5,0,0
26311,P3,0,1
26312,P4,16,145
26313,P5,0,0
26314,P3,0,1
26315,P4,16,161
26316,P5,0,0
26317,P3,0,1
26318,P4,16,177
26319,P5,0,0
26320,P3,0,0
26321,P4,0,0
26322,P5,0,0
26323,P3,0,0
26324,P4,1,1
26325,P5,22,22
26326,P3,0,0
26327,P4,0,1
26328,P5,17,39
26329,P3,0,0
26330,P4,0,1
26331,P5,24,63
26332,P3,0,0
26333,P4,3,4
26334,P5,20,83
26335,P3,0,0
26336,P4,0,4
26337,P5,22,105
26338,P3,0,0
26339,P4,1,5
26340,P5,22,127
26341,P3,0,0
26342,P4,2,7
26343,P5,24,151
26344,P3,0,0
26345,P4,3,10
26346,P5,17,168
26347,P3,0,0
26348,P4,1,11
26349,P5,17,185
26350,P3,0,0
26351,P4,3,14
26352,P5,16,201
26353,P3,0,0
26354,P4,3,17
26355,P5,17,218
26356,P3,0,0
26357,P4,0,0
26358,P5,0,0
26359,P3,0,0
26360,P4,11,11
26361,P5,5,5
26362,P3,1,1
26363,P4,17,28
26364,P5,3,8
26365,P3,0,1
26366,P4,13,41
26367,P5,8,16
26368,P3,0,1
26369,P4,15,56
26370,P5,6,22
26371,P3,0,1
26372,P4,15,71
26373,P5,3,25
26374,P3,0,1
26375,P4,14,85
26376,P5,5,30
26377,P3,0,1
26378,P4,13,98
26379,P5,4,34
26380,P3,0,1
26381,P4,16,114
26382,P5,4,38
26383,P3,0,1
26384,P4,17,131
26385,P5,4,42
26386,P3,0,1
26387,P4,12,143
26388,P5,5,47
26389,P3,0,1
26390,P4,13,156
26391,P5,5,52
26392,P3,0,1
26393,P4,14,170
26394,P5,5,57
26395,P3,0,1
26396,P4,16,186
26397,P5,1,58
26398,P3,2,3
26399,P4,19,205
26400,P5,3,61
26401,P3,0,3
26402,P4,16,221
26403,P5,3,64
26404,P3,0,0
26405,P4,0,0
26406,P5,0,0
26407,P3,0,0
26408,P4,12,12
26409,P5,15,15
26410,P3,0,0
26411,P4,13,25
26412,P5,12,27
26413,P3,0,0
26414,P4,10,35
26415,P5,13,40
26416,P3,1,1
26417,P4,13,48
26418,P5,14,54
26419,P3,3,4
26420,P4,8,56
26421,P5,16,70
26422,P3,1,5
26423,P4,13,69
26424,P5,14,84
26425,P3,1,6
26426,P4,14,83
26427,P5,15,99
26428,P3,0,6
26429,P4,17,100
26430,P5,10,109
26431,P3,0,6
26432,P4,13,113
26433,P5,19,128
26434,P3,3,9
26435,P4,17,130
26436,P5,9,137
26437,P3,2,11
26438,P4,13,143
26439,P5,16,153
26440,P3,1,12
26441,P4,9,152
26442,P5,17,170
26443,P3,2,14
26444,P4,15,167
26445,P5,11,181
26446,P3,0,14
26447,P4,20,187
26448,P5,12,193
26449,P3,1,15
26450,P4,9,196
26451,P5,15,208
26452,P3,2,17
26453,P4,20,216
26454,P5,11,219
26455,P3,2,19
26456,P4,13,229
26457,P5,11,230
26458,P3,2,21
26459,P4,13,242
26460,P5,13,243
26461,P3,2,23
26462,P4,12,254
26463,P5,14,257
26464,P3,1,24
26465,P4,8,262
26466,P5,14,271
26467,P3,0,24
26468,P4,10,272
26469,P5,16,287
26470,P3,0,0
26471,P4,0,0
26472,P5,0,0
26473,P3,59,59
26474,P4,16,16
26475,P5,21,21
26476,P3,64,123
26477,P4,9,25
26478,P5,31,52
26479,P3,73,196
26480,P4,7,32
26481,P5,25,77
26482,P3,58,254
26483,P4,15,47
26484,P5,25,102
26485,P3,84,338
26486,P4,8,55
26487,P5,26,128
26488,P3,76,414
26489,P4,6,61
26490,P5,27,155
26491,P3,75,489
26492,P4,0,61
26493,P5,26,181
26494,P3,69,558
26495,P4,18,79
26496,P5,22,203
26497,P3,65,623
26498,P4,2,81
26499,P5,30,233
26500,P3,76,699
26501,P4,5,86
26502,P5,34,267
26503,P3,61,760
26504,P4,16,102
26505,P5,27,294
26506,P3,72,832
26507,P4,3,105
26508,P5,30,324
26509,P3,62,894
26510,P4,10,115
26511,P5,32,356
26512,P3,68,962
26513,P4,6,121
26514,P5,25,381
26515,P3,82,1044
26516,P4,16,137
26517,P5,17,398
26518,P3,63,1107
26519,P4,16,153
26520,P5,24,422
26521,P3,70,1177
26522,P4,24,177
26523,P5,24,446
26524,P3,66,1243
26525,P4,11,188
26526,P5,26,472
26527,P3,0,0
26528,P4,0,0
26529,P5,0,0
26530,P3,0,0
26531,P4,15,15
26532,P5,19,19
26533,P3,0,0
26534,P4,15,30
26535,P5,21,40
26536,P3,0,0
26537,P4,22,52
26538,P5,19,59
26539,P3,0,0
26540,P4,17,69
26541,P5,24,83
26542,P3,0,0
26543,P4,23,92
26544,P5,28,111
26545,P3,0,0
26546,P4,17,109
26547,P5,20,131
26548,P3,0,0
26549,P4,19,128
26550,P5,24,155
26551,P3,0,0
26552,P4,0,0
26553,P5,0,0
26554,P3,11,11
26555,P4,61,61
26556,P5,2,2
26557,P3,9,20
26558,P4,60,121
26559,P5,2,4
26560,P3,19,39
26561,P4,58,179
26562,P5,0,4
26563,P3,17,56
26564,P4,51,230
26565,P5,0,4
26566,P3,10,66
26567,P4,70,300
26568,P5,0,4
26569,P3,11,77
26570,P4,57,357
26571,P5,0,4
26572,P3,18,95
26573,P4,56,413
26574,P5,3,7
26575,P3,11,106
26576,P4,63,476
26577,P5,1,8
26578,P3,21,127
26579,P4,59,535
26580,P5,3,11
26581,P3,11,138
26582,P4,53,588
26583,P5,3,14
26584,P3,5,143
26585,P4,54,642
26586,P5,0,14
26587,P3,15,158
26588,P4,63,705
26589,P5,0,14
26590,P3,13,171
26591,P4,60,765
26592,P5,1,15
26593,P3,10,181
26594,P4,53,818
26595,P5,2,17
26596,P3,9,190
26597,P4,52,870
26598,P5,0,17
26599,P3,16,206
26600,P4,60,930
26601,P5,1,18
26602,P3,12,218
26603,P4,55,985
26604,P5,1,19
26605,P3,16,234
26606,P4,56,1041
26607,P5,0,19
26608,P3,17,251
26609,P4,62,1103
26610,P5,1,20
26611,P3,11,262
26612,P4,56,1159
26613,P5,1,21
26614,P3,18,280
26615,P4,49,1208
26616,P5,1,22
26617,P3,15,295
26618,P4,51,1259
26619,P5,1,23
26620,P3,0,0
26621,P4,0,0
26622,P5,0,0
26623,P3,5,5
26624,P4,25,25
26625,P5,16,16
26626,P3,7,12
26627,P4,20,45
26628,P5,16,32
26629,P3,8,20
26630,P4,23,68
26631,P5,16,48
26632,P3,11,31
26633,P4,27,95
26634,P5,16,64
26635,P3,7,38
26636,P4,28,123
26637,P5,14,78
26638,P3,6,44
26639,P4,23,146
26640,P5,16,94
26641,P3,5,49
26642,P4,19,165
26643,P5,19,113
26644,P3,8,57
26645,P4,26,191
26646,P5,14,127
26647,P3,8,65
26648,P4,38,229
26649,P5,13,140
26650,P3,9,74
26651,P4,30,259
26652,P5,17,157
26653,P3,7,81
26654,P4,34,293
26655,P5,14,171
26656,P3,5,86
26657,P4,30,323
26658,P5,16,187
26659,P3,5,91
26660,P4,33,356
26661,P5,16,203
26662,P3,6,97
26663,P4,28,384
26664,P5,16,219
26665,P3,15,112
26666,P4,32,416
26667,P5,15,234
26668,P3,6,118
26669,P4,20,436
26670,P5,15,249
26671,P3,10,128
26672,P4,36,472
26673,P5,17,266
26674,P3,8,136
26675,P4,23,495
26676,P5,15,281
26677,P3,7,143
26678,P4,29,524
26679,P5,15,296
26680,P3,5,148
26681,P4,20,544
26682,P5,15,311
26683,P3,6,154
26684,P4,20,564
26685,P5,15,326
26686,P3,6,160
26687,P4,29,593
26688,P5,15,341
26689,P3,9,169
26690,P4,32,625
26691,P5,14,355
26692,P3,5,174
26693,P4,22,647
26694,P5,15,370
26695,P3,7,181
26696,P4,33,680
26697,P5,15,385
26698,P3,12,193
26699,P4,24,704
26700,P5,16,401
26701,P3,11,204
26702,P4,33,737
26703,P5,14,415
26704,P3,8,212
26705,P4,22,759
26706,P5,15,430
26707,P3,9,221
26708,P4,32,791
26709,P5,14,444
26710,P3,0,0
26711,P4,0,0
26712,P5,0,0
26713,P3,47,47
26714,P4,25,25
26715,P5,2,2
26716,P3,47,94
26717,P4,35,60
26718,P5,6,8
26719,P3,43,137
26720,P4,35,95
26721,P5,5,13
26722,P3,66,203
26723,P4,34,129
26724,P5,5,18
26725,P3,66,269
26726,P4,43,172
26727,P5,4,22
26728,P3,72,341
26729,P4,46,218
26730,P5,6,28
26731,P3,58,399
26732,P4,48,266
26733,P5,7,35
26734,P3,49,448
26735,P4,45,311
26736,P5,4,39
26737,P3,41,489
26738,P4,38,349
26739,P5,2,41
26740,P3,54,543
26741,P4,43,392
26742,P5,4,45
26743,P3,52,595
26744,P4,40,432
26745,P5,5,50
26746,P3,72,667
26747,P4,43,475
26748,P5,3,53
26749,P3,69,736
26750,P4,46,521
26751,P5,3,56
26752,P3,66,802
26753,P4,36,557
26754,P5,5,61
26755,P3,49,851
26756,P4,43,600
26757,P5,4,65
26758,P3,58,909
26759,P4,55,655
26760,P5,3,68
26761,P3,57,966
26762,P4,36,691
26763,P5,3,71
26764,P3,77,1043
26765,P4,49,740
26766,P5,4,75
26767,P3,57,1100
26768,P4,37,777
26769,P5,3,78
26770,P3,66,1166
26771,P4,45,822
26772,P5,9,87
26773,P3,69,1235
26774,P4,37,859
26775,P5,7,94
26776,P3,58,1293
26777,P4,46,905
26778,P5,3,97
26779,P3,69,1362
26780,P4,45,950
26781,P5,6,103
26782,P3,0,0
26783,P4,0,0
26784,P5,0,0
26785,P3,0,0
26786,P4,19,19
26787,P5,3,3
26788,P3,0,0
26789,P4,18,37
26790,P5,0,3
26791,P3,0,0
26792,P4,21,58
26793,P5,0,3
26794,P3,0,0
26795,P4,19,77
26796,P5,2,5
26797,P3,0,0
26798,P4,23,100
26799,P5,3,8
26800,P3,0,0
26801,P4,21,121
26802,P5,1,9
26803,P3,0,0
26804,P4,22,143
26805,P5,2,11
26806,P3,0,0
26807,P4,22,165
26808,P5,1,12
26809,P3,0,0
26810,P4,21,186
26811,P5,0,12
26812,P3,2,2
26813,P4,17,203
26814,P5,2,14
26815,P3,0,0
26816,P4,0,0
26817,P5,0,0
26818,P3,0,0
26819,P4,25,25
26820,P5,26,26
26821,P3,0,0
26822,P4,29,54
26823,P5,24,50
26824,P3,0,0
26825,P4,23,77
26826,P5,24,74
26827,P3,0,0
26828,P4,28,105
26829,P5,29,103
26830,P3,0,0
26831,P4,25,130
26832,P5,28,131
26833,P3,0,0
26834,P4,22,152
26835,P5,29,160
26836,P3,0,0
26837,P4,22,174
26838,P5,29,189
26839,P3,0,0
26840,P4,19,193
26841,P5,29,218
26842,P3,0,0
26843,P4,26,219
26844,P5,25,243
26845,P3,0,0
26846,P4,35,254
26847,P5,25,268
26848,P3,0,0
26849,P4,23,277
26850,P5,28,296
26851,P3,0,0
26852,P4,17,294
26853,P5,31,327
26854,P3,0,0
26855,P4,16,310
26856,P5,29,356
26857,P3,0,0
26858,P4,20,330
26859,P5,29,385
26860,P3,0,0
26861,P4,26,356
26862,P5,28,413
26863,P3,0,0
26864,P4,23,379
26865,P5,30,443
26866,P3,0,0
26867,P4,0,0
26868,P5,0,0
26869,P3,5,5
26870,P4,63,63
26871,P5,0,0
26872,P3,23,28
26873,P4,64,127
26874,P5,0,0
26875,P3,10,38
26876,P4,65,192
26877,P5,0,0
26878,P3,7,45
26879,P4,62,254
26880,P5,0,0
26881,P3,17,62
26882,P4,68,322
26883,P5,0,0
26884,P3,10,72
26885,P4,68,390
26886,P5,0,0
26887,P3,12,84
26888,P4,70,460
26889,P5,0,0
26890,P3,5,89
26891,P4,68,528
26892,P5,0,0
26893,P3,15,104
26894,P4,72,600
26895,P5,0,0
26896,P3,7,111
26897,P4,65,665
26898,P5,0,0
26899,P3,20,131
26900,P4,70,735
26901,P5,0,0
26902,P3,11,142
26903,P4,66,801
26904,P5,0,0
26905,P3,10,152
26906,P4,66,867
26907,P5,0,0
26908,P3,0,0
26909,P4,0,0
26910,P5,0,0
26911,P3,12,12
26912,P4,14,14
26913,P5,0,0
26914,P3,10,22
26915,P4,14,28
26916,P5,0,0
26917,P3,12,34
26918,P4,27,55
26919,P5,0,0
26920,P3,14,48
26921,P4,22,77
26922,P5,0,0
26923,P3,12,60
26924,P4,21,98
26925,P5,1,1
26926,P3,16,76
26927,P4,15,113
26928,P5,0,1
26929,P3,14,90
26930,P4,19,132
26931,P5,0,1
26932,P3,9,99
26933,P4,19,151
26934,P5,0,1
26935,P3,14,113
26936,P4,16,167
26937,P5,1,2
26938,P3,16,129
26939,P4,15,182
26940,P5,1,3
26941,P3,15,144
26942,P4,14,196
26943,P5,0,3
26944,P3,19,163
26945,P4,24,220
26946,P5,0,3
26947,P3,21,184
26948,P4,21,241
26949,P5,1,4
26950,P3,12,196
26951,P4,15,256
26952,P5,0,4
26953,P3,17,213
26954,P4,19,275
26955,P5,1,5
26956,P3,0,0
26957,P4,0,0
26958,P5,0,0
26959,P3,0,0
26960,P4,0,0
26961,P5,20,20
26962,P3,0,0
26963,P4,1,1
26964,P5,16,36
26965,P3,0,0
26966,P4,0,1
26967,P5,19,55
26968,P3,0,0
26969,P4,1,2
26970,P5,21,76
26971,P3,0,0
26972,P4,4,6
26973,P5,21,97
26974,P3,0,0
26975,P4,0,6
26976,P5,16,113
26977,P3,0,0
26978,P4,2,8
26979,P5,19,132
26980,P3,0,0
26981,P4,2,10
26982,P5,20,152
26983,P3,0,0
26984,P4,4,14
26985,P5,21,173
26986,P3,0,0
26987,P4,0,0
26988,P5,0,0
26989,P3,41,41
26990,P4,87,87
26991,P5,0,0
26992,P3,44,85
26993,P4,75,162
26994,P5,1,1
26995,P3,31,116
26996,P4,84,246
26997,P5,1,2
26998,P3,54,170
26999,P4,85,331
27000,P5,4,6
27001,P3,46,216
27002,P4,80,411
27003,P5,2,8
27004,P3,51,267
27005,P4,91,502
27006,P5,1,9
27007,P3,42,309
27008,P4,67,569
27009,P5,1,10
27010,P3,46,355
27011,P4,104,673
27012,P5,0,10
27013,P3,70,425
27014,P4,75,748
27015,P5,3,13
27016,P3,63,488
27017,P4,62,810
27018,P5,4,17
27019,P3,52,540
27020,P4,77,887
27021,P5,0,17
27022,P3,61,601
27023,P4,102,989
27024,P5,0,17
27025,P3,58,659
27026,P4,82,1071
27027,P5,1,18
27028,P3,62,721
27029,P4,64,1135
27030,P5,5,23
27031,P3,68,789
27032,P4,68,1203
27033,P5,5,28
27034,P3,47,836
27035,P4,113,1316
27036,P5,0,28
27037,P3,42,878
27038,P4,99,1415
27039,P5,0,28
27040,P3,46,924
27041,P4,75,1490
27042,P5,3,31
27043,P3,0,0
27044,P4,0,0
27045,P5,0,0
27046,P3,0,0
27047,P4,1,1
27048,P5,16,16
27049,P3,0,0
27050,P4,1,2
27051,P5,16,32
27052,P3,0,0
27053,P4,0,2
27054,P5,16,48
27055,P3,0,0
27056,P4,0,2
27057,P5,16,64
27058,P3,0,0
27059,P4,0,0
27060,P5,0,0
27061,P3,3,3
27062,P4,1,1
27063,P5,12,12
27064,P3,8,11
27065,P4,3,4
27066,P5,13,25
27067,P3,3,14
27068,P4,5,9
27069,P5,11,36
27070,P3,3,17
27071,P4,4,13
27072,P5,13,49
27073,P3,3,20
27074,P4,2,15
27075,P5,12,61
27076,P3,2,22
27077,P4,3,18
27078,P5,12,73
27079,P3,3,25
27080,P4,4,22
27081,P5,10,83
27082,P3,1,26
27083,P4,1,23
27084,P5,14,97
27085,P3,3,29
27086,P4,1,24
27087,P5,12,109
27088,P3,3,32
27089,P4,1,25
27090,P5,14,123
27091,P3,3,35
27092,P4,1,26
27093,P5,12,135
27094,P3,1,36
27095,P4,3,29
27096,P5,14,149
27097,P3,0,36
27098,P4,4,33
27099,P5,13,162
27100,P3,1,37
27101,P4,3,36
27102,P5,13,175
27103,P3,3,40
27104,P4,2,38
27105,P5,11,186
27106,P3,1,41
27107,P4,2,40
27108,P5,14,200
27109,P3,1,42
27110,P4,2,42
27111,P5,14,214
27112,P3,5,47
27113,P4,3,45
27114,P5,9,223
27115,P3,5,52
27116,P4,4,49
27117,P5,12,235
27118,P3,4,56
27119,P4,2,51
27120,P5,12,247
27121,P3,3,59
27122,P4,5,56
27123,P5,10,257
27124,P3,3,62
27125,P4,1,57
27126,P5,12,269
27127,P3,0,62
27128,P4,0,57
27129,P5,16,285
27130,P3,0,62
27131,P4,3,60
27132,P5,13,298
27133,P3,0,62
27134,P4,3,63
27135,P5,13,311
27136,P3,3,65
27137,P4,1,64
27138,P5,13,324
27139,P3,4,69
27140,P4,2,66
27141,P5,12,336
27142,P3,4,73
27143,P4,5,71
27144,P5,10,346
27145,P3,2,75
27146,P4,3,74
27147,P5,12,358
27148,P3,2,77
27149,P4,4,78
27150,P5,12,370
27151,P3,2,79
27152,P4,1,79
27153,P5,13,383
27154,P3,1,80
27155,P4,1,80
27156,P5,14,397
27157,P3,4,84
27158,P4,2,82
27159,P5,12,409
27160,P3,2,86
27161,P4,3,85
27162,P5,12,421
27163,P3,5,91
27164,P4,5,90
27165,P5,8,429
27166,P3,2,93
27167,P4,4,94
27168,P5,11,440
27169,P3,1,94
27170,P4,1,95
27171,P5,14,454
27172,P3,2,96
27173,P4,4,99
27174,P5,11,465
27175,P3,5,101
27176,P4,4,103
27177,P5,10,475
27178,P3,1,102
27179,P4,2,105
27180,P5,14,489
27181,P3,3,105
27182,P4,3,108
27183,P5,13,502
27184,P3,1,106
27185,P4,2,110
27186,P5,13,515
27187,P3,3,109
27188,P4,3,113
27189,P5,12,527
27190,P3,3,112
27191,P4,1,114
27192,P5,13,540
27193,P3,2,114
27194,P4,2,116
27195,P5,13,553
27196,P3,1,115
27197,P4,6,122
27198,P5,10,563
27199,P3,2,117
27200,P4,2,124
27201,P5,14,577
27202,P3,3,120
27203,P4,3,127
27204,P5,11,588
27205,P3,7,127
27206,P4,0,127
27207,P5,13,601
27208,P3,2,129
27209,P4,5,132
27210,P5,11,612
27211,P3,6,135
27212,P4,0,132
27213,P5,14,626
27214,P3,0,0
27215,P4,0,0
27216,P5,0,0
27217,P3,3,3
27218,P4,0,0
27219,P5,16,16
27220,P3,0,0
27221,P4,0,0
27222,P5,0,0
27223,P3,1,1
27224,P4,10,10
27225,P5,12,12
27226,P3,0,0
27227,P4,0,0
27228,P5,0,0
27229,P3,0,0
27230,P4,7,7
27231,P5,15,15
27232,P3,0,0
27233,P4,9,16
27234,P5,12,27
27235,P3,0,0
27236,P4,8,24
27237,P5,13,40
27238,P3,0,0
27239,P4,13,37
27240,P5,12,52
27241,P3,0,0
27242,P4,6,43
27243,P5,14,66
27244,P3,0,0
27245,P4,10,53
27246,P5,14,80
27247,P3,0,0
27248,P4,7,60
27249,P5,15,95
27250,P3,0,0
27251,P4,0,0
27252,P5,0,0
27253,P3,0,0
27254,P4,6,6
27255,P5,24,24
27256,P3,0,0
27257,P4,7,13
27258,P5,35,59
27259,P3,0,0
27260,P4,2,15
27261,P5,36,95
27262,P3,0,0
27263,P4,2,17
27264,P5,31,126
27265,P3,0,0
27266,P4,3,20
27267,P5,27,153
27268,P3,0,0
27269,P4,1,21
27270,P5,32,185
27271,P3,0,0
27272,P4,3,24
27273,P5,38,223
27274,P3,1,1
27275,P4,7,31
27276,P5,28,251
27277,P3,0,1
27278,P4,2,33
27279,P5,32,283
27280,P3,0,1
27281,P4,4,37
27282,P5,29,312
27283,P3,0,1
27284,P4,4,41
27285,P5,29,341
27286,P3,0,1
27287,P4,3,44
27288,P5,32,373
27289,P3,0,1
27290,P4,3,47
27291,P5,37,410
27292,P3,0,1
27293,P4,6,53
27294,P5,28,438
27295,P3,0,0
27296,P4,0,0
27297,P5,0,0
27298,P3,0,0
27299,P4,0,0
27300,P5,16,16
27301,P3,0,0
27302,P4,0,0
27303,P5,16,32
27304,P3,0,0
27305,P4,0,0
27306,P5,16,48
27307,P3,0,0
27308,P4,0,0
27309,P5,16,64
27310,P3,0,0
27311,P4,0,0
27312,P5,16,80
27313,P3,0,0
27314,P4,0,0
27315,P5,16,96
27316,P3,0,0
27317,P4,0,0
27318,P5,16,112
27319,P3,0,0
27320,P4,0,0
27321,P5,16,128
27322,P3,0,0
27323,P4,0,0
27324,P5,16,144
27325,P3,0,0
27326,P4,0,0
27327,P5,16,160
27328,P3,0,0
27329,P4,0,0
27330,P5,16,176
27331,P3,0,0
27332,P4,0,0
27333,P5,16,192
27334,P3,0,0
27335,P4,0,0
27336,P5,16,208
27337,P3,0,0
27338,P4,0,0
27339,P5,16,224
27340,P3,0,0
27341,P4,0,0
27342,P5,16,240
27343,P3,0,0
27344,P4,0,0
27345,P5,16,256
27346,P3,0,0
27347,P4,0,0
27348,P5,0,0
27349,P3,0,0
27350,P4,14,14
27351,P5,7,7
27352,P3,1,1
27353,P4,13,27
27354,P5,11,18
27355,P3,0,1
27356,P4,23,50
27357,P5,4,22
27358,P3,1,2
27359,P4,13,63
27360,P5,5,27
27361,P3,1,3
27362,P4,6,69
27363,P5,4,31
27364,P3,1,4
27365,P4,13,82
27366,P5,5,36
27367,P3,1,5
27368,P4,16,98
27369,P5,7,43
27370,P3,1,6
27371,P4,18,116
27372,P5,3,46
27373,P3,0,6
27374,P4,19,135
27375,P5,5,51
27376,P3,3,9
27377,P4,15,150
27378,P5,6,57
27379,P3,1,10
27380,P4,24,174
27381,P5,0,57
27382,P3,0,10
27383,P4,15,189
27384,P5,10,67
27385,P3,1,11
27386,P4,20,209
27387,P5,2,69
27388,P3,0,11
27389,P4,15,224
27390,P5,6,75
27391,P3,0,11
27392,P4,18,242
27393,P5,7,82
27394,P3,2,13
27395,P4,20,262
27396,P5,7,89
27397,P3,0,13
27398,P4,11,273
27399,P5,1,90
27400,P3,0,13
27401,P4,23,296
27402,P5,0,90
27403,P3,0,0
27404,P4,0,0
27405,P5,0,0
27406,P3,3,3
27407,P4,31,31
27408,P5,13,13
27409,P3,4,7
27410,P4,27,58
27411,P5,4,17
27412,P3,2,9
27413,P4,21,79
27414,P5,1,18
27415,P3,4,13
27416,P4,24,103
27417,P5,5,23
27418,P3,2,15
27419,P4,24,127
27420,P5,1,24
27421,P3,2,17
27422,P4,26,153
27423,P5,4,28
27424,P3,3,20
27425,P4,24,177
27426,P5,2,30
27427,P3,1,21
27428,P4,30,207
27429,P5,5,35
27430,P3,2,23
27431,P4,25,232
27432,P5,8,43
27433,P3,0,23
27434,P4,21,253
27435,P5,8,51
27436,P3,0,23
27437,P4,29,282
27438,P5,7,58
27439,P3,0,23
27440,P4,25,307
27441,P5,9,67
27442,P3,6,29
27443,P4,29,336
27444,P5,6,73
27445,P3,1,30
27446,P4,26,362
27447,P5,3,76
27448,P3,3,33
27449,P4,35,397
27450,P5,2,78
27451,P3,1,34
27452,P4,30,427
27453,P5,8,86
27454,P3,2,36
27455,P4,16,443
27456,P5,7,93
27457,P3,0,36
27458,P4,22,465
27459,P5,3,96
27460,P3,0,36
27461,P4,18,483
27462,P5,6,102
27463,P3,3,39
27464,P4,22,505
27465,P5,6,108
27466,P3,3,42
27467,P4,26,531
27468,P5,7,115
27469,P3,0,42
27470,P4,28,559
27471,P5,4,119
27472,P3,2,44
27473,P4,27,586
27474,P5,5,124
27475,P3,3,47
27476,P4,30,616
27477,P5,3,127
27478,P3,1,48
27479,P4,14,630
27480,P5,6,133
27481,P3,0,48
27482,P4,26,656
27483,P5,1,134
27484,P3,0,48
27485,P4,21,677
27486,P5,4,138
27487,P3,1,49
27488,P4,35,712
27489,P5,8,146
27490,P3,1,50
27491,P4,19,731
27492,P5,3,149
27493,P3,1,51
27494,P4,22,753
27495,P5,4,153
27496,P3,1,52
27497,P4,23,776
27498,P5,5,158
27499,P3,3,55
27500,P4,26,802
27501,P5,6,164
27502,P3,1,56
27503,P4,22,824
27504,P5,4,168
27505,P3,3,59
27506,P4,29,853
27507,P5,9,177
27508,P3,2,61
27509,P4,31,884
27510,P5,6,183
27511,P3,4,65
27512,P4,31,915
27513,P5,4,187
27514,P3,3,68
27515,P4,26,941
27516,P5,3,190
27517,P3,1,69
27518,P4,31,972
27519,P5,1,191
27520,P3,2,71
27521,P4,16,988
27522,P5,4,195
27523,P3,1,72
27524,P4,28,1016
27525,P5,5,200
27526,P3,3,75
27527,P4,20,1036
27528,P5,5,205
27529,P3,1,76
27530,P4,20,1056
27531,P5,2,207
27532,P3,2,78
27533,P4,21,1077
27534,P5,10,217
27535,P3,2,80
27536,P4,21,1098
27537,P5,6,223
27538,P3,3,83
27539,P4,23,1121
27540,P5,5,228
27541,P3,0,83
27542,P4,19,1140
27543,P5,2,230
27544,P3,0,83
27545,P4,29,1169
27546,P5,7,237
27547,P3,1,84
27548,P4,24,1193
27549,P5,2,239
27550,P3,0,0
27551,P4,0,0
27552,P5,0,0
27553,P3,0,0
27554,P4,3,3
27555,P5,34,34
27556,P3,0,0
27557,P4,0,3
27558,P5,35,69
27559,P3,0,0
27560,P4,0,3
27561,P5,36,105
27562,P3,0,0
27563,P4,1,4
27564,P5,41,146
27565,P3,0,0
27566,P4,0,4
27567,P5,34,180
27568,P3,0,0
27569,P4,0,4
27570,P5,33,213
27571,P3,0,0
27572,P4,0,4
27573,P5,36,249
27574,P3,0,0
27575,P4,0,4
27576,P5,37,286
27577,P3,0,0
27578,P4,1,5
27579,P5,32,318
27580,P3,0,0
27581,P4,6,11
27582,P5,31,349
27583,P3,0,0
27584,P4,0,11
27585,P5,34,383
27586,P3,0,0
27587,P4,1,12
27588,P5,39,422
27589,P3,0,0
27590,P4,0,12
27591,P5,30,452
27592,P3,0,0
27593,P4,2,14
27594,P5,35,487
27595,P3,0,0
27596,P4,0,14
27597,P5,40,527
27598,P3,0,0
27599,P4,0,14
27600,P5,35,562
27601,P3,0,0
27602,P4,3,17
27603,P5,35,597
27604,P3,0,0
27605,P4,0,17
27606,P5,32,629
27607,P3,0,0
27608,P4,1,18
27609,P5,33,662
27610,P3,0,0
27611,P4,3,21
27612,P5,35,697
27613,P3,0,0
27614,P4,0,21
27615,P5,34,731
27616,P3,0,0
27617,P4,0,21
27618,P5,31,762
27619,P3,0,0
27620,P4,4,25
27621,P5,30,792
27622,P3,0,0
27623,P4,6,31
27624,P5,29,821
27625,P3,0,0
27626,P4,0,31
27627,P5,45,866
27628,P3,0,0
27629,P4,3,34
27630,P5,32,898
27631,P3,0,0
27632,P4,0,34
27633,P5,34,932
27634,P3,0,0
27635,P4,1,35
27636,P5,33,965
27637,P3,0,0
27638,P4,0,0
27639,P5,0,0
27640,P3,15,15
27641,P4,23,23
27642,P5,7,7
27643,P3,3,18
27644,P4,15,38
27645,P5,10,17
27646,P3,10,28
27647,P4,22,60
27648,P5,12,29
27649,P3,12,40
27650,P4,23,83
27651,P5,11,40
27652,P3,12,52
27653,P4,15,98
27654,P5,12,52
27655,P3,12,64
27656,P4,14,112
27657,P5,17,69
27658,P3,12,76
27659,P4,21,133
27660,P5,7,76
27661,P3,10,86
27662,P4,21,154
27663,P5,9,85
27664,P3,11,97
27665,P4,21,175
27666,P5,8,93
27667,P3,15,112
27668,P4,28,203
27669,P5,7,100
27670,P3,15,127
27671,P4,21,224
27672,P5,8,108
27673,P3,16,143
27674,P4,19,243
27675,P5,10,118
27676,P3,16,159
27677,P4,15,258
27678,P5,10,128
27679,P3,12,171
27680,P4,21,279
27681,P5,9,137
27682,P3,7,178
27683,P4,17,296
27684,P5,11,148
27685,P3,5,183
27686,P4,20,316
27687,P5,12,160
27688,P3,10,193
27689,P4,24,340
27690,P5,13,173
27691,P3,17,210
27692,P4,21,361
27693,P5,6,179
27694,P3,13,223
27695,P4,26,387
27696,P5,10,189
27697,P3,8,231
27698,P4,25,412
27699,P5,8,197
27700,P3,13,244
27701,P4,18,430
27702,P5,12,209
27703,P3,11,255
27704,P4,20,450
27705,P5,10,219
27706,P3,13,268
27707,P4,19,469
27708,P5,10,229
27709,P3,9,277
27710,P4,18,487
27711,P5,12,241
27712,P3,18,295
27713,P4,21,508
27714,P5,9,250
27715,P3,0,0
27716,P4,0,0
27717,P5,0,0
27718,P3,21,21
27719,P4,40,40
27720,P5,3,3
27721,P3,17,38
27722,P4,34,74
27723,P5,0,3
27724,P3,21,59
27725,P4,37,111
27726,P5,2,5
27727,P3,26,85
27728,P4,35,146
27729,P5,3,8
27730,P3,23,108
27731,P4,26,172
27732,P5,2,10
27733,P3,17,125
27734,P4,27,199
27735,P5,2,12
27736,P3,22,147
27737,P4,26,225
27738,P5,5,17
27739,P3,16,163
27740,P4,31,256
27741,P5,6,23
27742,P3,23,186
27743,P4,28,284
27744,P5,8,31
27745,P3,16,202
27746,P4,38,322
27747,P5,6,37
27748,P3,16,218
27749,P4,37,359
27750,P5,5,42
27751,P3,23,241
27752,P4,32,391
27753,P5,3,45
27754,P3,23,264
27755,P4,29,420
27756,P5,3,48
27757,P3,16,280
27758,P4,32,452
27759,P5,5,53
27760,P3,20,300
27761,P4,32,484
27762,P5,4,57
27763,P3,20,320
27764,P4,31,515
27765,P5,1,58
27766,P3,0,0
27767,P4,0,0
27768,P5,0,0
27769,P3,0,0
27770,P4,4,4
27771,P5,9,9
27772,P3,1,1
27773,P4,4,8
27774,P5,14,23
27775,P3,0,1
27776,P4,7,15
27777,P5,9,32
27778,P3,0,1
27779,P4,11,26
27780,P5,9,41
27781,P3,1,2
27782,P4,5,31
27783,P5,7,48
27784,P3,0,2
27785,P4,5,36
27786,P5,13,61
27787,P3,2,4
27788,P4,9,45
27789,P5,7,68
27790,P3,0,4
27791,P4,3,48
27792,P5,12,80
27793,P3,2,6
27794,P4,5,53
27795,P5,7,87
27796,P3,1,7
27797,P4,6,59
27798,P5,9,96
27799,P3,1,8
27800,P4,4,63
27801,P5,7,103
27802,P3,0,8
27803,P4,5,68
27804,P5,9,112
27805,P3,2,10
27806,P4,3,71
27807,P5,10,122
27808,P3,0,10
27809,P4,5,76
27810,P5,15,137
27811,P3,0,10
27812,P4,5,81
27813,P5,14,151
27814,P3,0,10
27815,P4,6,87
27816,P5,7,158
27817,P3,0,10
27818,P4,9,96
27819,P5,6,164
27820,P3,0,10
27821,P4,3,99
27822,P5,18,182
27823,P3,0,10
27824,P4,10,109
27825,P5,8,190
27826,P3,0,10
27827,P4,8,117
27828,P5,9,199
27829,P3,0,10
27830,P4,6,123
27831,P5,8,207
27832,P3,1,11
27833,P4,9,132
27834,P5,11,218
27835,P3,0,11
27836,P4,10,142
27837,P5,14,232
27838,P3,1,12
27839,P4,10,152
27840,P5,8,240
27841,P3,0,12
27842,P4,4,156
27843,P5,9,249
27844,P3,2,14
27845,P4,5,161
27846,P5,17,266
27847,P3,0,14
27848,P4,5,166
27849,P5,6,272
27850,P3,2,16
27851,P4,7,173
27852,P5,9,281
27853,P3,1,17
27854,P4,5,178
27855,P5,8,289
27856,P3,1,18
27857,P4,6,184
27858,P5,11,300
27859,P3,0,18
27860,P4,8,192
27861,P5,9,309
27862,P3,1,19
27863,P4,6,198
27864,P5,8,317
27865,P3,0,19
27866,P4,7,205
27867,P5,10,327
27868,P3,0,19
27869,P4,5,210
27870,P5,8,335
27871,P3,1,20
27872,P4,6,216
27873,P5,11,346
27874,P3,1,21
27875,P4,7,223
27876,P5,9,355
27877,P3,1,22
27878,P4,14,237
27879,P5,8,363
27880,P3,1,23
27881,P4,2,239
27882,P5,10,373
27883,P3,0,23
27884,P4,7,246
27885,P5,10,383
27886,P3,1,24
27887,P4,6,252
27888,P5,9,392
27889,P3,1,25
27890,P4,7,259
27891,P5,10,402
27892,P3,1,26
27893,P4,8,267
27894,P5,9,411
27895,P3,0,26
27896,P4,8,275
27897,P5,11,422
27898,P3,0,26
27899,P4,6,281
27900,P5,15,437
27901,P3,0,0
27902,P4,0,0
27903,P5,0,0
27904,P3,6,6
27905,P4,29,29
27906,P5,25,25
27907,P3,3,9
27908,P4,26,55
27909,P5,23,48
27910,P3,2,11
27911,P4,38,93
27912,P5,24,72
27913,P3,7,18
27914,P4,31,124
27915,P5,23,95
27916,P3,4,22
27917,P4,29,153
27918,P5,16,111
27919,P3,5,27
27920,P4,33,186
27921,P5,21,132
27922,P3,4,31
27923,P4,36,222
27924,P5,18,150
27925,P3,5,36
27926,P4,21,243
27927,P5,18,168
27928,P3,8,44
27929,P4,27,270
27930,P5,18,186
27931,P3,2,46
27932,P4,27,297
27933,P5,22,208
27934,P3,4,50
27935,P4,28,325
27936,P5,21,229
27937,P3,5,55
27938,P4,35,360
27939,P5,22,251
27940,P3,12,67
27941,P4,32,392
27942,P5,22,273
27943,P3,0,0
27944,P4,0,0
27945,P5,0,0
27946,P3,0,0
27947,P4,6,6
27948,P5,10,10
27949,P3,0,0
27950,P4,4,10
27951,P5,12,22
27952,P3,0,0
27953,P4,9,19
27954,P5,7,29
27955,P3,0,0
27956,P4,7,26
27957,P5,9,38
27958,P3,1,1
27959,P4,8,34
27960,P5,8,46
27961,P3,0,1
27962,P4,8,42
27963,P5,8,54
27964,P3,0,1
27965,P4,4,46
27966,P5,12,66
27967,P3,0,1
27968,P4,6,52
27969,P5,10,76
27970,P3,0,0
27971,P4,0,0
27972,P5,0,0
27973,P3,17,17
27974,P4,76,76
27975,P5,1,1
27976,P3,14,31
27977,P4,44,120
27978,P5,0,1
27979,P3,19,50
27980,P4,59,179
27981,P5,0,1
27982,P3,19,69
27983,P4,59,238
27984,P5,2,3
27985,P3,13,82
27986,P4,82,320
27987,P5,0,3
27988,P3,15,97
27989,P4,50,370
27990,P5,1,4
27991,P3,8,105
27992,P4,47,417
27993,P5,0,4
27994,P3,12,117
27995,P4,65,482
27996,P5,0,4
27997,P3,23,140
27998,P4,73,555
27999,P5,1,5
28000,P3,8,148
28001,P4,45,600
28002,P5,0,5
28003,P3,8,156
28004,P4,67,667
28005,P5,0,5
28006,P3,22,178
28007,P4,66,733
28008,P5,0,5
28009,P3,11,189
28010,P4,52,785
28011,P5,0,5
28012,P3,16,205
28013,P4,66,851
28014,P5,1,6
28015,P3,17,222
28016,P4,75,926
28017,P5,0,6
28018,P3,15,237
28019,P4,66,992
28020,P5,0,6
28021,P3,5,242
28022,P4,45,1037
28023,P5,2,8
28024,P3,7,249
28025,P4,57,1094
28026,P5,0,8
28027,P3,13,262
28028,P4,75,1169
28029,P5,1,9
28030,P3,13,275
28031,P4,65,1234
28032,P5,1,10
28033,P3,13,288
28034,P4,63,1297
28035,P5,0,10
28036,P3,17,305
28037,P4,62,1359
28038,P5,2,12
28039,P3,18,323
28040,P4,46,1405
28041,P5,3,15
28042,P3,17,340
28043,P4,52,1457
28044,P5,0,15
28045,P3,14,354
28046,P4,46,1503
28047,P5,0,15
28048,P3,14,368
28049,P4,42,1545
28050,P5,4,19
28051,P3,6,374
28052,P4,43,1588
28053,P5,0,19
28054,P3,26,400
28055,P4,66,1654
28056,P5,2,21
28057,P3,16,416
28058,P4,71,1725
28059,P5,0,21
28060,P3,16,432
28061,P4,65,1790
28062,P5,2,23
28063,P3,18,450
28064,P4,62,1852
28065,P5,1,24
28066,P3,4,454
28067,P4,50,1902
28068,P5,0,24
28069,P3,21,475
28070,P4,65,1967
28071,P5,0,24
28072,P3,20,495
28073,P4,61,2028
28074,P5,0,24
28075,P3,6,501
28076,P4,71,2099
28077,P5,0,24
28078,P3,17,518
28079,P4,93,2192
28080,P5,1,25
28081,P3,5,523
28082,P4,34,2226
28083,P5,0,25
28084,P3,17,540
28085,P4,63,2289
28086,P5,0,25
28087,P3,16,556
28088,P4,55,2344
28089,P5,1,26
28090,P3,22,578
28091,P4,75,2419
28092,P5,0,26
28093,P3,13,591
28094,P4,59,2478
28095,P5,0,26
28096,P3,19,610
28097,P4,68,2546
28098,P5,0,26
28099,P3,9,619
28100,P4,55,2601
28101,P5,3,29
28102,P3,16,635
28103,P4,100,2701
28104,P5,0,29
28105,P3,15,650
28106,P4,65,2766
28107,P5,0,29
28108,P3,21,671
28109,P4,67,2833
28110,P5,1,30
28111,P3,22,693
28112,P4,85,2918
28113,P5,0,30
28114,P3,16,709
28115,P4,73,2991
28116,P5,0,30
28117,P3,19,728
28118,P4,48,3039
28119,P5,0,30
28120,P3,21,749
28121,P4,79,3118
28122,P5,2,32
28123,P3,20,769
28124,P4,57,3175
28125,P5,0,32
28126,P3,23,792
28127,P4,30,3205
28128,P5,0,32
28129,P3,21,813
28130,P4,67,3272
28131,P5,1,33
28132,P3,19,832
28133,P4,69,3341
28134,P5,1,34
28135,P3,19,851
28136,P4,59,3400
28137,P5,1,35
28138,P3,16,867
28139,P4,60,3460
28140,P5,0,35
28141,P3,17,884
28142,P4,60,3520
28143,P5,0,35
28144,P3,12,896
28145,P4,65,3585
28146,P5,1,36
28147,P3,18,914
28148,P4,66,3651
28149,P5,1,37
28150,P3,15,929
28151,P4,65,3716
28152,P5,1,38
28153,P3,21,950
28154,P4,74,3790
28155,P5,0,38
28156,P3,14,964
28157,P4,65,3855
28158,P5,0,38
28159,P3,17,981
28160,P4,70,3925
28161,P5,2,40
28162,P3,9,990
28163,P4,75,4000
28164,P5,0,40
28165,P3,0,0
28166,P4,0,0
28167,P5,0,0
28168,P3,0,0
28169,P4,20,20
28170,P5,4,4
28171,P3,0,0
28172,P4,18,38
28173,P5,9,13
28174,P3,0,0
28175,P4,19,57
28176,P5,13,26
28177,P3,0,0
28178,P4,22,79
28179,P5,13,39
28180,P3,0,0
28181,P4,24,103
28182,P5,6,45
28183,P3,0,0
28184,P4,31,134
28185,P5,4,49
28186,P3,0,0
28187,P4,26,160
28188,P5,4,53
28189,P3,0,0
28190,P4,28,188
28191,P5,11,64
28192,P3,1,1
28193,P4,28,216
28194,P5,12,76
28195,P3,0,1
28196,P4,21,237
28197,P5,12,88
28198,P3,0,1
28199,P4,27,264
28200,P5,2,90
28201,P3,0,1
28202,P4,28,292
28203,P5,10,100
28204,P3,0,1
28205,P4,29,321
28206,P5,3,103
28207,P3,0,0
28208,P4,0,0
28209,P5,0,0
28210,P3,21,21
28211,P4,34,34
28212,P5,1,1
28213,P3,28,49
28214,P4,28,62
28215,P5,0,1
28216,P3,35,84
28217,P4,28,90
28218,P5,0,1
28219,P3,33,117
28220,P4,34,124
28221,P5,1,2
28222,P3,29,146
28223,P4,38,162
28224,P5,0,2
28225,P3,32,178
28226,P4,27,189
28227,P5,0,2
28228,P3,34,212
28229,P4,43,232
28230,P5,1,3
28231,P3,33,245
28232,P4,29,261
28233,P5,1,4
28234,P3,28,273
28235,P4,25,286
28236,P5,2,6
28237,P3,36,309
28238,P4,33,319
28239,P5,0,6
28240,P3,31,340
28241,P4,29,348
28242,P5,0,6
28243,P3,31,371
28244,P4,27,375
28245,P5,1,7
28246,P3,33,404
28247,P4,22,397
28248,P5,2,9
28249,P3,28,432
28250,P4,29,426
28251,P5,1,10
28252,P3,28,460
28253,P4,31,457
28254,P5,2,12
28255,P3,42,502
28256,P4,34,491
28257,P5,1,13
28258,P3,38,540
28259,P4,35,526
28260,P5,0,13
28261,P3,25,565
28262,P4,25,551
28263,P5,0,13
28264,P3,31,596
28265,P4,33,584
28266,P5,0,13
28267,P3,31,627
28268,P4,31,615
28269,P5,0,13
28270,P3,34,661
28271,P4,27,642
28272,P5,0,13
28273,P3,34,695
28274,P4,27,669
28275,P5,1,14
28276,P3,31,726
28277,P4,25,694
28278,P5,0,14
28279,P3,36,762
28280,P4,34,728
28281,P5,0,14
28282,P3,28,790
28283,P4,34,762
28284,P5,0,14
28285,P3,29,819
28286,P4,30,792
28287,P5,0,14
28288,P3,34,853
28289,P4,22,814
28290,P5,0,14
28291,P3,0,0
28292,P4,0,0
28293,P5,0,0
28294,P3,0,0
28295,P4,3,3
28296,P5,1,1
28297,P3,0,0
28298,P4,4,7
28299,P5,1,2
28300,P3,0,0
28301,P4,5,12
28302,P5,0,2
28303,P3,0,0
28304,P4,1,13
28305,P5,3,5
28306,P3,0,0
28307,P4,6,19
28308,P5,0,5
28309,P3,0,0
28310,P4,0,0
28311,P5,0,0
28312,P3,8,8
28313,P4,26,26
28314,P5,9,9
28315,P3,19,27
28316,P4,26,52
28317,P5,10,19
28318,P3,19,46
28319,P4,28,80
28320,P5,12,31
28321,P3,23,69
28322,P4,36,116
28323,P5,10,41
28324,P3,0,0
28325,P4,0,0
28326,P5,0,0
28327,P3,7,7
28328,P4,3,3
28329,P5,14,14
28330,P3,8,15
28331,P4,1,4
28332,P5,20,34
28333,P3,12,27
28334,P4,1,5
28335,P5,26,60
28336,P3,16,43
28337,P4,1,6
28338,P5,16,76
28339,P3,10,53
28340,P4,3,9
28341,P5,24,100
28342,P3,16,69
28343,P4,3,12
28344,P5,18,118
28345,P3,12,81
28346,P4,4,16
28347,P5,22,140
28348,P3,17,98
28349,P4,1,17
28350,P5,21,161
28351,P3,8,106
28352,P4,5,22
28353,P5,27,188
28354,P3,7,113
28355,P4,4,26
28356,P5,27,215
28357,P3,13,126
28358,P4,4,30
28359,P5,26,241
28360,P3,6,132
28361,P4,0,30
28362,P5,29,270
28363,P3,17,149
28364,P4,4,34
28365,P5,19,289
28366,P3,16,165
28367,P4,3,37
28368,P5,16,305
28369,P3,14,179
28370,P4,1,38
28371,P5,21,326
28372,P3,27,206
28373,P4,4,42
28374,P5,20,346
28375,P3,18,224
28376,P4,2,44
28377,P5,20,366
28378,P3,12,236
28379,P4,2,46
28380,P5,23,389
28381,P3,16,252
28382,P4,5,51
28383,P5,25,414
28384,P3,17,269
28385,P4,5,56
28386,P5,18,432
28387,P3,10,279
28388,P4,4,60
28389,P5,23,455
28390,P3,17,296
28391,P4,5,65
28392,P5,18,473
28393,P3,13,309
28394,P4,5,70
28395,P5,33,506
28396,P3,14,323
28397,P4,2,72
28398,P5,27,533
28399,P3,18,341
28400,P4,4,76
28401,P5,15,548
28402,P3,12,353
28403,P4,1,77
28404,P5,22,570
28405,P3,20,373
28406,P4,2,79
28407,P5,28,598
28408,P3,17,390
28409,P4,2,81
28410,P5,25,623
28411,P3,9,399
28412,P4,4,85
28413,P5,23,646
28414,P3,11,410
28415,P4,3,88
28416,P5,22,668
28417,P3,10,420
28418,P4,2,90
28419,P5,24,692
28420,P3,16,436
28421,P4,2,92
28422,P5,25,717
28423,P3,16,452
28424,P4,4,96
28425,P5,17,734
28426,P3,14,466
28427,P4,1,97
28428,P5,25,759
28429,P3,14,480
28430,P4,9,106
28431,P5,25,784
28432,P3,13,493
28433,P4,3,109
28434,P5,18,802
28435,P3,12,505
28436,P4,3,112
28437,P5,26,828
28438,P3,0,0
28439,P4,0,0
28440,P5,0,0
28441,P3,1,1
28442,P4,48,48
28443,P5,2,2
28444,P3,2,3
28445,P4,42,90
28446,P5,0,2
28447,P3,0,3
28448,P4,49,139
28449,P5,2,4
28450,P3,2,5
28451,P4,42,181
28452,P5,1,5
28453,P3,1,6
28454,P4,44,225
28455,P5,1,6
28456,P3,0,6
28457,P4,36,261
28458,P5,1,7
28459,P3,2,8
28460,P4,45,306
28461,P5,1,8
28462,P3,0,0
28463,P4,0,0
28464,P5,0,0
28465,P3,3,3
28466,P4,4,4
28467,P5,12,12
28468,P3,15,18
28469,P4,3,7
28470,P5,9,21
28471,P3,14,32
28472,P4,8,15
28473,P5,9,30
28474,P3,4,36
28475,P4,5,20
28476,P5,13,43
28477,P3,5,41
28478,P4,5,25
28479,P5,11,54
28480,P3,6,47
28481,P4,1,26
28482,P5,12,66
28483,P3,5,52
28484,P4,4,30
28485,P5,12,78
28486,P3,10,62
28487,P4,5,35
28488,P5,10,88
28489,P3,4,66
28490,P4,2,37
28491,P5,13,101
28492,P3,11,77
28493,P4,4,41
28494,P5,11,112
28495,P3,8,85
28496,P4,5,46
28497,P5,12,124
28498,P3,4,89
28499,P4,3,49
28500,P5,13,137
28501,P3,10,99
28502,P4,3,52
28503,P5,11,148
28504,P3,6,105
28505,P4,1,53
28506,P5,11,159
28507,P3,5,110
28508,P4,10,63
28509,P5,8,167
28510,P3,11,121
28511,P4,5,68
28512,P5,10,177
28513,P3,1,122
28514,P4,1,69
28515,P5,15,192
28516,P3,12,134
28517,P4,6,75
28518,P5,7,199
28519,P3,5,139
28520,P4,5,80
28521,P5,13,212
28522,P3,3,142
28523,P4,2,82
28524,P5,14,226
28525,P3,7,149
28526,P4,1,83
28527,P5,11,237
28528,P3,4,153
28529,P4,2,85
28530,P5,12,249
28531,P3,4,157
28532,P4,2,87
28533,P5,14,263
28534,P3,6,163
28535,P4,3,90
28536,P5,13,276
28537,P3,2,165
28538,P4,2,92
28539,P5,14,290
28540,P3,7,172
28541,P4,3,95
28542,P5,10,300
28543,P3,8,180
28544,P4,2,97
28545,P5,12,312
28546,P3,10,190
28547,P4,4,101
28548,P5,11,323
28549,P3,5,195
28550,P4,6,107
28551,P5,10,333
28552,P3,4,199
28553,P4,5,112
28554,P5,11,344
28555,P3,9,208
28556,P4,4,116
28557,P5,10,354
28558,P3,9,217
28559,P4,6,122
28560,P5,10,364
28561,P3,3,220
28562,P4,3,125
28563,P5,13,377
28564,P3,5,225
28565,P4,5,130
28566,P5,11,388
28567,P3,2,227
28568,P4,2,132
28569,P5,13,401
28570,P3,13,240
28571,P4,5,137
28572,P5,9,410
28573,P3,4,244
28574,P4,4,141
28575,P5,11,421
28576,P3,8,252
28577,P4,3,144
28578,P5,10,431
28579,P3,6,258
28580,P4,6,150
28581,P5,9,440
28582,P3,12,270
28583,P4,6,156
28584,P5,10,450
28585,P3,8,278
28586,P4,7,163
28587,P5,7,457
28588,P3,7,285
28589,P4,8,171
28590,P5,10,467
28591,P3,4,289
28592,P4,5,176
28593,P5,12,479
28594,P3,0,0
28595,P4,0,0
28596,P5,0,0
28597,P3,9,9
28598,P4,5,5
28599,P5,27,27
28600,P3,9,18
28601,P4,8,13
28602,P5,38,65
28603,P3,11,29
28604,P4,4,17
28605,P5,33,98
28606,P3,7,36
28607,P4,13,30
28608,P5,32,130
28609,P3,6,42
28610,P4,10,40
28611,P5,34,164
28612,P3,9,51
28613,P4,12,52
28614,P5,31,195
28615,P3,11,62
28616,P4,11,63
28617,P5,25,220
28618,P3,13,75
28619,P4,12,75
28620,P5,31,251
28621,P3,15,90
28622,P4,11,86
28623,P5,30,281
28624,P3,6,96
28625,P4,5,91
28626,P5,33,314
28627,P3,14,110
28628,P4,9,100
28629,P5,24,338
28630,P3,9,119
28631,P4,2,102
28632,P5,34,372
28633,P3,10,129
28634,P4,9,111
28635,P5,27,399
28636,P3,19,148
28637,P4,10,121
28638,P5,25,424
28639,P3,24,172
28640,P4,9,130
28641,P5,24,448
28642,P3,15,187
28643,P4,11,141
28644,P5,24,472
28645,P3,9,196
28646,P4,8,149
28647,P5,32,504
28648,P3,14,210
28649,P4,15,164
28650,P5,32,536
28651,P3,13,223
28652,P4,15,179
28653,P5,25,561
28654,P3,11,234
28655,P4,11,190
28656,P5,32,593
28657,P3,11,245
28658,P4,12,202
28659,P5,24,617
28660,P3,10,255
28661,P4,10,212
28662,P5,23,640
28663,P3,7,262
28664,P4,2,214
28665,P5,30,670
28666,P3,11,273
28667,P4,9,223
28668,P5,22,692
28669,P3,10,283
28670,P4,5,228
28671,P5,29,721
28672,P3,11,294
28673,P4,15,243
28674,P5,22,743
28675,P3,6,300
28676,P4,7,250
28677,P5,38,781
28678,P3,10,310
28679,P4,7,257
28680,P5,30,811
28681,P3,10,320
28682,P4,5,262
28683,P5,31,842
28684,P3,8,328
28685,P4,7,269
28686,P5,35,877
28687,P3,7,335
28688,P4,15,284
28689,P5,27,904
28690,P3,0,0
28691,P4,0,0
28692,P5,0,0
28693,P3,0,0
28694,P4,29,29
28695,P5,12,12
28696,P3,0,0
28697,P4,31,60
28698,P5,14,26
28699,P3,2,2
28700,P4,19,79
28701,P5,22,48
28702,P3,1,3
28703,P4,27,106
28704,P5,15,63
28705,P3,0,3
28706,P4,28,134
28707,P5,18,81
28708,P3,3,6
28709,P4,26,160
28710,P5,18,99
28711,P3,0,6
28712,P4,32,192
28713,P5,18,117
28714,P3,0,6
28715,P4,19,211
28716,P5,17,134
28717,P3,3,9
28718,P4,24,235
28719,P5,17,151
28720,P3,2,11
28721,P4,26,261
28722,P5,21,172
28723,P3,0,11
28724,P4,25,286
28725,P5,15,187
28726,P3,4,15
28727,P4,24,310
28728,P5,16,203
28729,P3,0,15
28730,P4,34,344
28731,P5,14,217
28732,P3,0,15
28733,P4,38,382
28734,P5,15,232
28735,P3,0,15
28736,P4,24,406
28737,P5,15,247
28738,P3,2,17
28739,P4,27,433
28740,P5,16,263
28741,P3,0,17
28742,P4,32,465
28743,P5,18,281
28744,P3,0,17
28745,P4,29,494
28746,P5,15,296
28747,P3,0,17
28748,P4,26,520
28749,P5,10,306
28750,P3,1,18
28751,P4,30,550
28752,P5,17,323
28753,P3,1,19
28754,P4,18,568
28755,P5,13,336
28756,P3,0,19
28757,P4,24,592
28758,P5,19,355
28759,P3,0,19
28760,P4,27,619
28761,P5,17,372
28762,P3,0,19
28763,P4,25,644
28764,P5,13,385
28765,P3,3,22
28766,P4,26,670
28767,P5,17,402
28768,P3,1,23
28769,P4,35,705
28770,P5,15,417
28771,P3,0,23
28772,P4,20,725
28773,P5,21,438
28774,P3,0,23
28775,P4,30,755
28776,P5,18,456
28777,P3,0,23
28778,P4,20,775
28779,P5,11,467
28780,P3,1,24
28781,P4,26,801
28782,P5,19,486
28783,P3,1,25
28784,P4,24,825
28785,P5,19,505
28786,P3,0,0
28787,P4,0,0
28788,P5,0,0
28789,P3,0,0
28790,P4,25,25
28791,P5,8,8
28792,P3,0,0
28793,P4,14,39
28794,P5,3,11
28795,P3,1,1
28796,P4,23,62
28797,P5,4,15
28798,P3,0,1
28799,P4,26,88
28800,P5,5,20
28801,P3,0,1
28802,P4,25,113
28803,P5,7,27
28804,P3,0,1
28805,P4,20,133
28806,P5,8,35
28807,P3,0,1
28808,P4,11,144
28809,P5,4,39
28810,P3,0,0
28811,P4,0,0
28812,P5,0,0
28813,P3,1,1
28814,P4,1,1
28815,P5,9,9
28816,P3,2,3
28817,P4,2,3
28818,P5,6,15
28819,P3,4,7
28820,P4,3,6
28821,P5,3,18
28822,P3,2,9
28823,P4,2,8
28824,P5,4,22
28825,P3,0,0
28826,P4,0,0
28827,P5,0,0
28828,P3,0,0
28829,P4,5,5
28830,P5,6,6
28831,P3,0,0
28832,P4,4,9
28833,P5,6,12
28834,P3,2,2
28835,P4,8,17
28836,P5,10,22
28837,P3,0,2
28838,P4,6,23
28839,P5,7,29
28840,P3,0,2
28841,P4,7,30
28842,P5,7,36
28843,P3,0,2
28844,P4,6,36
28845,P5,7,43
28846,P3,0,2
28847,P4,11,47
28848,P5,5,48
28849,P3,0,2
28850,P4,4,51
28851,P5,10,58
28852,P3,1,3
28853,P4,8,59
28854,P5,8,66
28855,P3,0,3
28856,P4,5,64
28857,P5,11,77
28858,P3,0,3
28859,P4,7,71
28860,P5,9,86
28861,P3,1,4
28862,P4,14,85
28863,P5,4,90
28864,P3,0,0
28865,P4,0,0
28866,P5,0,0
28867,P3,11,11
28868,P4,39,39
28869,P5,15,15
28870,P3,15,26
28871,P4,46,85
28872,P5,17,32
28873,P3,10,36
28874,P4,45,130
28875,P5,15,47
28876,P3,17,53
28877,P4,44,174
28878,P5,12,59
28879,P3,18,71
28880,P4,45,219
28881,P5,10,69
28882,P3,10,81
28883,P4,46,265
28884,P5,13,82
28885,P3,13,94
28886,P4,41,306
28887,P5,20,102
28888,P3,6,100
28889,P4,48,354
28890,P5,13,115
28891,P3,13,113
28892,P4,48,402
28893,P5,15,130
28894,P3,12,125
28895,P4,42,444
28896,P5,14,144
28897,P3,16,141
28898,P4,43,487
28899,P5,11,155
28900,P3,18,159
28901,P4,46,533
28902,P5,12,167
28903,P3,11,170
28904,P4,45,578
28905,P5,21,188
28906,P3,18,188
28907,P4,39,617
28908,P5,11,199
28909,P3,0,0
28910,P4,0,0
28911,P5,0,0
28912,P3,0,0
28913,P4,10,10
28914,P5,6,6
28915,P3,0,0
28916,P4,12,22
28917,P5,4,10
28918,P3,0,0
28919,P4,11,33
28920,P5,6,16
28921,P3,0,0
28922,P4,12,45
28923,P5,4,20
28924,P3,0,0
28925,P4,12,57
28926,P5,4,24
28927,P3,0,0
28928,P4,9,66
28929,P5,7,31
28930,P3,0,0
28931,P4,0,0
28932,P5,0,0
28933,P3,4,4
28934,P4,20,20
28935,P5,3,3
28936,P3,2,6
28937,P4,16,36
28938,P5,3,6
28939,P3,7,13
28940,P4,19,55
28941,P5,8,14
28942,P3,2,15
28943,P4,18,73
28944,P5,6,20
28945,P3,1,16
28946,P4,17,90
28947,P5,4,24
28948,P3,0,0
28949,P4,0,0
28950,P5,0,0
28951,P3,0,0
28952,P4,21,21
28953,P5,4,4
28954,P3,0,0
28955,P4,17,38
28956,P5,7,11
28957,P3,0,0
28958,P4,17,55
28959,P5,7,18
28960,P3,0,0
28961,P4,29,84
28962,P5,6,24
28963,P3,0,0
28964,P4,21,105
28965,P5,5,29
28966,P3,0,0
28967,P4,17,122
28968,P5,7,36
28969,P3,0,0
28970,P4,19,141
28971,P5,8,44
28972,P3,0,0
28973,P4,11,152
28974,P5,10,54
28975,P3,0,0
28976,P4,19,171
28977,P5,12,66
28978,P3,0,0
28979,P4,13,184
28980,P5,6,72
28981,P3,0,0
28982,P4,21,205
28983,P5,9,81
28984,P3,0,0
28985,P4,18,223
28986,P5,6,87
28987,P3,0,0
28988,P4,29,252
28989,P5,4,91
28990,P3,0,0
28991,P4,22,274
28992,P5,9,100
28993,P3,0,0
28994,P4,20,294
28995,P5,4,104
28996,P3,0,0
28997,P4,15,309
28998,P5,4,108
28999,P3,0,0
29000,P4,18,327
29001,P5,2,110
29002,P3,0,0
29003,P4,23,350
29004,P5,4,114
29005,P3,0,0
29006,P4,19,369
29007,P5,7,121
29008,P3,0,0
29009,P4,13,382
29010,P5,3,124
29011,P3,0,0
29012,P4,20,402
29013,P5,3,127
29014,P3,0,0
29015,P4,23,425
29016,P5,4,131
29017,P3,0,0
29018,P4,30,455
29019,P5,6,137
29020,P3,0,0
29021,P4,19,474
29022,P5,15,152
29023,P3,1,1
29024,P4,17,491
29025,P5,2,154
29026,P3,0,1
29027,P4,26,517
29028,P5,7,161
29029,P3,0,1
29030,P4,20,537
29031,P5,3,164
29032,P3,0,1
29033,P4,18,555
29034,P5,8,172
29035,P3,0,1
29036,P4,25,580
29037,P5,8,180
29038,P3,0,1
29039,P4,19,599
29040,P5,8,188
29041,P3,4,5
29042,P4,17,616
29043,P5,12,200
29044,P3,2,7
29045,P4,21,637
29046,P5,6,206
29047,P3,0,7
29048,P4,16,653
29049,P5,12,218
29050,P3,0,7
29051,P4,20,673
29052,P5,10,228
29053,P3,1,8
29054,P4,21,694
29055,P5,12,240
29056,P3,0,8
29057,P4,24,718
29058,P5,3,243
29059,P3,0,8
29060,P4,18,736
29061,P5,1,244
29062,P3,0,8
29063,P4,12,748
29064,P5,5,249
29065,P3,0,8
29066,P4,23,771
29067,P5,0,249
29068,P3,0,8
29069,P4,18,789
29070,P5,7,256
29071,P3,0,8
29072,P4,19,808
29073,P5,6,262
29074,P3,0,8
29075,P4,15,823
29076,P5,4,266
29077,P3,0,8
29078,P4,18,841
29079,P5,1,267
29080,P3,0,8
29081,P4,18,859
29082,P5,3,270
29083,P3,0,8
29084,P4,15,874
29085,P5,5,275
29086,P3,0,8
29087,P4,26,900
29088,P5,10,285
29089,P3,0,8
29090,P4,23,923
29091,P5,7,292
29092,P3,3,11
29093,P4,16,939
29094,P5,11,303
29095,P3,0,11
29096,P4,19,958
29097,P5,9,312
29098,P3,0,11
29099,P4,26,984
29100,P5,6,318
29101,P3,0,11
29102,P4,21,1005
29103,P5,4,322
29104,P3,0,11
29105,P4,18,1023
29106,P5,9,331
29107,P3,0,0
29108,P4,0,0
29109,P5,0,0
29110,P3,0,0
29111,P4,2,2
29112,P5,16,16
29113,P3,0,0
29114,P4,4,6
29115,P5,15,31
29116,P3,0,0
29117,P4,6,12
29118,P5,15,46
29119,P3,0,0
29120,P4,1,13
29121,P5,18,64
29122,P3,0,0
29123,P4,1,14
29124,P5,16,80
29125,P3,0,0
29126,P4,8,22
29127,P5,12,92
29128,P3,0,0
29129,P4,2,24
29130,P5,14,106
29131,P3,0,0
29132,P4,1,25
29133,P5,18,124
29134,P3,0,0
29135,P4,0,25
29136,P5,16,140
29137,P3,1,1
29138,P4,2,27
29139,P5,15,155
29140,P3,0,1
29141,P4,2,29
29142,P5,16,171
29143,P3,0,1
29144,P4,6,35
29145,P5,17,188
29146,P3,1,2
29147,P4,4,39
29148,P5,16,204
29149,P3,2,4
29150,P4,5,44
29151,P5,15,219
29152,P3,0,0
29153,P4,0,0
29154,P5,0,0
29155,P3,24,24
29156,P4,42,42
29157,P5,2,2
29158,P3,25,49
29159,P4,31,73
29160,P5,3,5
29161,P3,32,81
29162,P4,36,109
29163,P5,4,9
29164,P3,26,107
29165,P4,26,135
29166,P5,2,11
29167,P3,19,126
29168,P4,39,174
29169,P5,7,18
29170,P3,27,153
29171,P4,34,208
29172,P5,4,22
29173,P3,24,177
29174,P4,36,244
29175,P5,6,28
29176,P3,26,203
29177,P4,37,281
29178,P5,4,32
29179,P3,29,232
29180,P4,20,301
29181,P5,0,32
29182,P3,28,260
29183,P4,28,329
29184,P5,2,34
29185,P3,34,294
29186,P4,41,370
29187,P5,4,38
29188,P3,27,321
29189,P4,31,401
29190,P5,3,41
29191,P3,23,344
29192,P4,31,432
29193,P5,3,44
29194,P3,29,373
29195,P4,24,456
29196,P5,1,45
29197,P3,30,403
29198,P4,27,483
29199,P5,5,50
29200,P3,24,427
29201,P4,31,514
29202,P5,5,55
29203,P3,18,445
29204,P4,34,548
29205,P5,1,56
29206,P3,23,468
29207,P4,26,574
29208,P5,2,58
29209,P3,31,499
29210,P4,38,612
29211,P5,4,62
29212,P3,22,521
29213,P4,29,641
29214,P5,6,68
29215,P3,22,543
29216,P4,34,675
29217,P5,8,76
29218,P3,28,571
29219,P4,30,705
29220,P5,2,78
29221,P3,28,599
29222,P4,32,737
29223,P5,3,81
29224,P3,25,624
29225,P4,34,771
29226,P5,6,87
29227,P3,27,651
29228,P4,41,812
29229,P5,5,92
29230,P3,23,674
29231,P4,33,845
29232,P5,3,95
29233,P3,0,0
29234,P4,0,0
29235,P5,0,0
29236,P3,0,0
29237,P4,7,7
29238,P5,9,9
29239,P3,4,4
29240,P4,7,14
29241,P5,10,19
29242,P3,0,4
29243,P4,5,19
29244,P5,4,23
29245,P3,0,4
29246,P4,4,23
29247,P5,7,30
29248,P3,1,5
29249,P4,3,26
29250,P5,9,39
29251,P3,0,5
29252,P4,12,38
29253,P5,6,45
29254,P3,0,5
29255,P4,3,41
29256,P5,13,58
29257,P3,3,8
29258,P4,6,47
29259,P5,5,63
29260,P3,0,8
29261,P4,6,53
29262,P5,4,67
29263,P3,2,10
29264,P4,6,59
29265,P5,6,73
29266,P3,0,10
29267,P4,7,66
29268,P5,6,79
29269,P3,1,11
29270,P4,4,70
29271,P5,10,89
29272,P3,0,0
29273,P4,0,0
29274,P5,0,0
29275,P3,2,2
29276,P4,1,1
29277,P5,19,19
29278,P3,0,2
29279,P4,1,2
29280,P5,17,36
29281,P3,5,7
29282,P4,4,6
29283,P5,19,55
29284,P3,2,9
29285,P4,1,7
29286,P5,19,74
29287,P3,1,10
29288,P4,2,9
29289,P5,16,90
29290,P3,2,12
29291,P4,2,11
29292,P5,18,108
29293,P3,0,12
29294,P4,0,11
29295,P5,18,126
29296,P3,1,13
29297,P4,5,16
29298,P5,18,144
29299,P3,0,0
29300,P4,0,0
29301,P5,0,0
29302,P3,1,1
29303,P4,1,1
29304,P5,28,28
29305,P3,0,1
29306,P4,12,13
29307,P5,20,48
29308,P3,0,1
29309,P4,4,17
29310,P5,21,69
29311,P3,0,1
29312,P4,6,23
29313,P5,26,95
29314,P3,0,1
29315,P4,7,30
29316,P5,25,120
29317,P3,0,1
29318,P4,7,37
29319,P5,22,142
29320,P3,0,1
29321,P4,7,44
29322,P5,26,168
29323,P3,1,2
29324,P4,4,48
29325,P5,21,189
29326,P3,0,2
29327,P4,6,54
29328,P5,19,208
29329,P3,0,2
29330,P4,3,57
29331,P5,26,234
29332,P3,2,4
29333,P4,5,62
29334,P5,26,260
29335,P3,0,4
29336,P4,3,65
29337,P5,22,282
29338,P3,0,4
29339,P4,9,74
29340,P5,18,300
29341,P3,1,5
29342,P4,4,78
29343,P5,29,329
29344,P3,0,5
29345,P4,4,82
29346,P5,20,349
29347,P3,1,6
29348,P4,6,88
29349,P5,25,374
29350,P3,0,6
29351,P4,8,96
29352,P5,23,397
29353,P3,0,6
29354,P4,6,102
29355,P5,25,422
29356,P3,0,6
29357,P4,5,107
29358,P5,20,442
29359,P3,0,6
29360,P4,6,113
29361,P5,27,469
29362,P3,2,8
29363,P4,4,117
29364,P5,24,493
29365,P3,4,12
29366,P4,3,120
29367,P5,17,510
29368,P3,0,12
29369,P4,9,129
29370,P5,21,531
29371,P3,0,0
29372,P4,0,0
29373,P5,0,0
29374,P3,0,0
29375,P4,7,7
29376,P5,9,9
29377,P3,0,0
29378,P4,3,10
29379,P5,13,22
29380,P3,0,0
29381,P4,5,15
29382,P5,13,35
29383,P3,0,0
29384,P4,4,19
29385,P5,12,47
29386,P3,0,0
29387,P4,2,21
29388,P5,15,62
29389,P3,0,0
29390,P4,5,26
29391,P5,12,74
29392,P3,0,0
29393,P4,0,0
29394,P5,0,0
29395,P3,0,0
29396,P4,11,11
29397,P5,1,1
29398,P3,0,0
29399,P4,7,18
29400,P5,7,8
29401,P3,0,0
29402,P4,4,22
29403,P5,8,16
29404,P3,0,0
29405,P4,9,31
29406,P5,5,21
29407,P3,0,0
29408,P4,10,41
29409,P5,3,24
29410,P3,0,0
29411,P4,0,0
29412,P5,0,0
29413,P3,0,0
29414,P4,19,19
29415,P5,0,0
29416,P3,0,0
29417,P4,22,41
29418,P5,1,1
29419,P3,0,0
29420,P4,19,60
29421,P5,0,1
29422,P3,0,0
29423,P4,20,80
29424,P5,0,1
29425,P3,0,0
29426,P4,18,98
29427,P5,0,1
29428,P3,0,0
29429,P4,17,115
29430,P5,0,1
29431,P3,0,0
29432,P4,21,136
29433,P5,0,1
29434,P3,0,0
29435,P4,0,0
29436,P5,0,0
29437,P3,0,0
29438,P4,22,22
29439,P5,0,0
29440,P3,0,0
29441,P4,18,40
29442,P5,0,0
29443,P3,0,0
29444,P4,21,61
29445,P5,0,0
29446,P3,0,0
29447,P4,24,85
29448,P5,0,0
29449,P3,0,0
29450,P4,19,104
29451,P5,0,0
29452,P3,0,0
29453,P4,20,124
29454,P5,0,0
29455,P3,0,0
29456,P4,22,146
29457,P5,0,0
29458,P3,0,0
29459,P4,17,163
29460,P5,0,0
29461,P3,0,0
29462,P4,23,186
29463,P5,0,0
29464,P3,0,0
29465,P4,18,204
29466,P5,0,0
29467,P3,0,0
29468,P4,19,223
29469,P5,0,0
29470,P3,0,0
29471,P4,20,243
29472,P5,0,0
29473,P3,0,0
29474,P4,24,267
29475,P5,0,0
29476,P3,0,0
29477,P4,18,285
29478,P5,0,0
29479,P3,0,0
29480,P4,26,311
29481,P5,0,0
29482,P3,0,0
29483,P4,23,334
29484,P5,0,0
29485,P3,0,0
29486,P4,18,352
29487,P5,0,0
29488,P3,0,0
29489,P4,20,372
29490,P5,0,0
29491,P3,0,0
29492,P4,20,392
29493,P5,0,0
29494,P3,0,0
29495,P4,21,413
29496,P5,0,0
29497,P3,0,0
29498,P4,20,433
29499,P5,0,0
29500,P3,0,0
29501,P4,18,451
29502,P5,0,0
29503,P3,0,0
29504,P4,22,473
29505,P5,0,0
29506,P3,0,0
29507,P4,0,0
29508,P5,0,0
29509,P3,1,1
29510,P4,10,10
29511,P5,21,21
29512,P3,1,2
29513,P4,13,23
29514,P5,14,35
29515,P3,5,7
29516,P4,17,40
29517,P5,11,46
29518,P3,4,11
29519,P4,17,57
29520,P5,14,60
29521,P3,1,12
29522,P4,12,69
29523,P5,10,70
29524,P3,2,14
29525,P4,9,78
29526,P5,20,90
29527,P3,0,14
29528,P4,10,88
29529,P5,17,107
29530,P3,0,14
29531,P4,12,100
29532,P5,14,121
29533,P3,2,16
29534,P4,9,109
29535,P5,16,137
29536,P3,0,16
29537,P4,12,121
29538,P5,17,154
29539,P3,1,17
29540,P4,17,138
29541,P5,12,166
29542,P3,1,18
29543,P4,12,150
29544,P5,18,184
29545,P3,1,19
29546,P4,9,159
29547,P5,19,203
29548,P3,0,19
29549,P4,7,166
29550,P5,19,222
29551,P3,2,21
29552,P4,12,178
29553,P5,14,236
29554,P3,4,25
29555,P4,13,191
29556,P5,18,254
29557,P3,0,25
29558,P4,13,204
29559,P5,16,270
29560,P3,3,28
29561,P4,15,219
29562,P5,14,284
29563,P3,1,29
29564,P4,12,231
29565,P5,16,300
29566,P3,2,31
29567,P4,16,247
29568,P5,13,313
29569,P3,3,34
29570,P4,13,260
29571,P5,19,332
29572,P3,2,36
29573,P4,10,270
29574,P5,22,354
29575,P3,1,37
29576,P4,10,280
29577,P5,16,370
29578,P3,2,39
29579,P4,12,292
29580,P5,23,393
29581,P3,1,40
29582,P4,9,301
29583,P5,19,412
29584,P3,3,43
29585,P4,13,314
29586,P5,14,426
29587,P3,0,43
29588,P4,14,328
29589,P5,19,445
29590,P3,3,46
29591,P4,9,337
29592,P5,18,463
29593,P3,2,48
29594,P4,10,347
29595,P5,16,479
29596,P3,0,0
29597,P4,0,0
29598,P5,0,0
29599,P3,1,1
29600,P4,5,5
29601,P5,21,21
29602,P3,0,1
29603,P4,4,9
29604,P5,18,39
29605,P3,1,2
29606,P4,2,11
29607,P5,21,60
29608,P3,2,4
29609,P4,6,17
29610,P5,16,76
29611,P3,5,9
29612,P4,3,20
29613,P5,17,93
29614,P3,7,16
29615,P4,5,25
29616,P5,23,116
29617,P3,4,20
29618,P4,1,26
29619,P5,16,132
29620,P3,3,23
29621,P4,5,31
29622,P5,18,150
29623,P3,0,23
29624,P4,2,33
29625,P5,16,166
29626,P3,0,23
29627,P4,4,37
29628,P5,21,187
29629,P3,0,23
29630,P4,6,43
29631,P5,18,205
29632,P3,1,24
29633,P4,1,44
29634,P5,15,220
29635,P3,1,25
29636,P4,5,49
29637,P5,16,236
29638,P3,1,26
29639,P4,4,53
29640,P5,18,254
29641,P3,3,29
29642,P4,0,53
29643,P5,20,274
29644,P3,0,29
29645,P4,5,58
29646,P5,21,295
29647,P3,0,29
29648,P4,8,66
29649,P5,16,311
29650,P3,0,29
29651,P4,2,68
29652,P5,24,335
29653,P3,1,30
29654,P4,4,72
29655,P5,18,353
29656,P3,0,30
29657,P4,4,76
29658,P5,19,372
29659,P3,0,30
29660,P4,2,78
29661,P5,20,392
29662,P3,3,33
29663,P4,7,85
29664,P5,17,409
29665,P3,0,33
29666,P4,2,87
29667,P5,22,431
29668,P3,0,33
29669,P4,5,92
29670,P5,16,447
29671,P3,1,34
29672,P4,4,96
29673,P5,22,469
29674,P3,2,36
29675,P4,2,98
29676,P5,19,488
29677,P3,4,40
29678,P4,6,104
29679,P5,16,504
29680,P3,0,40
29681,P4,1,105
29682,P5,19,523
29683,P3,1,41
29684,P4,7,112
29685,P5,18,541
29686,P3,2,43
29687,P4,2,114
29688,P5,18,559
29689,P3,0,43
29690,P4,2,116
29691,P5,21,580
29692,P3,0,43
29693,P4,6,122
29694,P5,18,598
29695,P3,1,44
29696,P4,5,127
29697,P5,18,616
29698,P3,1,45
29699,P4,3,130
29700,P5,19,635
29701,P3,0,45
29702,P4,6,136
29703,P5,15,650
29704,P3,5,50
29705,P4,7,143
29706,P5,19,669
29707,P3,3,53
29708,P4,3,146
29709,P5,25,694
29710,P3,0,53
29711,P4,6,152
29712,P5,15,709
29713,P3,0,53
29714,P4,6,158
29715,P5,18,727
29716,P3,0,53
29717,P4,4,162
29718,P5,20,747
29719,P3,2,55
29720,P4,6,168
29721,P5,16,763
29722,P3,0,55
29723,P4,6,174
29724,P5,16,779
29725,P3,3,58
29726,P4,3,177
29727,P5,25,804
29728,P3,1,59
29729,P4,3,180
29730,P5,21,825
29731,P3,2,61
29732,P4,6,186
29733,P5,17,842
29734,P3,2,63
29735,P4,4,190
29736,P5,22,864
29737,P3,0,63
29738,P4,12,202
29739,P5,18,882
29740,P3,1,64
29741,P4,4,206
29742,P5,17,899
29743,P3,1,65
29744,P4,6,212
29745,P5,19,918
29746,P3,2,67
29747,P4,5,217
29748,P5,18,936
29749,P3,1,68
29750,P4,8,225
29751,P5,20,956
29752,P3,4,72
29753,P4,12,237
29754,P5,19,975
29755,P3,7,79
29756,P4,2,239
29757,P5,18,993
29758,P3,0,79
29759,P4,5,244
29760,P5,17,1010
29761,P3,0,79
29762,P4,2,246
29763,P5,20,1030
29764,P3,0,79
29765,P4,4,250
29766,P5,17,1047
29767,P3,1,80
29768,P4,6,256
29769,P5,17,1064
29770,P3,6,86
29771,P4,5,261
29772,P5,21,1085
29773,P3,2,88
29774,P4,6,267
29775,P5,19,1104
29776,P3,1,89
29777,P4,7,274
29778,P5,18,1122
29779,P3,2,91
29780,P4,6,280
29781,P5,15,1137
29782,P3,5,96
29783,P4,2,282
29784,P5,19,1156
29785,P3,0,96
29786,P4,7,289
29787,P5,15,1171
29788,P3,0,96
29789,P4,4,293
29790,P5,15,1186
29791,P3,2,98
29792,P4,6,299
29793,P5,17,1203
29794,P3,1,99
29795,P4,8,307
29796,P5,18,1221
29797,P3,1,100
29798,P4,6,313
29799,P5,17,1238
29800,P3,2,102
29801,P4,2,315
29802,P5,16,1254
29803,P3,1,103
29804,P4,3,318
29805,P5,21,1275
29806,P3,1,104
29807,P4,3,321
29808,P5,17,1292
29809,P3,3,107
29810,P4,3,324
29811,P5,21,1313
29812,P3,0,0
29813,P4,0,0
29814,P5,0,0
29815,P3,7,7
29816,P4,33,33
29817,P5,0,0
29818,P3,6,13
29819,P4,33,66
29820,P5,0,0
29821,P3,6,19
29822,P4,34,100
29823,P5,0,0
29824,P3,1,20
29825,P4,35,135
29826,P5,0,0
29827,P3,1,21
29828,P4,32,167
29829,P5,0,0
29830,P3,4,25
29831,P4,32,199
29832,P5,0,0
29833,P3,7,32
29834,P4,32,231
29835,P5,0,0
29836,P3,5,37
29837,P4,33,264
29838,P5,0,0
29839,P3,3,40
29840,P4,37,301
29841,P5,0,0
29842,P3,4,44
29843,P4,34,335
29844,P5,0,0
29845,P3,5,49
29846,P4,34,369
29847,P5,0,0
29848,P3,5,54
29849,P4,33,402
29850,P5,0,0
29851,P3,3,57
29852,P4,36,438
29853,P5,0,0
29854,P3,6,63
29855,P4,35,473
29856,P5,0,0
29857,P3,0,0
29858,P4,0,0
29859,P5,0,0
29860,P3,0,0
29861,P4,22,22
29862,P5,0,0
29863,P3,0,0
29864,P4,26,48
29865,P5,0,0
29866,P3,0,0
29867,P4,21,69
29868,P5,1,1
29869,P3,0,0
29870,P4,22,91
29871,P5,0,1
29872,P3,0,0
29873,P4,26,117
29874,P5,0,1
29875,P3,0,0
29876,P4,27,144
29877,P5,0,1
29878,P3,0,0
29879,P4,23,167
29880,P5,0,1
29881,P3,0,0
29882,P4,24,191
29883,P5,1,2
29884,P3,0,0
29885,P4,31,222
29886,P5,1,3
29887,P3,0,0
29888,P4,26,248
29889,P5,1,4
29890,P3,0,0
29891,P4,21,269
29892,P5,0,4
29893,P3,0,0
29894,P4,26,295
29895,P5,1,5
29896,P3,0,0
29897,P4,21,316
29898,P5,0,5
29899,P3,0,0
29900,P4,0,0
29901,P5,0,0
29902,P3,0,0
29903,P4,56,56
29904,P5,27,27
29905,P3,0,0
29906,P4,32,88
29907,P5,29,56
29908,P3,0,0
29909,P4,44,132
29910,P5,24,80
29911,P3,0,0
29912,P4,36,168
29913,P5,28,108
29914,P3,0,0
29915,P4,29,197
29916,P5,26,134
29917,P3,0,0
29918,P4,35,232
29919,P5,31,165
29920,P3,0,0
29921,P4,0,0
29922,P5,0,0
29923,P3,2,2
29924,P4,21,21
29925,P5,25,25
29926,P3,2,4
29927,P4,15,36
29928,P5,26,51
29929,P3,4,8
29930,P4,15,51
29931,P5,24,75
29932,P3,4,12
29933,P4,17,68
29934,P5,31,106
29935,P3,0,0
29936,P4,0,0
29937,P5,0,0
29938,P3,0,0
29939,P4,17,17
29940,P5,0,0
29941,P3,3,3
29942,P4,19,36
29943,P5,0,0
29944,P3,2,5
29945,P4,17,53
29946,P5,1,1
29947,P3,0,5
29948,P4,16,69
29949,P5,0,1
29950,P3,1,6
29951,P4,17,86
29952,P5,0,1
29953,P3,2,8
29954,P4,17,103
29955,P5,0,1
29956,P3,4,12
29957,P4,19,122
29958,P5,0,1
29959,P3,2,14
29960,P4,17,139
29961,P5,0,1
29962,P3,0,0
29963,P4,0,0
29964,P5,0,0
29965,P3,1,1
29966,P4,7,7
29967,P5,12,12
29968,P3,0,1
29969,P4,9,16
29970,P5,13,25
29971,P3,0,1
29972,P4,7,23
29973,P5,18,43
29974,P3,0,1
29975,P4,14,37
29976,P5,16,59
29977,P3,1,2
29978,P4,8,45
29979,P5,12,71
29980,P3,0,2
29981,P4,11,56
29982,P5,18,89
29983,P3,2,4
29984,P4,17,73
29985,P5,13,102
29986,P3,0,0
29987,P4,0,0
29988,P5,0,0
29989,P3,0,0
29990,P4,8,8
29991,P5,4,4
29992,P3,3,3
29993,P4,8,16
29994,P5,12,16
29995,P3,2,5
29996,P4,9,25
29997,P5,5,21
29998,P3,4,9
29999,P4,12,37
30000,P5,8,29
30001,P3,2,11
30002,P4,5,42
30003,P5,13,42
30004,P3,3,14
30005,P4,13,55
30006,P5,9,51
30007,P3,1,15
30008,P4,15,70
30009,P5,15,66
30010,P3,10,25
30011,P4,10,80
30012,P5,5,71
30013,P3,0,25
30014,P4,4,84
30015,P5,18,89
30016,P3,7,32
30017,P4,8,92
30018,P5,9,98
30019,P3,2,34
30020,P4,10,102
30021,P5,9,107
30022,P3,2,36
30023,P4,6,108
30024,P5,9,116
30025,P3,6,42
30026,P4,11,119
30027,P5,10,126
30028,P3,2,44
30029,P4,10,129
30030,P5,12,138
30031,P3,10,54
30032,P4,8,137
30033,P5,8,146
30034,P3,3,57
30035,P4,7,144
30036,P5,10,156
30037,P3,8,65
30038,P4,10,154
30039,P5,8,164
30040,P3,2,67
30041,P4,6,160
30042,P5,18,182
30043,P3,0,0
30044,P4,0,0
30045,P5,0,0
30046,P3,0,0
30047,P4,18,18
30048,P5,7,7
30049,P3,0,0
30050,P4,25,43
30051,P5,8,15
30052,P3,0,0
30053,P4,20,63
30054,P5,14,29
30055,P3,0,0
30056,P4,14,77
30057,P5,11,40
30058,P3,0,0
30059,P4,10,87
30060,P5,13,53
30061,P3,0,0
30062,P4,21,108
30063,P5,11,64
30064,P3,0,0
30065,P4,12,120
30066,P5,14,78
30067,P3,0,0
30068,P4,15,135
30069,P5,17,95
30070,P3,1,1
30071,P4,13,148
30072,P5,13,108
30073,P3,1,2
30074,P4,8,156
30075,P5,15,123
30076,P3,0,2
30077,P4,20,176
30078,P5,11,134
30079,P3,0,2
30080,P4,12,188
30081,P5,6,140
30082,P3,0,2
30083,P4,8,196
30084,P5,13,153
30085,P3,0,2
30086,P4,8,204
30087,P5,20,173
30088,P3,0,2
30089,P4,7,211
30090,P5,14,187
30091,P3,0,2
30092,P4,15,226
30093,P5,10,197
30094,P3,0,2
30095,P4,12,238
30096,P5,13,210
30097,P3,0,2
30098,P4,16,254
30099,P5,14,224
30100,P3,0,2
30101,P4,23,277
30102,P5,9,233
30103,P3,1,3
30104,P4,17,294
30105,P5,7,240
30106,P3,0,3
30107,P4,19,313
30108,P5,9,249
30109,P3,0,3
30110,P4,10,323
30111,P5,11,260
30112,P3,0,3
30113,P4,13,336
30114,P5,12,272
30115,P3,1,4
30116,P4,7,343
30117,P5,17,289
30118,P3,0,4
30119,P4,8,351
30120,P5,15,304
30121,P3,0,4
30122,P4,6,357
30123,P5,13,317
30124,P3,0,4
30125,P4,18,375
30126,P5,10,327
30127,P3,0,4
30128,P4,15,390
30129,P5,18,345
30130,P3,0,4
30131,P4,12,402
30132,P5,12,357
30133,P3,0,4
30134,P4,31,433
30135,P5,12,369
30136,P3,0,4
30137,P4,16,449
30138,P5,14,383
30139,P3,0,4
30140,P4,14,463
30141,P5,13,396
30142,P3,0,4
30143,P4,16,479
30144,P5,13,409
30145,P3,0,4
30146,P4,22,501
30147,P5,12,421
30148,P3,0,4
30149,P4,23,524
30150,P5,13,434
30151,P3,0,4
30152,P4,14,538
30153,P5,14,448
30154,P3,0,4
30155,P4,11,549
30156,P5,17,465
30157,P3,0,4
30158,P4,11,560
30159,P5,9,474
30160,P3,2,6
30161,P4,15,575
30162,P5,19,493
30163,P3,0,6
30164,P4,18,593
30165,P5,11,504
30166,P3,0,6
30167,P4,17,610
30168,P5,11,515
30169,P3,0,0
30170,P4,0,0
30171,P5,0,0
30172,P3,2,2
30173,P4,17,17
30174,P5,9,9
30175,P3,2,4
30176,P4,24,41
30177,P5,7,16
30178,P3,5,9
30179,P4,16,57
30180,P5,4,20
30181,P3,3,12
30182,P4,20,77
30183,P5,3,23
30184,P3,2,14
30185,P4,17,94
30186,P5,11,34
30187,P3,1,15
30188,P4,22,116
30189,P5,4,38
30190,P3,6,21
30191,P4,16,132
30192,P5,8,46
30193,P3,0,0
30194,P4,0,0
30195,P5,0,0
30196,P3,6,6
30197,P4,16,16
30198,P5,0,0
30199,P3,5,11
30200,P4,18,34
30201,P5,1,1
30202,P3,0,0
30203,P4,0,0
30204,P5,0,0
30205,P3,12,12
30206,P4,3,3
30207,P5,10,10
30208,P3,20,32
30209,P4,3,6
30210,P5,16,26
30211,P3,15,47
30212,P4,1,7
30213,P5,15,41
30214,P3,12,59
30215,P4,3,10
30216,P5,13,54
30217,P3,12,71
30218,P4,4,14
30219,P5,18,72
30220,P3,13,84
30221,P4,6,20
30222,P5,18,90
30223,P3,11,95
30224,P4,4,24
30225,P5,19,109
30226,P3,7,102
30227,P4,3,27
30228,P5,21,130
30229,P3,12,114
30230,P4,4,31
30231,P5,19,149
30232,P3,19,133
30233,P4,2,33
30234,P5,6,155
30235,P3,10,143
30236,P4,6,39
30237,P5,18,173
30238,P3,13,156
30239,P4,1,40
30240,P5,18,191
30241,P3,10,166
30242,P4,4,44
30243,P5,22,213
30244,P3,15,181
30245,P4,4,48
30246,P5,6,219
30247,P3,17,198
30248,P4,3,51
30249,P5,15,234
30250,P3,15,213
30251,P4,7,58
30252,P5,15,249
30253,P3,14,227
30254,P4,3,61
30255,P5,19,268
30256,P3,9,236
30257,P4,7,68
30258,P5,22,290
30259,P3,12,248
30260,P4,5,73
30261,P5,21,311
30262,P3,10,258
30263,P4,2,75
30264,P5,14,325
30265,P3,15,273
30266,P4,1,76
30267,P5,14,339
30268,P3,13,286
30269,P4,3,79
30270,P5,25,364
30271,P3,15,301
30272,P4,7,86
30273,P5,17,381
30274,P3,13,314
30275,P4,6,92
30276,P5,20,401
30277,P3,16,330
30278,P4,3,95
30279,P5,17,418
30280,P3,10,340
30281,P4,6,101
30282,P5,15,433
30283,P3,16,356
30284,P4,4,105
30285,P5,11,444
30286,P3,15,371
30287,P4,8,113
30288,P5,24,468
30289,P3,22,393
30290,P4,3,116
30291,P5,15,483
30292,P3,19,412
30293,P4,2,118
30294,P5,16,499
30295,P3,11,423
30296,P4,2,120
30297,P5,20,519
30298,P3,24,447
30299,P4,2,122
30300,P5,16,535
30301,P3,15,462
30302,P4,4,126
30303,P5,20,555
30304,P3,16,478
30305,P4,8,134
30306,P5,14,569
30307,P3,14,492
30308,P4,5,139
30309,P5,22,591
30310,P3,15,507
30311,P4,5,144
30312,P5,13,604
30313,P3,27,534
30314,P4,5,149
30315,P5,9,613
30316,P3,0,0
30317,P4,0,0
30318,P5,0,0
30319,P3,5,5
30320,P4,48,48
30321,P5,1,1
30322,P3,3,8
30323,P4,53,101
30324,P5,0,1
30325,P3,0,8
30326,P4,50,151
30327,P5,0,1
30328,P3,2,10
30329,P4,60,211
30330,P5,0,1
30331,P3,3,13
30332,P4,54,265
30333,P5,0,1
30334,P3,4,17
30335,P4,50,315
30336,P5,1,2
30337,P3,5,22
30338,P4,52,367
30339,P5,0,2
30340,P3,3,25
30341,P4,50,417
30342,P5,0,2
30343,P3,4,29
30344,P4,55,472
30345,P5,1,3
30346,P3,0,0
30347,P4,0,0
30348,P5,0,0
30349,P3,0,0
30350,P4,16,16
30351,P5,0,0
30352,P3,1,1
30353,P4,15,31
30354,P5,1,1
30355,P3,0,0
30356,P4,0,0
30357,P5,0,0
30358,P3,0,0
30359,P4,7,7
30360,P5,14,14
30361,P3,0,0
30362,P4,2,9
30363,P5,12,26
30364,P3,1,1
30365,P4,5,14
30366,P5,17,43
30367,P3,0,1
30368,P4,5,19
30369,P5,14,57
30370,P3,0,1
30371,P4,8,27
30372,P5,11,68
30373,P3,0,1
30374,P4,3,30
30375,P5,21,89
30376,P3,0,1
30377,P4,6,36
30378,P5,17,106
30379,P3,0,1
30380,P4,5,41
30381,P5,17,123
30382,P3,1,2
30383,P4,4,45
30384,P5,20,143
30385,P3,0,2
30386,P4,5,50
30387,P5,19,162
30388,P3,0,2
30389,P4,4,54
30390,P5,15,177
30391,P3,0,2
30392,P4,3,57
30393,P5,21,198
30394,P3,1,3
30395,P4,4,61
30396,P5,15,213
30397,P3,0,3
30398,P4,6,67
30399,P5,15,228
30400,P3,0,3
30401,P4,5,72
30402,P5,14,242
30403,P3,0,3
30404,P4,5,77
30405,P5,21,263
30406,P3,0,3
30407,P4,4,81
30408,P5,18,281
30409,P3,0,3
30410,P4,2,83
30411,P5,24,305
30412,P3,0,3
30413,P4,3,86
30414,P5,11,316
30415,P3,0,3
30416,P4,6,92
30417,P5,24,340
30418,P3,0,3
30419,P4,5,97
30420,P5,17,357
30421,P3,1,4
30422,P4,2,99
30423,P5,23,380
30424,P3,0,4
30425,P4,4,103
30426,P5,23,403
30427,P3,0,4
30428,P4,3,106
30429,P5,21,424
30430,P3,0,4
30431,P4,2,108
30432,P5,13,437
30433,P3,0,4
30434,P4,7,115
30435,P5,18,455
30436,P3,1,5
30437,P4,2,117
30438,P5,17,472
30439,P3,0,5
30440,P4,4,121
30441,P5,21,493
30442,P3,0,0
30443,P4,0,0
30444,P5,0,0
30445,P3,3,3
30446,P4,20,20
30447,P5,0,0
30448,P3,0,3
30449,P4,20,40
30450,P5,0,0
30451,P3,1,4
30452,P4,19,59
30453,P5,0,0
30454,P3,5,9
30455,P4,19,78
30456,P5,0,0
30457,P3,4,13
30458,P4,17,95
30459,P5,0,0
30460,P3,2,15
30461,P4,19,114
30462,P5,0,0
30463,P3,0,0
30464,P4,0,0
30465,P5,0,0
30466,P3,0,0
30467,P4,2,2
30468,P5,23,23
30469,P3,0,0
30470,P4,1,3
30471,P5,23,46
30472,P3,0,0
30473,P4,4,7
30474,P5,21,67
30475,P3,0,0
30476,P4,3,10
30477,P5,19,86
30478,P3,0,0
30479,P4,3,13
30480,P5,23,109
30481,P3,0,0
30482,P4,0,13
30483,P5,21,130
30484,P3,0,0
30485,P4,2,15
30486,P5,27,157
30487,P3,0,0
30488,P4,2,17
30489,P5,20,177
30490,P3,0,0
30491,P4,2,19
30492,P5,19,196
30493,P3,0,0
30494,P4,3,22
30495,P5,19,215
30496,P3,0,0
30497,P4,2,24
30498,P5,20,235
30499,P3,0,0
30500,P4,2,26
30501,P5,21,256
30502,P3,0,0
30503,P4,4,30
30504,P5,25,281
30505,P3,0,0
30506,P4,3,33
30507,P5,22,303
30508,P3,0,0
30509,P4,5,38
30510,P5,21,324
30511,P3,0,0
30512,P4,1,39
30513,P5,21,345
30514,P3,0,0
30515,P4,1,40
30516,P5,23,368
30517,P3,0,0
30518,P4,1,41
30519,P5,21,389
30520,P3,0,0
30521,P4,3,44
30522,P5,30,419
30523,P3,0,0
30524,P4,8,52
30525,P5,27,446
30526,P3,0,0
30527,P4,3,55
30528,P5,23,469
30529,P3,0,0
30530,P4,0,55
30531,P5,30,499
30532,P3,0,0
30533,P4,5,60
30534,P5,27,526
30535,P3,0,0
30536,P4,4,64
30537,P5,21,547
30538,P3,0,0
30539,P4,3,67
30540,P5,21,568
30541,P3,0,0
30542,P4,3,70
30543,P5,19,587
30544,P3,0,0
30545,P4,2,72
30546,P5,24,611
30547,P3,0,0
30548,P4,0,0
30549,P5,0,0
30550,P3,13,13
30551,P4,24,24
30552,P5,1,1
30553,P3,7,20
30554,P4,15,39
30555,P5,0,1
30556,P3,9,29
30557,P4,22,61
30558,P5,0,1
30559,P3,12,41
30560,P4,19,80
30561,P5,0,1
30562,P3,7,48
30563,P4,14,94
30564,P5,1,2
30565,P3,11,59
30566,P4,20,114
30567,P5,3,5
30568,P3,6,65
30569,P4,25,139
30570,P5,1,6
30571,P3,8,73
30572,P4,24,163
30573,P5,3,9
30574,P3,12,85
30575,P4,19,182
30576,P5,5,14
30577,P3,10,95
30578,P4,21,203
30579,P5,4,18
30580,P3,12,107
30581,P4,27,230
30582,P5,3,21
30583,P3,6,113
30584,P4,22,252
30585,P5,3,24
30586,P3,9,122
30587,P4,18,270
30588,P5,4,28
30589,P3,10,132
30590,P4,14,284
30591,P5,1,29
30592,P3,1,133
30593,P4,21,305
30594,P5,4,33
30595,P3,6,139
30596,P4,29,334
30597,P5,0,33
30598,P3,11,150
30599,P4,18,352
30600,P5,1,34
30601,P3,9,159
30602,P4,28,380
30603,P5,3,37
30604,P3,9,168
30605,P4,28,408
30606,P5,0,37
30607,P3,10,178
30608,P4,18,426
30609,P5,5,42
30610,P3,14,192
30611,P4,20,446
30612,P5,4,46
30613,P3,0,0
30614,P4,0,0
30615,P5,0,0
30616,P3,0,0
30617,P4,0,0
30618,P5,18,18
30619,P3,0,0
30620,P4,0,0
30621,P5,12,30
30622,P3,0,0
30623,P4,0,0
30624,P5,18,48
30625,P3,0,0
30626,P4,0,0
30627,P5,17,65
30628,P3,0,0
30629,P4,0,0
30630,P5,18,83
30631,P3,0,0
30632,P4,1,1
30633,P5,20,103
30634,P3,0,0
30635,P4,0,1
30636,P5,17,120
30637,P3,0,0
30638,P4,0,1
30639,P5,17,137
30640,P3,0,0
30641,P4,0,1
30642,P5,21,158
30643,P3,0,0
30644,P4,0,1
30645,P5,14,172
30646,P3,0,0
30647,P4,0,1
30648,P5,22,194
30649,P3,0,0
30650,P4,0,1
30651,P5,19,213
30652,P3,0,0
30653,P4,1,2
30654,P5,20,233
30655,P3,0,0
30656,P4,0,2
30657,P5,20,253
30658,P3,0,0
30659,P4,0,2
30660,P5,21,274
30661,P3,0,0
30662,P4,0,2
30663,P5,18,292
30664,P3,0,0
30665,P4,0,2
30666,P5,21,313
30667,P3,0,0
30668,P4,0,2
30669,P5,18,331
30670,P3,0,0
30671,P4,0,2
30672,P5,18,349
30673,P3,0,0
30674,P4,0,2
30675,P5,21,370
30676,P3,0,0
30677,P4,0,2
30678,P5,18,388
30679,P3,0,0
30680,P4,0,2
30681,P5,22,410
30682,P3,0,0
30683,P4,0,2
30684,P5,16,426
30685,P3,0,0
30686,P4,0,2
30687,P5,17,443
30688,P3,0,0
30689,P4,0,2
30690,P5,16,459
30691,P3,0,0
30692,P4,2,4
30693,P5,18,477
30694,P3,0,0
30695,P4,0,4
30696,P5,23,500
30697,P3,0,0
30698,P4,0,4
30699,P5,22,522
30700,P3,0,0
30701,P4,0,4
30702,P5,16,538
30703,P3,0,0
30704,P4,0,4
30705,P5,23,561
30706,P3,0,0
30707,P4,0,4
30708,P5,22,583
30709,P3,0,0
30710,P4,0,4
30711,P5,14,597
30712,P3,0,0
30713,P4,0,4
30714,P5,19,616
30715,P3,0,0
30716,P4,0,4
30717,P5,20,636
30718,P3,0,0
30719,P4,0,4
30720,P5,19,655
30721,P3,0,0
30722,P4,0,4
30723,P5,20,675
30724,P3,0,0
30725,P4,0,4
30726,P5,20,695
30727,P3,0,0
30728,P4,0,4
30729,P5,20,715
30730,P3,0,0
30731,P4,0,4
30732,P5,16,731
30733,P3,0,0
30734,P4,0,4
30735,P5,17,748
30736,P3,0,0
30737,P4,0,4
30738,P5,21,769
30739,P3,0,0
30740,P4,0,4
30741,P5,13,782
30742,P3,0,0
30743,P4,0,4
30744,P5,18,800
30745,P3,0,0
30746,P4,0,4
30747,P5,21,821
30748,P3,0,0
30749,P4,0,4
30750,P5,17,838
30751,P3,0,0
30752,P4,0,0
30753,P5,0,0
30754,P3,0,0
30755,P4,20,20
30756,P5,17,17
30757,P3,0,0
30758,P4,16,36
30759,P5,19,36
30760,P3,0,0
30761,P4,0,0
30762,P5,0,0
30763,P3,3,3
30764,P4,17,17
30765,P5,8,8
30766,P3,4,7
30767,P4,18,35
30768,P5,2,10
30769,P3,4,11
30770,P4,17,52
30771,P5,1,11
30772,P3,6,17
30773,P4,18,70
30774,P5,3,14
30775,P3,0,17
30776,P4,20,90
30777,P5,3,17
30778,P3,9,26
30779,P4,18,108
30780,P5,4,21
30781,P3,3,29
30782,P4,20,128
30783,P5,4,25
30784,P3,4,33
30785,P4,19,147
30786,P5,3,28
30787,P3,9,42
30788,P4,19,166
30789,P5,4,32
30790,P3,1,43
30791,P4,19,185
30792,P5,1,33
30793,P3,2,45
30794,P4,20,205
30795,P5,3,36
30796,P3,7,52
30797,P4,18,223
30798,P5,3,39
30799,P3,3,55
30800,P4,18,241
30801,P5,1,40
30802,P3,6,61
30803,P4,19,260
30804,P5,0,40
30805,P3,4,65
30806,P4,20,280
30807,P5,1,41
30808,P3,4,69
30809,P4,19,299
30810,P5,4,45
30811,P3,12,81
30812,P4,18,317
30813,P5,1,46
30814,P3,9,90
30815,P4,17,334
30816,P5,4,50
30817,P3,7,97
30818,P4,17,351
30819,P5,1,51
30820,P3,9,106
30821,P4,18,369
30822,P5,3,54
30823,P3,0,0
30824,P4,0,0
30825,P5,0,0
30826,P3,0,0
30827,P4,20,20
30828,P5,15,15
30829,P3,0,0
30830,P4,18,38
30831,P5,7,22
30832,P3,0,0
30833,P4,23,61
30834,P5,9,31
30835,P3,0,0
30836,P4,18,79
30837,P5,10,41
30838,P3,0,0
30839,P4,17,96
30840,P5,11,52
30841,P3,0,0
30842,P4,17,113
30843,P5,16,68
30844,P3,0,0
30845,P4,22,135
30846,P5,17,85
30847,P3,0,0
30848,P4,23,158
30849,P5,6,91
30850,P3,0,0
30851,P4,23,181
30852,P5,14,105
30853,P3,0,0
30854,P4,21,202
30855,P5,17,122
30856,P3,0,0
30857,P4,14,216
30858,P5,20,142
30859,P3,0,0
30860,P4,0,0
30861,P5,0,0
30862,P3,45,45
30863,P4,5,5
30864,P5,22,22
30865,P3,50,95
30866,P4,14,19
30867,P5,27,49
30868,P3,59,154
30869,P4,18,37
30870,P5,32,81
30871,P3,41,195
30872,P4,10,47
30873,P5,29,110
30874,P3,61,256
30875,P4,15,62
30876,P5,26,136
30877,P3,46,302
30878,P4,18,80
30879,P5,25,161
30880,P3,45,347
30881,P4,13,93
30882,P5,22,183
30883,P3,53,400
30884,P4,11,104
30885,P5,29,212
30886,P3,64,464
30887,P4,4,108
30888,P5,24,236
30889,P3,64,528
30890,P4,12,120
30891,P5,34,270
30892,P3,54,582
30893,P4,11,131
30894,P5,25,295
30895,P3,55,637
30896,P4,12,143
30897,P5,34,329
30898,P3,0,0
30899,P4,0,0
30900,P5,0,0
30901,P3,11,11
30902,P4,37,37
30903,P5,0,0
30904,P3,7,18
30905,P4,34,71
30906,P5,0,0
30907,P3,7,25
30908,P4,34,105
30909,P5,0,0
30910,P3,6,31
30911,P4,39,144
30912,P5,0,0
30913,P3,3,34
30914,P4,33,177
30915,P5,0,0
30916,P3,1,35
30917,P4,33,210
30918,P5,0,0
30919,P3,4,39
30920,P4,34,244
30921,P5,0,0
30922,P3,3,42
30923,P4,35,279
30924,P5,0,0
30925,P3,3,45
30926,P4,36,315
30927,P5,0,0
30928,P3,4,49
30929,P4,35,350
30930,P5,0,0
30931,P3,4,53
30932,P4,39,389
30933,P5,0,0
30934,P3,3,56
30935,P4,36,425
30936,P5,0,0
30937,P3,5,61
30938,P4,34,459
30939,P5,0,0
30940,P3,4,65
30941,P4,37,496
30942,P5,0,0
30943,P3,0,0
30944,P4,0,0
30945,P5,0,0
30946,P3,16,16
30947,P4,11,11
30948,P5,4,4
30949,P3,10,26
30950,P4,14,25
30951,P5,3,7
30952,P3,8,34
30953,P4,20,45
30954,P5,3,10
30955,P3,7,41
30956,P4,19,64
30957,P5,3,13
30958,P3,11,52
30959,P4,18,82
30960,P5,6,19
30961,P3,9,61
30962,P4,17,99
30963,P5,7,26
30964,P3,10,71
30965,P4,24,123
30966,P5,3,29
30967,P3,14,85
30968,P4,15,138
30969,P5,2,31
30970,P3,11,96
30971,P4,19,157
30972,P5,3,34
30973,P3,14,110
30974,P4,17,174
30975,P5,5,39
30976,P3,6,116
30977,P4,20,194
30978,P5,1,40
30979,P3,13,129
30980,P4,12,206
30981,P5,5,45
30982,P3,16,145
30983,P4,18,224
30984,P5,2,47
30985,P3,15,160
30986,P4,18,242
30987,P5,4,51
30988,P3,13,173
30989,P4,21,263
30990,P5,2,53
30991,P3,14,187
30992,P4,17,280
30993,P5,1,54
30994,P3,10,197
30995,P4,18,298
30996,P5,2,56
30997,P3,15,212
30998,P4,22,320
30999,P5,6,62
31000,P3,11,223
31001,P4,18,338
31002,P5,3,65
31003,P3,19,242
31004,P4,16,354
31005,P5,1,66
31006,P3,12,254
31007,P4,21,375
31008,P5,3,69
31009,P3,21,275
31010,P4,10,385
31011,P5,1,70
31012,P3,16,291
31013,P4,25,410
31014,P5,7,77
31015,P3,15,306
31016,P4,16,426
31017,P5,6,83
31018,P3,11,317
31019,P4,20,446
31020,P5,5,88
31021,P3,6,323
31022,P4,18,464
31023,P5,1,89
31024,P3,13,336
31025,P4,18,482
31026,P5,0,89
31027,P3,12,348
31028,P4,16,498
31029,P5,4,93
31030,P3,11,359
31031,P4,18,516
31032,P5,2,95
31033,P3,9,368
31034,P4,19,535
31035,P5,3,98
31036,P3,18,386
31037,P4,19,554
31038,P5,4,102
31039,P3,15,401
31040,P4,18,572
31041,P5,4,106
31042,P3,12,413
31043,P4,30,602
31044,P5,2,108
31045,P3,14,427
31046,P4,16,618
31047,P5,4,112
31048,P3,12,439
31049,P4,24,642
31050,P5,6,118
31051,P3,11,450
31052,P4,19,661
31053,P5,1,119
31054,P3,13,463
31055,P4,15,676
31056,P5,2,121
31057,P3,14,477
31058,P4,21,697
31059,P5,6,127
31060,P3,17,494
31061,P4,20,717
31062,P5,3,130
31063,P3,18,512
31064,P4,16,733
31065,P5,4,134
31066,P3,16,528
31067,P4,17,750
31068,P5,4,138
31069,P3,18,546
31070,P4,23,773
31071,P5,3,141
31072,P3,7,553
31073,P4,22,795
31074,P5,0,141
31075,P3,8,561
31076,P4,20,815
31077,P5,4,145
31078,P3,12,573
31079,P4,17,832
31080,P5,5,150
31081,P3,10,583
31082,P4,21,853
31083,P5,0,150
31084,P3,12,595
31085,P4,17,870
31086,P5,5,155
31087,P3,0,0
31088,P4,0,0
31089,P5,0,0
31090,P3,0,0
31091,P4,0,0
31092,P5,16,16
31093,P3,0,0
31094,P4,6,6
31095,P5,16,32
31096,P3,0,0
31097,P4,0,6
31098,P5,16,48
31099,P3,0,0
31100,P4,0,6
31101,P5,16,64
31102,P3,0,0
31103,P4,0,6
31104,P5,16,80
31105,P3,0,0
31106,P4,0,6
31107,P5,16,96
31108,P3,0,0
31109,P4,0,6
31110,P5,16,112
31111,P3,0,0
31112,P4,0,6
31113,P5,16,128
31114,P3,0,0
31115,P4,0,6
31116,P5,16,144
31117,P3,0,0
31118,P4,0,6
31119,P5,16,160
31120,P3,0,0
31121,P4,0,6
31122,P5,16,176
31123,P3,0,0
31124,P4,0,6
31125,P5,16,192
31126,P3,0,0
31127,P4,0,6
31128,P5,16,208
31129,P3,0,0
31130,P4,0,6
31131,P5,16,224
31132,P3,0,0
31133,P4,0,6
31134,P5,16,240
31135,P3,0,0
31136,P4,0,6
31137,P5,16,256
31138,P3,0,0
31139,P4,0,6
31140,P5,16,272
31141,P3,0,0
31142,P4,0,6
31143,P5,16,288
31144,P3,0,0
31145,P4,0,6
31146,P5,16,304
31147,P3,0,0
31148,P4,0,6
31149,P5,16,320
31150,P3,0,0
31151,P4,0,0
31152,P5,0,0
31153,P3,0,0
31154,P4,23,23
31155,P5,12,12
31156,P3,0,0
31157,P4,20,43
31158,P5,17,29
31159,P3,0,0
31160,P4,17,60
31161,P5,12,41
31162,P3,0,0
31163,P4,21,81
31164,P5,14,55
31165,P3,0,0
31166,P4,19,100
31167,P5,10,65
31168,P3,0,0
31169,P4,21,121
31170,P5,11,76
31171,P3,0,0
31172,P4,23,144
31173,P5,16,92
31174,P3,0,0
31175,P4,20,164
31176,P5,10,102
31177,P3,0,0
31178,P4,0,0
31179,P5,0,0
31180,P3,1,1
31181,P4,21,21
31182,P5,6,6
31183,P3,0,1
31184,P4,19,40
31185,P5,13,19
31186,P3,0,1
31187,P4,18,58
31188,P5,9,28
31189,P3,2,3
31190,P4,19,77
31191,P5,13,41
31192,P3,2,5
31193,P4,23,100
31194,P5,9,50
31195,P3,2,7
31196,P4,18,118
31197,P5,9,59
31198,P3,0,7
31199,P4,19,137
31200,P5,8,67
31201,P3,2,9
31202,P4,17,154
31203,P5,11,78
31204,P3,3,12
31205,P4,23,177
31206,P5,15,93
31207,P3,2,14
31208,P4,20,197
31209,P5,5,98
31210,P3,2,16
31211,P4,18,215
31212,P5,7,105
31213,P3,3,19
31214,P4,22,237
31215,P5,3,108
31216,P3,6,25
31217,P4,22,259
31218,P5,3,111
31219,P3,3,28
31220,P4,23,282
31221,P5,8,119
31222,P3,0,28
31223,P4,17,299
31224,P5,6,125
31225,P3,0,28
31226,P4,22,321
31227,P5,7,132
31228,P3,1,29
31229,P4,21,342
31230,P5,11,143
31231,P3,2,31
31232,P4,18,360
31233,P5,12,155
31234,P3,3,34
31235,P4,20,380
31236,P5,14,169
31237,P3,3,37
31238,P4,18,398
31239,P5,5,174
31240,P3,4,41
31241,P4,18,416
31242,P5,12,186
31243,P3,0,41
31244,P4,19,435
31245,P5,10,196
31246,P3,5,46
31247,P4,19,454
31248,P5,9,205
31249,P3,0,46
31250,P4,20,474
31251,P5,13,218
31252,P3,2,48
31253,P4,19,493
31254,P5,9,227
31255,P3,3,51
31256,P4,20,513
31257,P5,7,234
31258,P3,4,55
31259,P4,23,536
31260,P5,6,240
31261,P3,0,55
31262,P4,19,555
31263,P5,9,249
31264,P3,0,55
31265,P4,19,574
31266,P5,6,255
31267,P3,2,57
31268,P4,19,593
31269,P5,10,265
31270,P3,2,59
31271,P4,20,613
31272,P5,8,273
31273,P3,4,63
31274,P4,19,632
31275,P5,9,282
31276,P3,6,69
31277,P4,23,655
31278,P5,7,289
31279,P3,3,72
31280,P4,23,678
31281,P5,12,301
31282,P3,5,77
31283,P4,21,699
31284,P5,8,309
31285,P3,1,78
31286,P4,20,719
31287,P5,6,315
31288,P3,0,78
31289,P4,17,736
31290,P5,13,328
31291,P3,0,78
31292,P4,19,755
31293,P5,7,335
31294,P3,1,79
31295,P4,18,773
31296,P5,9,344
31297,P3,2,81
31298,P4,21,794
31299,P5,11,355
31300,P3,0,81
31301,P4,19,813
31302,P5,8,363
31303,P3,0,81
31304,P4,18,831
31305,P5,3,366
31306,P3,2,83
31307,P4,21,852
31308,P5,8,374
31309,P3,2,85
31310,P4,19,871
31311,P5,6,380
31312,P3,2,87
31313,P4,22,893
31314,P5,6,386
31315,P3,2,89
31316,P4,19,912
31317,P5,9,395
31318,P3,4,93
31319,P4,20,932
31320,P5,8,403
31321,P3,0,93
31322,P4,21,953
31323,P5,4,407
31324,P3,0,0
31325,P4,0,0
31326,P5,0,0
31327,P3,18,18
31328,P4,1,1
31329,P5,11,11
31330,P3,22,40
31331,P4,1,2
31332,P5,6,17
31333,P3,20,60
31334,P4,2,4
31335,P5,17,34
31336,P3,19,79
31337,P4,0,4
31338,P5,13,47
31339,P3,8,87
31340,P4,1,5
31341,P5,20,67
31342,P3,31,118
31343,P4,0,5
31344,P5,9,76
31345,P3,28,146
31346,P4,0,5
31347,P5,11,87
31348,P3,30,176
31349,P4,0,5
31350,P5,13,100
31351,P3,23,199
31352,P4,0,5
31353,P5,11,111
31354,P3,14,213
31355,P4,2,7
31356,P5,14,125
31357,P3,23,236
31358,P4,1,8
31359,P5,9,134
31360,P3,14,250
31361,P4,0,8
31362,P5,15,149
31363,P3,18,268
31364,P4,3,11
31365,P5,14,163
31366,P3,21,289
31367,P4,1,12
31368,P5,8,171
31369,P3,21,310
31370,P4,1,13
31371,P5,14,185
31372,P3,21,331
31373,P4,0,13
31374,P5,12,197
31375,P3,24,355
31376,P4,1,14
31377,P5,9,206
31378,P3,23,378
31379,P4,0,14
31380,P5,11,217
31381,P3,19,397
31382,P4,0,14
31383,P5,8,225
31384,P3,9,406
31385,P4,1,15
31386,P5,17,242
31387,P3,22,428
31388,P4,0,15
31389,P5,10,252
31390,P3,26,454
31391,P4,3,18
31392,P5,10,262
31393,P3,22,476
31394,P4,2,20
31395,P5,14,276
31396,P3,21,497
31397,P4,0,20
31398,P5,10,286
31399,P3,15,512
31400,P4,0,20
31401,P5,13,299
31402,P3,27,539
31403,P4,1,21
31404,P5,12,311
31405,P3,30,569
31406,P4,1,22
31407,P5,9,320
31408,P3,21,590
31409,P4,1,23
31410,P5,10,330
31411,P3,33,623
31412,P4,3,26
31413,P5,9,339
31414,P3,27,650
31415,P4,1,27
31416,P5,13,352
31417,P3,18,668
31418,P4,0,27
31419,P5,11,363
31420,P3,21,689
31421,P4,0,27
31422,P5,12,375
31423,P3,0,0
31424,P4,0,0
31425,P5,0,0
31426,P3,0,0
31427,P4,9,9
31428,P5,19,19
31429,P3,0,0
31430,P4,6,15
31431,P5,24,43
31432,P3,0,0
31433,P4,2,17
31434,P5,23,66
31435,P3,0,0
31436,P4,0,17
31437,P5,21,87
31438,P3,0,0
31439,P4,1,18
31440,P5,19,106
31441,P3,0,0
31442,P4,1,19
31443,P5,19,125
31444,P3,0,0
31445,P4,1,20
31446,P5,22,147
31447,P3,0,0
31448,P4,7,27
31449,P5,19,166
31450,P3,0,0
31451,P4,3,30
31452,P5,21,187
31453,P3,0,0
31454,P4,3,33
31455,P5,18,205
31456,P3,0,0
31457,P4,0,33
31458,P5,22,227
31459,P3,0,0
31460,P4,7,40
31461,P5,21,248
31462,P3,0,0
31463,P4,3,43
31464,P5,19,267
31465,P3,0,0
31466,P4,6,49
31467,P5,19,286
31468,P3,0,0
31469,P4,2,51
31470,P5,19,305
31471,P3,0,0
31472,P4,4,55
31473,P5,20,325
31474,P3,0,0
31475,P4,4,59
31476,P5,20,345
31477,P3,0,0
31478,P4,3,62
31479,P5,17,362
31480,P3,0,0
31481,P4,3,65
31482,P5,22,384
31483,P3,0,0
31484,P4,4,69
31485,P5,22,406
31486,P3,0,0
31487,P4,5,74
31488,P5,22,428
31489,P3,0,0
31490,P4,5,79
31491,P5,19,447
31492,P3,0,0
31493,P4,5,84
31494,P5,22,469
31495,P3,0,0
31496,P4,3,87
31497,P5,21,490
31498,P3,0,0
31499,P4,4,91
31500,P5,23,513
31501,P3,0,0
31502,P4,1,92
31503,P5,22,535
31504,P3,0,0
31505,P4,6,98
31506,P5,18,553
31507,P3,0,0
31508,P4,5,103
31509,P5,20,573
31510,P3,0,0
31511,P4,2,105
31512,P5,20,593
31513,P3,0,0
31514,P4,2,107
31515,P5,20,613
31516,P3,0,0
31517,P4,6,113
31518,P5,21,634
31519,P3,0,0
31520,P4,0,0
31521,P5,0,0
31522,P3,4,4
31523,P4,22,22
31524,P5,19,19
31525,P3,3,7
31526,P4,8,30
31527,P5,17,36
31528,P3,3,10
31529,P4,19,49
31530,P5,18,54
31531,P3,1,11
31532,P4,15,64
31533,P5,13,67
31534,P3,1,12
31535,P4,13,77
31536,P5,20,87
31537,P3,1,13
31538,P4,20,97
31539,P5,22,109
31540,P3,0,13
31541,P4,13,110
31542,P5,24,133
31543,P3,5,18
31544,P4,14,124
31545,P5,19,152
31546,P3,1,19
31547,P4,13,137
31548,P5,21,173
31549,P3,2,21
31550,P4,15,152
31551,P5,23,196
31552,P3,2,23
31553,P4,20,172
31554,P5,21,217
31555,P3,0,0
31556,P4,0,0
31557,P5,0,0
31558,P3,17,17
31559,P4,21,21
31560,P5,2,2
31561,P3,20,37
31562,P4,23,44
31563,P5,0,2
31564,P3,8,45
31565,P4,21,65
31566,P5,2,4
31567,P3,15,60
31568,P4,15,80
31569,P5,1,5
31570,P3,15,75
31571,P4,21,101
31572,P5,1,6
31573,P3,0,0
31574,P4,0,0
31575,P5,0,0
31576,P3,0,0
31577,P4,18,18
31578,P5,3,3
31579,P3,0,0
31580,P4,19,37
31581,P5,5,8
31582,P3,0,0
31583,P4,18,55
31584,P5,3,11
31585,P3,0,0
31586,P4,16,71
31587,P5,1,12
31588,P3,0,0
31589,P4,20,91
31590,P5,1,13
31591,P3,0,0
31592,P4,18,109
31593,P5,4,17
31594,P3,0,0
31595,P4,18,127
31596,P5,3,20
31597,P3,0,0
31598,P4,17,144
31599,P5,4,24
31600,P3,0,0
31601,P4,17,161
31602,P5,5,29
31603,P3,0,0
31604,P4,16,177
31605,P5,4,33
31606,P3,0,0
31607,P4,16,193
31608,P5,6,39
31609,P3,0,0
31610,P4,16,209
31611,P5,5,44
31612,P3,0,0
31613,P4,16,225
31614,P5,2,46
31615,P3,0,0
31616,P4,21,246
31617,P5,2,48
31618,P3,0,0
31619,P4,20,266
31620,P5,5,53
31621,P3,0,0
31622,P4,20,286
31623,P5,4,57
31624,P3,0,0
31625,P4,20,306
31626,P5,5,62
31627,P3,0,0
31628,P4,17,323
31629,P5,3,65
31630,P3,0,0
31631,P4,17,340
31632,P5,4,69
31633,P3,0,0
31634,P4,16,356
31635,P5,0,69
31636,P3,0,0
31637,P4,19,375
31638,P5,2,71
31639,P3,0,0
31640,P4,17,392
31641,P5,5,76
31642,P3,0,0
31643,P4,18,410
31644,P5,4,80
31645,P3,0,0
31646,P4,19,429
31647,P5,5,85
31648,P3,0,0
31649,P4,21,450
31650,P5,4,89
31651,P3,0,0
31652,P4,21,471
31653,P5,3,92
31654,P3,0,0
31655,P4,0,0
31656,P5,0,0
31657,P3,3,3
31658,P4,7,7
31659,P5,21,21
31660,P3,1,4
31661,P4,8,15
31662,P5,19,40
31663,P3,0,4
31664,P4,11,26
31665,P5,20,60
31666,P3,1,5
31667,P4,5,31
31668,P5,15,75
31669,P3,1,6
31670,P4,8,39
31671,P5,22,97
31672,P3,0,6
31673,P4,11,50
31674,P5,18,115
31675,P3,0,6
31676,P4,4,54
31677,P5,18,133
31678,P3,0,6
31679,P4,2,56
31680,P5,14,147
31681,P3,0,6
31682,P4,1,57
31683,P5,15,162
31684,P3,0,0
31685,P4,0,0
31686,P5,0,0
31687,P3,0,0
31688,P4,32,32
31689,P5,0,0
31690,P3,0,0
31691,P4,32,64
31692,P5,0,0
31693,P3,0,0
31694,P4,32,96
31695,P5,0,0
31696,P3,0,0
31697,P4,32,128
31698,P5,0,0
31699,P3,0,0
31700,P4,32,160
31701,P5,0,0
31702,P3,0,0
31703,P4,32,192
31704,P5,0,0
31705,P3,0,0
31706,P4,32,224
31707,P5,0,0
31708,P3,0,0
31709,P4,32,256
31710,P5,0,0
31711,P3,0,0
31712,P4,32,288
31713,P5,0,0
31714,P3,0,0
31715,P4,32,320
31716,P5,0,0
31717,P3,0,0
31718,P4,32,352
31719,P5,0,0
31720,P3,0,0
31721,P4,32,384
31722,P5,1,1
31723,P3,0,0
31724,P4,32,416
31725,P5,0,1
31726,P3,0,0
31727,P4,32,448
31728,P5,0,1
31729,P3,0,0
31730,P4,32,480
31731,P5,0,1
31732,P3,0,0
31733,P4,32,512
31734,P5,0,1
31735,P3,0,0
31736,P4,33,545
31737,P5,0,1
31738,P3,0,0
31739,P4,32,577
31740,P5,0,1
31741,P3,0,0
31742,P4,0,0
31743,P5,0,0
31744,P3,0,0
31745,P4,5,5
31746,P5,11,11
31747,P3,0,0
31748,P4,1,6
31749,P5,15,26
31750,P3,0,0
31751,P4,2,8
31752,P5,14,40
31753,P3,0,0
31754,P4,0,8
31755,P5,16,56
31756,P3,0,0
31757,P4,2,10
31758,P5,14,70
31759,P3,0,0
31760,P4,0,0
31761,P5,0,0
31762,P3,0,0
31763,P4,25,25
31764,P5,4,4
31765,P3,8,8
31766,P4,27,52
31767,P5,0,4
31768,P3,10,18
31769,P4,35,87
31770,P5,0,4
31771,P3,4,22
31772,P4,29,116
31773,P5,4,8
31774,P3,8,30
31775,P4,17,133
31776,P5,2,10
31777,P3,3,33
31778,P4,24,157
31779,P5,1,11
31780,P3,8,41
31781,P4,34,191
31782,P5,3,14
31783,P3,3,44
31784,P4,24,215
31785,P5,1,15
31786,P3,10,54
31787,P4,28,243
31788,P5,2,17
31789,P3,6,60
31790,P4,19,262
31791,P5,4,21
31792,P3,0,0
31793,P4,0,0
31794,P5,0,0
31795,P3,0,0
31796,P4,18,18
31797,P5,11,11
31798,P3,0,0
31799,P4,14,32
31800,P5,13,24
31801,P3,0,0
31802,P4,17,49
31803,P5,12,36
31804,P3,0,0
31805,P4,23,72
31806,P5,15,51
31807,P3,0,0
31808,P4,18,90
31809,P5,16,67
31810,P3,0,0
31811,P4,15,105
31812,P5,16,83
31813,P3,0,0
31814,P4,13,118
31815,P5,13,96
31816,P3,0,0
31817,P4,16,134
31818,P5,16,112
31819,P3,0,0
31820,P4,11,145
31821,P5,18,130
31822,P3,0,0
31823,P4,22,167
31824,P5,22,152
31825,P3,0,0
31826,P4,17,184
31827,P5,18,170
31828,P3,0,0
31829,P4,20,204
31830,P5,13,183
31831,P3,0,0
31832,P4,16,220
31833,P5,17,200
31834,P3,0,0
31835,P4,15,235
31836,P5,14,214
31837,P3,0,0
31838,P4,17,252
31839,P5,12,226
31840,P3,0,0
31841,P4,15,267
31842,P5,15,241
31843,P3,0,0
31844,P4,20,287
31845,P5,14,255
31846,P3,0,0
31847,P4,15,302
31848,P5,13,268
31849,P3,0,0
31850,P4,19,321
31851,P5,14,282
31852,P3,0,0
31853,P4,12,333
31854,P5,17,299
31855,P3,0,0
31856,P4,20,353
31857,P5,13,312
31858,P3,0,0
31859,P4,13,366
31860,P5,14,326
31861,P3,0,0
31862,P4,21,387
31863,P5,9,335
31864,P3,0,0
31865,P4,13,400
31866,P5,13,348
31867,P3,0,0
31868,P4,17,417
31869,P5,12,360
31870,P3,0,0
31871,P4,14,431
31872,P5,16,376
31873,P3,0,0
31874,P4,13,444
31875,P5,14,390
31876,P3,0,0
31877,P4,14,458
31878,P5,15,405
31879,P3,0,0
31880,P4,18,476
31881,P5,16,421
31882,P3,0,0
31883,P4,17,493
31884,P5,11,432
31885,P3,0,0
31886,P4,0,0
31887,P5,0,0
31888,P3,0,0
31889,P4,8,8
31890,P5,23,23
31891,P3,0,0
31892,P4,5,13
31893,P5,23,46
31894,P3,0,0
31895,P4,15,28
31896,P5,23,69
31897,P3,0,0
31898,P4,12,40
31899,P5,17,86
31900,P3,0,0
31901,P4,11,51
31902,P5,20,106
31903,P3,0,0
31904,P4,19,70
31905,P5,28,134
31906,P3,0,0
31907,P4,20,90
31908,P5,21,155
31909,P3,0,0
31910,P4,12,102
31911,P5,23,178
31912,P3,0,0
31913,P4,8,110
31914,P5,17,195
31915,P3,0,0
31916,P4,5,115
31917,P5,31,226
31918,P3,0,0
31919,P4,13,128
31920,P5,22,248
31921,P3,0,0
31922,P4,15,143
31923,P5,21,269
31924,P3,0,0
31925,P4,14,157
31926,P5,17,286
31927,P3,0,0
31928,P4,7,164
31929,P5,17,303
31930,P3,1,1
31931,P4,13,177
31932,P5,16,319
31933,P3,1,2
31934,P4,10,187
31935,P5,21,340
31936,P3,0,2
31937,P4,13,200
31938,P5,23,363
31939,P3,0,2
31940,P4,1,201
31941,P5,27,390
31942,P3,0,2
31943,P4,12,213
31944,P5,26,416
31945,P3,0,2
31946,P4,5,218
31947,P5,17,433
31948,P3,0,2
31949,P4,6,224
31950,P5,30,463
31951,P3,0,2
31952,P4,17,241
31953,P5,16,479
31954,P3,0,2
31955,P4,6,247
31956,P5,19,498
31957,P3,0,2
31958,P4,15,262
31959,P5,18,516
31960,P3,0,2
31961,P4,16,278
31962,P5,20,536
31963,P3,0,2
31964,P4,15,293
31965,P5,21,557
31966,P3,0,2
31967,P4,16,309
31968,P5,19,576
31969,P3,0,2
31970,P4,2,311
31971,P5,25,601
31972,P3,0,2
31973,P4,10,321
31974,P5,16,617
31975,P3,0,2
31976,P4,9,330
31977,P5,25,642
31978,P3,0,2
31979,P4,8,338
31980,P5,21,663
31981,P3,0,2
31982,P4,7,345
31983,P5,24,687
31984,P3,0,2
31985,P4,10,355
31986,P5,21,708
31987,P3,0,2
31988,P4,17,372
31989,P5,23,731
31990,P3,0,2
31991,P4,12,384
31992,P5,19,750
31993,P3,0,2
31994,P4,10,394
31995,P5,24,774
31996,P3,0,2
31997,P4,9,403
31998,P5,18,792
31999,P3,0,2
32000,P4,11,414
32001,P5,19,811
32002,P3,0,0
32003,P4,0,0
32004,P5,0,0
32005,P3,0,0
32006,P4,16,16
32007,P5,29,29
32008,P3,0,0
32009,P4,14,30
32010,P5,18,47
32011,P3,0,0
32012,P4,16,46
32013,P5,21,68
32014,P3,0,0
32015,P4,20,66
32016,P5,29,97
32017,P3,1,1
32018,P4,12,78
32019,P5,17,114
32020,P3,0,1
32021,P4,14,92
32022,P5,23,137
32023,P3,3,4
32024,P4,15,107
32025,P5,19,156
32026,P3,0,4
32027,P4,17,124
32028,P5,21,177
32029,P3,0,4
32030,P4,11,135
32031,P5,24,201
32032,P3,2,6
32033,P4,21,156
32034,P5,26,227
32035,P3,0,6
32036,P4,19,175
32037,P5,25,252
32038,P3,0,6
32039,P4,13,188
32040,P5,27,279
32041,P3,1,7
32042,P4,10,198
32043,P5,20,299
32044,P3,1,8
32045,P4,13,211
32046,P5,27,326
32047,P3,3,11
32048,P4,17,228
32049,P5,19,345
32050,P3,2,13
32051,P4,16,244
32052,P5,19,364
32053,P3,0,13
32054,P4,18,262
32055,P5,26,390
32056,P3,0,13
32057,P4,12,274
32058,P5,26,416
32059,P3,0,13
32060,P4,15,289
32061,P5,24,440
32062,P3,0,13
32063,P4,12,301
32064,P5,21,461
32065,P3,0,13
32066,P4,14,315
32067,P5,19,480
32068,P3,0,13
32069,P4,10,325
32070,P5,20,500
32071,P3,0,13
32072,P4,24,349
32073,P5,23,523
32074,P3,0,13
32075,P4,16,365
32076,P5,23,546
32077,P3,1,14
32078,P4,20,385
32079,P5,25,571
32080,P3,0,14
32081,P4,18,403
32082,P5,26,597
32083,P3,0,14
32084,P4,14,417
32085,P5,24,621
32086,P3,0,14
32087,P4,13,430
32088,P5,33,654
32089,P3,0,14
32090,P4,17,447
32091,P5,13,667
32092,P3,0,14
32093,P4,16,463
32094,P5,12,679
32095,P3,2,16
32096,P4,8,471
32097,P5,15,694
32098,P3,0,16
32099,P4,13,484
32100,P5,16,710
32101,P3,3,19
32102,P4,16,500
32103,P5,21,731
32104,P3,1,20
32105,P4,10,510
32106,P5,21,752
32107,P3,1,21
32108,P4,11,521
32109,P5,21,773
32110,P3,0,21
32111,P4,12,533
32112,P5,21,794
32113,P3,0,21
32114,P4,8,541
32115,P5,19,813
32116,P3,0,0
32117,P4,0,0
32118,P5,0,0
32119,P3,18,18
32120,P4,24,24
32121,P5,4,4
32122,P3,12,30
32123,P4,21,45
32124,P5,2,6
32125,P3,10,40
32126,P4,23,68
32127,P5,2,8
32128,P3,7,47
32129,P4,18,86
32130,P5,2,10
32131,P3,5,52
32132,P4,17,103
32133,P5,1,11
32134,P3,11,63
32135,P4,23,126
32136,P5,1,12
32137,P3,17,80
32138,P4,23,149
32139,P5,2,14
32140,P3,26,106
32141,P4,27,176
32142,P5,3,17
32143,P3,8,114
32144,P4,21,197
32145,P5,3,20
32146,P3,3,117
32147,P4,18,215
32148,P5,2,22
32149,P3,8,125
32150,P4,15,230
32151,P5,2,24
32152,P3,0,0
32153,P4,0,0
32154,P5,0,0
32155,P3,3,3
32156,P4,0,0
32157,P5,15,15
32158,P3,0,3
32159,P4,0,0
32160,P5,20,35
32161,P3,4,7
32162,P4,2,2
32163,P5,17,52
32164,P3,1,8
32165,P4,0,2
32166,P5,22,74
32167,P3,6,14
32168,P4,2,4
32169,P5,17,91
32170,P3,3,17
32171,P4,1,5
32172,P5,19,110
32173,P3,0,17
32174,P4,0,5
32175,P5,21,131
32176,P3,2,19
32177,P4,0,5
32178,P5,20,151
32179,P3,1,20
32180,P4,0,5
32181,P5,21,172
32182,P3,1,21
32183,P4,0,5
32184,P5,17,189
32185,P3,4,25
32186,P4,2,7
32187,P5,20,209
32188,P3,1,26
32189,P4,0,7
32190,P5,23,232
32191,P3,2,28
32192,P4,1,8
32193,P5,17,249
32194,P3,2,30
32195,P4,1,9
32196,P5,16,265
32197,P3,3,33
32198,P4,0,9
32199,P5,19,284
32200,P3,6,39
32201,P4,0,9
32202,P5,16,300
32203,P3,1,40
32204,P4,0,9
32205,P5,15,315
32206,P3,0,0
32207,P4,0,0
32208,P5,0,0
32209,P3,47,47
32210,P4,1,1
32211,P5,0,0
32212,P3,38,85
32213,P4,1,2
32214,P5,0,0
32215,P3,47,132
32216,P4,1,3
32217,P5,0,0
32218,P3,45,177
32219,P4,0,3
32220,P5,0,0
32221,P3,39,216
32222,P4,0,3
32223,P5,0,0
32224,P3,43,259
32225,P4,0,3
32226,P5,0,0
32227,P3,43,302
32228,P4,0,3
32229,P5,0,0
32230,P3,39,341
32231,P4,0,3
32232,P5,0,0
32233,P3,38,379
32234,P4,0,3
32235,P5,0,0
32236,P3,51,430
32237,P4,0,3
32238,P5,0,0
32239,P3,44,474
32240,P4,1,4
32241,P5,0,0
32242,P3,45,519
32243,P4,1,5
32244,P5,0,0
32245,P3,0,0
32246,P4,0,0
32247,P5,0,0
32248,P3,0,0
32249,P4,34,34
32250,P5,14,14
32251,P3,0,0
32252,P4,33,67
32253,P5,7,21
32254,P3,0,0
32255,P4,30,97
32256,P5,7,28
32257,P3,0,0
32258,P4,40,137
32259,P5,14,42
32260,P3,0,0
32261,P4,33,170
32262,P5,13,55
32263,P3,0,0
32264,P4,41,211
32265,P5,11,66
32266,P3,0,0
32267,P4,0,0
32268,P5,0,0
32269,P3,1,1
32270,P4,3,3
32271,P5,16,16
32272,P3,1,2
32273,P4,2,5
32274,P5,16,32
32275,P3,0,2
32276,P4,3,8
32277,P5,16,48
32278,P3,2,4
32279,P4,4,12
32280,P5,14,62
32281,P3,1,5
32282,P4,1,13
32283,P5,16,78
32284,P3,0,5
32285,P4,1,14
32286,P5,16,94
32287,P3,1,6
32288,P4,1,15
32289,P5,16,110
32290,P3,0,6
32291,P4,3,18
32292,P5,15,125
32293,P3,1,7
32294,P4,4,22
32295,P5,16,141
32296,P3,0,7
32297,P4,0,22
32298,P5,16,157
32299,P3,0,7
32300,P4,1,23
32301,P5,16,173
32302,P3,0,7
32303,P4,0,23
32304,P5,16,189
32305,P3,2,9
32306,P4,4,27
32307,P5,17,206
32308,P3,0,9
32309,P4,0,27
32310,P5,16,222
32311,P3,1,10
32312,P4,4,31
32313,P5,15,237
32314,P3,0,10
32315,P4,4,35
32316,P5,15,252
32317,P3,0,10
32318,P4,2,37
32319,P5,15,267
32320,P3,1,11
32321,P4,7,44
32322,P5,13,280
32323,P3,1,12
32324,P4,5,49
32325,P5,16,296
32326,P3,1,13
32327,P4,2,51
32328,P5,16,312
32329,P3,0,13
32330,P4,2,53
32331,P5,16,328
32332,P3,3,16
32333,P4,0,53
32334,P5,16,344
32335,P3,1,17
32336,P4,1,54
32337,P5,16,360
32338,P3,2,19
32339,P4,2,56
32340,P5,16,376
32341,P3,0,19
32342,P4,1,57
32343,P5,16,392
32344,P3,2,21
32345,P4,4,61
32346,P5,14,406
32347,P3,0,21
32348,P4,2,63
32349,P5,15,421
32350,P3,1,22
32351,P4,2,65
32352,P5,16,437
32353,P3,0,22
32354,P4,1,66
32355,P5,16,453
32356,P3,0,22
32357,P4,3,69
32358,P5,15,468
32359,P3,0,22
32360,P4,2,71
32361,P5,15,483
32362,P3,3,25
32363,P4,6,77
32364,P5,15,498
32365,P3,0,25
32366,P4,2,79
32367,P5,15,513
32368,P3,0,25
32369,P4,2,81
32370,P5,15,528
32371,P3,0,25
32372,P4,1,82
32373,P5,15,543
32374,P3,1,26
32375,P4,1,83
32376,P5,16,559
32377,P3,1,27
32378,P4,1,84
32379,P5,16,575
32380,P3,0,27
32381,P4,2,86
32382,P5,16,591
32383,P3,0,27
32384,P4,1,87
32385,P5,14,605
32386,P3,0,27
32387,P4,1,88
32388,P5,16,621
32389,P3,0,27
32390,P4,0,88
32391,P5,16,637
32392,P3,1,28
32393,P4,4,92
32394,P5,15,652
32395,P3,2,30
32396,P4,11,103
32397,P5,13,665
32398,P3,1,31
32399,P4,6,109
32400,P5,13,678
32401,P3,1,32
32402,P4,3,112
32403,P5,15,693
32404,P3,1,33
32405,P4,0,112
32406,P5,16,709
32407,P3,0,33
32408,P4,3,115
32409,P5,16,725
32410,P3,2,35
32411,P4,1,116
32412,P5,16,741
32413,P3,2,37
32414,P4,4,120
32415,P5,15,756
32416,P3,0,37
32417,P4,3,123
32418,P5,17,773
32419,P3,0,37
32420,P4,0,123
32421,P5,16,789
32422,P3,0,37
32423,P4,2,125
32424,P5,16,805
32425,P3,2,39
32426,P4,4,129
32427,P5,13,818
32428,P3,1,40
32429,P4,2,131
32430,P5,16,834
32431,P3,0,0
32432,P4,0,0
32433,P5,0,0
32434,P3,0,0
32435,P4,1,1
32436,P5,16,16
32437,P3,0,0
32438,P4,1,2
32439,P5,16,32
32440,P3,0,0
32441,P4,0,2
32442,P5,18,50
32443,P3,0,0
32444,P4,0,2
32445,P5,16,66
32446,P3,0,0
32447,P4,1,3
32448,P5,17,83
32449,P3,0,0
32450,P4,0,0
32451,P5,0,0
32452,P3,0,0
32453,P4,13,13
32454,P5,15,15
32455,P3,0,0
32456,P4,17,30
32457,P5,15,30
32458,P3,0,0
32459,P4,21,51
32460,P5,8,38
32461,P3,0,0
32462,P4,15,66
32463,P5,14,52
32464,P3,0,0
32465,P4,12,78
32466,P5,15,67
32467,P3,0,0
32468,P4,14,92
32469,P5,18,85
32470,P3,0,0
32471,P4,12,104
32472,P5,13,98
32473,P3,0,0
32474,P4,13,117
32475,P5,10,108
32476,P3,0,0
32477,P4,17,134
32478,P5,12,120
32479,P3,0,0
32480,P4,20,154
32481,P5,12,132
32482,P3,0,0
32483,P4,11,165
32484,P5,16,148
32485,P3,0,0
32486,P4,14,179
32487,P5,12,160
32488,P3,0,0
32489,P4,17,196
32490,P5,6,166
32491,P3,0,0
32492,P4,0,0
32493,P5,0,0
32494,P3,5,5
32495,P4,51,51
32496,P5,4,4
32497,P3,9,14
32498,P4,59,110
32499,P5,5,9
32500,P3,15,29
32501,P4,60,170
32502,P5,2,11
32503,P3,9,38
32504,P4,54,224
32505,P5,4,15
32506,P3,16,54
32507,P4,51,275
32508,P5,5,20
32509,P3,15,69
32510,P4,69,344
32511,P5,1,21
32512,P3,13,82
32513,P4,59,403
32514,P5,3,24
32515,P3,13,95
32516,P4,65,468
32517,P5,4,28
32518,P3,14,109
32519,P4,73,541
32520,P5,1,29
32521,P3,7,116
32522,P4,58,599
32523,P5,2,31
32524,P3,25,141
32525,P4,61,660
32526,P5,4,35
32527,P3,0,0
32528,P4,0,0
32529,P5,0,0
32530,P3,2,2
32531,P4,1,1
32532,P5,20,20
32533,P3,7,9
32534,P4,1,2
32535,P5,14,34
32536,P3,4,13
32537,P4,2,4
32538,P5,17,51
32539,P3,7,20
32540,P4,2,6
32541,P5,14,65
32542,P3,9,29
32543,P4,2,8
32544,P5,17,82
32545,P3,10,39
32546,P4,0,8
32547,P5,17,99
32548,P3,7,46
32549,P4,0,8
32550,P5,15,114
32551,P3,6,52
32552,P4,2,10
32553,P5,19,133
32554,P3,4,56
32555,P4,5,15
32556,P5,11,144
32557,P3,8,64
32558,P4,3,18
32559,P5,14,158
32560,P3,5,69
32561,P4,1,19
32562,P5,17,175
32563,P3,5,74
32564,P4,7,26
32565,P5,13,188
32566,P3,14,88
32567,P4,3,29
32568,P5,15,203
32569,P3,12,100
32570,P4,0,29
32571,P5,13,216
32572,P3,6,106
32573,P4,2,31
32574,P5,15,231
32575,P3,11,117
32576,P4,2,33
32577,P5,12,243
32578,P3,6,123
32579,P4,1,34
32580,P5,21,264
32581,P3,6,129
32582,P4,0,34
32583,P5,16,280
32584,P3,7,136
32585,P4,4,38
32586,P5,14,294
32587,P3,7,143
32588,P4,1,39
32589,P5,15,309
32590,P3,10,153
32591,P4,2,41
32592,P5,13,322
32593,P3,8,161
32594,P4,3,44
32595,P5,19,341
32596,P3,9,170
32597,P4,4,48
32598,P5,11,352
32599,P3,11,181
32600,P4,2,50
32601,P5,15,367
32602,P3,9,190
32603,P4,5,55
32604,P5,14,381
32605,P3,7,197
32606,P4,1,56
32607,P5,16,397
32608,P3,13,210
32609,P4,1,57
32610,P5,15,412
32611,P3,5,215
32612,P4,2,59
32613,P5,17,429
32614,P3,12,227
32615,P4,1,60
32616,P5,14,443
32617,P3,6,233
32618,P4,2,62
32619,P5,12,455
32620,P3,14,247
32621,P4,3,65
32622,P5,15,470
32623,P3,13,260
32624,P4,1,66
32625,P5,14,484
32626,P3,0,0
32627,P4,0,0
32628,P5,0,0
32629,P3,2,2
32630,P4,59,59
32631,P5,30,30
32632,P3,2,4
32633,P4,68,127
32634,P5,26,56
32635,P3,2,6
32636,P4,73,200
32637,P5,27,83
32638,P3,6,12
32639,P4,64,264
32640,P5,20,103
32641,P3,1,13
32642,P4,66,330
32643,P5,19,122
32644,P3,2,15
32645,P4,68,398
32646,P5,24,146
32647,P3,4,19
32648,P4,69,467
32649,P5,23,169
32650,P3,3,22
32651,P4,67,534
32652,P5,24,193
32653,P3,5,27
32654,P4,61,595
32655,P5,16,209
32656,P3,6,33
32657,P4,75,670
32658,P5,26,235
32659,P3,3,36
32660,P4,64,734
32661,P5,23,258
32662,P3,2,38
32663,P4,54,788
32664,P5,26,284
32665,P3,3,41
32666,P4,62,850
32667,P5,23,307
32668,P3,4,45
32669,P4,60,910
32670,P5,24,331
32671,P3,2,47
32672,P4,51,961
32673,P5,17,348
32674,P3,1,48
32675,P4,69,1030
32676,P5,20,368
32677,P3,4,52
32678,P4,72,1102
32679,P5,22,390
32680,P3,1,53
32681,P4,79,1181
32682,P5,13,403
32683,P3,3,56
32684,P4,59,1240
32685,P5,26,429
32686,P3,4,60
32687,P4,63,1303
32688,P5,22,451
32689,P3,6,66
32690,P4,71,1374
32691,P5,21,472
32692,P3,4,70
32693,P4,60,1434
32694,P5,19,491
32695,P3,3,73
32696,P4,71,1505
32697,P5,21,512
32698,P3,5,78
32699,P4,67,1572
32700,P5,22,534
32701,P3,1,79
32702,P4,70,1642
32703,P5,17,551
32704,P3,3,82
32705,P4,76,1718
32706,P5,21,572
32707,P3,4,86
32708,P4,80,1798
32709,P5,16,588
32710,P3,4,90
32711,P4,73,1871
32712,P5,24,612
32713,P3,3,93
32714,P4,64,1935
32715,P5,25,637
32716,P3,0,0
32717,P4,0,0
32718,P5,0,0
32719,P3,2,2
32720,P4,16,16
32721,P5,1,1
32722,P3,0,2
32723,P4,15,31
32724,P5,2,3
32725,P3,0,2
32726,P4,15,46
32727,P5,1,4
32728,P3,0,2
32729,P4,16,62
32730,P5,0,4
32731,P3,0,2
32732,P4,17,79
32733,P5,0,4
32734,P3,2,4
32735,P4,17,96
32736,P5,0,4
32737,P3,0,4
32738,P4,18,114
32739,P5,4,8
32740,P3,0,4
32741,P4,17,131
32742,P5,1,9
32743,P3,2,6
32744,P4,17,148
32745,P5,1,10
32746,P3,0,6
32747,P4,16,164
32748,P5,0,10
32749,P3,2,8
32750,P4,16,180
32751,P5,3,13
32752,P3,1,9
32753,P4,15,195
32754,P5,1,14
32755,P3,1,10
32756,P4,15,210
32757,P5,2,16
32758,P3,0,10
32759,P4,14,224
32760,P5,2,18
32761,P3,0,10
32762,P4,18,242
32763,P5,2,20
32764,P3,0,10
32765,P4,17,259
32766,P5,1,21
32767,P3,0,10
32768,P4,16,275
32769,P5,1,22
32770,P3,0,10
32771,P4,15,290
32772,P5,2,24
32773,P3,0,10
32774,P4,14,304
32775,P5,3,27
32776,P3,0,10
32777,P4,14,318
32778,P5,3,30
32779,P3,0,10
32780,P4,17,335
32781,P5,2,32
32782,P3,1,11
32783,P4,19,354
32784,P5,0,32
32785,P3,2,13
32786,P4,18,372
32787,P5,1,33
32788,P3,0,13
32789,P4,15,387
32790,P5,1,34
32791,P3,0,13
32792,P4,14,401
32793,P5,4,38
32794,P3,0,0
32795,P4,0,0
32796,P5,0,0
32797,P3,0,0
32798,P4,36,36
32799,P5,4,4
32800,P3,1,1
32801,P4,39,75
32802,P5,1,5
32803,P3,0,1
32804,P4,33,108
32805,P5,3,8
32806,P3,1,2
32807,P4,35,143
32808,P5,0,8
32809,P3,0,2
32810,P4,34,177
32811,P5,2,10
32812,P3,0,2
32813,P4,28,205
32814,P5,5,15
32815,P3,0,2
32816,P4,32,237
32817,P5,5,20
32818,P3,2,4
32819,P4,37,274
32820,P5,3,23
32821,P3,3,7
32822,P4,31,305
32823,P5,5,28
32824,P3,2,9
32825,P4,39,344
32826,P5,4,32
32827,P3,0,0
32828,P4,0,0
32829,P5,0,0
32830,P3,1,1
32831,P4,10,10
32832,P5,29,29
32833,P3,0,1
32834,P4,3,13
32835,P5,25,54
32836,P3,0,1
32837,P4,3,16
32838,P5,30,84
32839,P3,0,1
32840,P4,3,19
32841,P5,21,105
32842,P3,0,1
32843,P4,2,21
32844,P5,29,134
32845,P3,0,1
32846,P4,4,25
32847,P5,28,162
32848,P3,0,1
32849,P4,6,31
32850,P5,31,193
32851,P3,2,3
32852,P4,6,37
32853,P5,23,216
32854,P3,0,3
32855,P4,5,42
32856,P5,29,245
32857,P3,0,3
32858,P4,5,47
32859,P5,28,273
32860,P3,0,3
32861,P4,4,51
32862,P5,34,307
32863,P3,0,3
32864,P4,6,57
32865,P5,22,329
32866,P3,0,3
32867,P4,2,59
32868,P5,30,359
32869,P3,2,5
32870,P4,9,68
32871,P5,30,389
32872,P3,3,8
32873,P4,4,72
32874,P5,31,420
32875,P3,0,8
32876,P4,5,77
32877,P5,26,446
32878,P3,0,8
32879,P4,3,80
32880,P5,29,475
32881,P3,0,8
32882,P4,6,86
32883,P5,25,500
32884,P3,2,10
32885,P4,5,91
32886,P5,28,528
32887,P3,0,10
32888,P4,3,94
32889,P5,32,560
32890,P3,0,10
32891,P4,8,102
32892,P5,27,587
32893,P3,1,11
32894,P4,2,104
32895,P5,23,610
32896,P3,1,12
32897,P4,0,104
32898,P5,28,638
32899,P3,0,12
32900,P4,3,107
32901,P5,33,671
32902,P3,0,12
32903,P4,6,113
32904,P5,24,695
32905,P3,1,13
32906,P4,4,117
32907,P5,30,725
32908,P3,0,13
32909,P4,3,120
32910,P5,34,759
32911,P3,0,13
32912,P4,0,120
32913,P5,22,781
32914,P3,0,13
32915,P4,5,125
32916,P5,26,807
32917,P3,0,13
32918,P4,7,132
32919,P5,27,834
32920,P3,0,13
32921,P4,4,136
32922,P5,24,858
32923,P3,0,13
32924,P4,6,142
32925,P5,32,890
32926,P3,0,13
32927,P4,6,148
32928,P5,27,917
32929,P3,0,13
32930,P4,2,150
32931,P5,29,946
32932,P3,0,13
32933,P4,6,156
32934,P5,22,968
32935,P3,0,13
32936,P4,4,160
32937,P5,28,996
32938,P3,0,13
32939,P4,4,164
32940,P5,28,1024
32941,P3,0,13
32942,P4,4,168
32943,P5,26,1050
32944,P3,0,13
32945,P4,1,169
32946,P5,29,1079
32947,P3,0,13
32948,P4,7,176
32949,P5,25,1104
32950,P3,0,13
32951,P4,2,178
32952,P5,30,1134
32953,P3,0,13
32954,P4,2,180
32955,P5,24,1158
32956,P3,0,13
32957,P4,0,180
32958,P5,21,1179
32959,P3,0,13
32960,P4,2,182
32961,P5,33,1212
32962,P3,0,13
32963,P4,2,184
32964,P5,27,1239
32965,P3,0,13
32966,P4,9,193
32967,P5,28,1267
32968,P3,0,13
32969,P4,4,197
32970,P5,25,1292
32971,P3,2,15
32972,P4,3,200
32973,P5,25,1317
32974,P3,0,15
32975,P4,3,203
32976,P5,23,1340
32977,P3,0,15
32978,P4,1,204
32979,P5,26,1366
32980,P3,1,16
32981,P4,3,207
32982,P5,28,1394
32983,P3,0,16
32984,P4,3,210
32985,P5,31,1425
32986,P3,0,0
32987,P4,0,0
32988,P5,0,0
32989,P3,0,0
32990,P4,0,0
32991,P5,16,16
32992,P3,0,0
32993,P4,2,2
32994,P5,16,32
32995,P3,0,0
32996,P4,2,4
32997,P5,19,51
32998,P3,0,0
32999,P4,3,7
33000,P5,19,70
33001,P3,0,0
33002,P4,2,9
33003,P5,20,90
33004,P3,0,0
33005,P4,1,10
33006,P5,19,109
33007,P3,0,0
33008,P4,1,11
33009,P5,18,127
33010,P3,0,0
33011,P4,3,14
33012,P5,18,145
33013,P3,0,0
33014,P4,4,18
33015,P5,14,159
33016,P3,0,0
33017,P4,0,18
33018,P5,19,178
33019,P3,0,0
33020,P4,1,19
33021,P5,18,196
33022,P3,0,0
33023,P4,4,23
33024,P5,17,213
33025,P3,0,0
33026,P4,2,25
33027,P5,19,232
33028,P3,0,0
33029,P4,4,29
33030,P5,20,252
33031,P3,0,0
33032,P4,2,31
33033,P5,18,270
33034,P3,0,0
33035,P4,2,33
33036,P5,20,290
33037,P3,0,0
33038,P4,1,34
33039,P5,21,311
33040,P3,0,0
33041,P4,1,35
33042,P5,17,328
33043,P3,0,0
33044,P4,1,36
33045,P5,18,346
33046,P3,0,0
33047,P4,1,37
33048,P5,19,365
33049,P3,0,0
33050,P4,1,38
33051,P5,18,383
33052,P3,0,0
33053,P4,3,41
33054,P5,18,401
33055,P3,0,0
33056,P4,3,44
33057,P5,21,422
33058,P3,0,0
33059,P4,1,45
33060,P5,18,440
33061,P3,0,0
33062,P4,0,45
33063,P5,19,459
33064,P3,0,0
33065,P4,2,47
33066,P5,17,476
33067,P3,0,0
33068,P4,3,50
33069,P5,19,495
33070,P3,0,0
33071,P4,2,52
33072,P5,18,513
33073,P3,0,0
33074,P4,2,54
33075,P5,18,531
33076,P3,0,0
33077,P4,1,55
33078,P5,16,547
33079,P3,0,0
33080,P4,3,58
33081,P5,19,566
33082,P3,0,0
33083,P4,0,58
33084,P5,18,584
33085,P3,0,0
33086,P4,0,58
33087,P5,17,601
33088,P3,0,0
33089,P4,3,61
33090,P5,19,620
33091,P3,0,0
33092,P4,1,62
33093,P5,19,639
33094,P3,0,0
33095,P4,3,65
33096,P5,18,657
33097,P3,0,0
33098,P4,1,66
33099,P5,16,673
33100,P3,0,0
33101,P4,4,70
33102,P5,22,695
33103,P3,0,0
33104,P4,1,71
33105,P5,17,712
33106,P3,0,0
33107,P4,1,72
33108,P5,17,729
33109,P3,0,0
33110,P4,1,73
33111,P5,23,752
33112,P3,0,0
33113,P4,4,77
33114,P5,21,773
33115,P3,0,0
33116,P4,2,79
33117,P5,17,790
33118,P3,0,0
33119,P4,1,80
33120,P5,22,812
33121,P3,0,0
33122,P4,1,81
33123,P5,16,828
33124,P3,0,0
33125,P4,2,83
33126,P5,17,845
33127,P3,0,0
33128,P4,1,84
33129,P5,20,865
33130,P3,0,0
33131,P4,2,86
33132,P5,21,886
33133,P3,0,0
33134,P4,0,0
33135,P5,0,0
33136,P3,0,0
33137,P4,67,67
33138,P5,0,0
33139,P3,0,0
33140,P4,64,131
33141,P5,1,1
33142,P3,0,0
33143,P4,64,195
33144,P5,0,1
33145,P3,0,0
33146,P4,63,258
33147,P5,0,1
33148,P3,0,0
33149,P4,63,321
33150,P5,0,1
33151,P3,0,0
33152,P4,79,400
33153,P5,0,1
33154,P3,0,0
33155,P4,89,489
33156,P5,0,1
33157,P3,0,0
33158,P4,0,0
33159,P5,0,0
33160,P3,2,2
33161,P4,32,32
33162,P5,1,1
33163,P3,1,3
33164,P4,24,56
33165,P5,0,1
33166,P3,1,4
33167,P4,29,85
33168,P5,0,1
33169,P3,2,6
33170,P4,31,116
33171,P5,1,2
33172,P3,0,0
33173,P4,0,0
33174,P5,0,0
33175,P3,2,2
33176,P4,5,5
33177,P5,10,10
33178,P3,0,2
33179,P4,7,12
33180,P5,8,18
33181,P3,0,2
33182,P4,9,21
33183,P5,10,28
33184,P3,3,5
33185,P4,8,29
33186,P5,12,40
33187,P3,3,8
33188,P4,6,35
33189,P5,8,48
33190,P3,1,9
33191,P4,9,44
33192,P5,8,56
33193,P3,1,10
33194,P4,8,52
33195,P5,7,63
33196,P3,0,10
33197,P4,7,59
33198,P5,12,75
33199,P3,0,10
33200,P4,4,63
33201,P5,13,88
33202,P3,3,13
33203,P4,8,71
33204,P5,10,98
33205,P3,3,16
33206,P4,11,82
33207,P5,10,108
33208,P3,0,16
33209,P4,6,88
33210,P5,12,120
33211,P3,2,18
33212,P4,11,99
33213,P5,4,124
33214,P3,0,18
33215,P4,11,110
33216,P5,11,135
33217,P3,1,19
33218,P4,8,118
33219,P5,13,148
33220,P3,1,20
33221,P4,7,125
33222,P5,15,163
33223,P3,0,20
33224,P4,8,133
33225,P5,10,173
33226,P3,1,21
33227,P4,6,139
33228,P5,10,183
33229,P3,2,23
33230,P4,11,150
33231,P5,6,189
33232,P3,2,25
33233,P4,5,155
33234,P5,11,200
33235,P3,1,26
33236,P4,8,163
33237,P5,13,213
33238,P3,0,26
33239,P4,7,170
33240,P5,12,225
33241,P3,2,28
33242,P4,13,183
33243,P5,15,240
33244,P3,1,29
33245,P4,8,191
33246,P5,11,251
33247,P3,2,31
33248,P4,8,199
33249,P5,16,267
33250,P3,1,32
33251,P4,9,208
33252,P5,12,279
33253,P3,3,35
33254,P4,5,213
33255,P5,5,284
33256,P3,0,35
33257,P4,5,218
33258,P5,11,295
33259,P3,2,37
33260,P4,7,225
33261,P5,11,306
33262,P3,1,38
33263,P4,7,232
33264,P5,8,314
33265,P3,1,39
33266,P4,2,234
33267,P5,14,328
33268,P3,0,39
33269,P4,10,244
33270,P5,12,340
33271,P3,2,41
33272,P4,7,251
33273,P5,13,353
33274,P3,3,44
33275,P4,6,257
33276,P5,11,364
33277,P3,1,45
33278,P4,5,262
33279,P5,10,374
33280,P3,1,46
33281,P4,4,266
33282,P5,12,386
33283,P3,0,46
33284,P4,9,275
33285,P5,8,394
33286,P3,1,47
33287,P4,8,283
33288,P5,8,402
33289,P3,1,48
33290,P4,5,288
33291,P5,10,412
33292,P3,1,49
33293,P4,4,292
33294,P5,11,423
33295,P3,1,50
33296,P4,6,298
33297,P5,12,435
33298,P3,0,50
33299,P4,16,314
33300,P5,8,443
33301,P3,0,50
33302,P4,6,320
33303,P5,11,454
33304,P3,1,51
33305,P4,6,326
33306,P5,8,462
33307,P3,0,51
33308,P4,6,332
33309,P5,14,476
33310,P3,0,0
33311,P4,0,0
33312,P5,0,0
33313,P3,13,13
33314,P4,8,8
33315,P5,0,0
33316,P3,9,22
33317,P4,11,19
33318,P5,0,0
33319,P3,5,27
33320,P4,13,32
33321,P5,1,1
33322,P3,5,32
33323,P4,12,44
33324,P5,1,2
33325,P3,4,36
33326,P4,13,57
33327,P5,1,3
33328,P3,3,39
33329,P4,14,71
33330,P5,1,4
33331,P3,5,44
33332,P4,12,83
33333,P5,0,4
33334,P3,1,45
33335,P4,16,99
33336,P5,1,5
33337,P3,7,52
33338,P4,14,113
33339,P5,0,5
33340,P3,7,59
33341,P4,10,123
33342,P5,1,6
33343,P3,2,61
33344,P4,12,135
33345,P5,3,9
33346,P3,4,65
33347,P4,14,149
33348,P5,1,10
33349,P3,7,72
33350,P4,10,159
33351,P5,3,13
33352,P3,8,80
33353,P4,11,170
33354,P5,1,14
33355,P3,3,83
33356,P4,17,187
33357,P5,1,15
33358,P3,1,84
33359,P4,14,201
33360,P5,2,17
33361,P3,6,90
33362,P4,9,210
33363,P5,3,20
33364,P3,3,93
33365,P4,15,225
33366,P5,1,21
33367,P3,4,97
33368,P4,10,235
33369,P5,3,24
33370,P3,6,103
33371,P4,11,246
33372,P5,1,25
33373,P3,12,115
33374,P4,10,256
33375,P5,1,26
33376,P3,10,125
33377,P4,8,264
33378,P5,1,27
33379,P3,7,132
33380,P4,14,278
33381,P5,1,28
33382,P3,3,135
33383,P4,13,291
33384,P5,0,28
33385,P3,2,137
33386,P4,14,305
33387,P5,2,30
33388,P3,3,140
33389,P4,13,318
33390,P5,1,31
33391,P3,7,147
33392,P4,11,329
33393,P5,1,32
33394,P3,6,153
33395,P4,12,341
33396,P5,2,34
33397,P3,7,160
33398,P4,9,350
33399,P5,2,36
33400,P3,7,167
33401,P4,9,359
33402,P5,1,37
33403,P3,5,172
33404,P4,10,369
33405,P5,2,39
33406,P3,7,179
33407,P4,10,379
33408,P5,1,40
33409,P3,9,188
33410,P4,12,391
33411,P5,1,41
33412,P3,2,190
33413,P4,15,406
33414,P5,1,42
33415,P3,4,194
33416,P4,14,420
33417,P5,0,42
33418,P3,9,203
33419,P4,10,430
33420,P5,0,42
33421,P3,9,212
33422,P4,12,442
33423,P5,0,42
33424,P3,5,217
33425,P4,15,457
33426,P5,0,42
33427,P3,7,224
33428,P4,11,468
33429,P5,2,44
33430,P3,2,226
33431,P4,10,478
33432,P5,4,48
33433,P3,5,231
33434,P4,11,489
33435,P5,1,49
33436,P3,4,235
33437,P4,12,501
33438,P5,2,51
33439,P3,8,243
33440,P4,12,513
33441,P5,0,51
33442,P3,9,252
33443,P4,13,526
33444,P5,1,52
33445,P3,6,258
33446,P4,14,540
33447,P5,1,53
33448,P3,0,0
33449,P4,0,0
33450,P5,0,0
33451,P3,9,9
33452,P4,6,6
33453,P5,14,14
33454,P3,18,27
33455,P4,9,15
33456,P5,14,28
33457,P3,10,37
33458,P4,8,23
33459,P5,15,43
33460,P3,13,50
33461,P4,5,28
33462,P5,14,57
33463,P3,17,67
33464,P4,2,30
33465,P5,17,74
33466,P3,10,77
33467,P4,13,43
33468,P5,15,89
33469,P3,14,91
33470,P4,6,49
33471,P5,13,102
33472,P3,14,105
33473,P4,8,57
33474,P5,22,124
33475,P3,12,117
33476,P4,5,62
33477,P5,13,137
33478,P3,16,133
33479,P4,6,68
33480,P5,11,148
33481,P3,9,142
33482,P4,11,79
33483,P5,12,160
33484,P3,16,158
33485,P4,5,84
33486,P5,14,174
33487,P3,10,168
33488,P4,9,93
33489,P5,14,188
33490,P3,15,183
33491,P4,9,102
33492,P5,17,205
33493,P3,16,199
33494,P4,12,114
33495,P5,15,220
33496,P3,11,210
33497,P4,13,127
33498,P5,17,237
33499,P3,9,219
33500,P4,9,136
33501,P5,17,254
33502,P3,19,238
33503,P4,9,145
33504,P5,17,271
33505,P3,18,256
33506,P4,12,157
33507,P5,15,286
33508,P3,16,272
33509,P4,4,161
33510,P5,13,299
33511,P3,11,283
33512,P4,9,170
33513,P5,17,316
33514,P3,17,300
33515,P4,6,176
33516,P5,13,329
33517,P3,21,321
33518,P4,5,181
33519,P5,15,344
33520,P3,9,330
33521,P4,10,191
33522,P5,14,358
33523,P3,16,346
33524,P4,9,200
33525,P5,15,373
33526,P3,14,360
33527,P4,6,206
33528,P5,15,388
33529,P3,9,369
33530,P4,10,216
33531,P5,17,405
33532,P3,13,382
33533,P4,12,228
33534,P5,13,418
33535,P3,13,395
33536,P4,7,235
33537,P5,13,431
33538,P3,17,412
33539,P4,12,247
33540,P5,17,448
33541,P3,16,428
33542,P4,10,257
33543,P5,11,459
33544,P3,16,444
33545,P4,11,268
33546,P5,15,474
33547,P3,22,466
33548,P4,12,280
33549,P5,15,489
33550,P3,11,477
33551,P4,7,287
33552,P5,19,508
33553,P3,20,497
33554,P4,10,297
33555,P5,15,523
33556,P3,17,514
33557,P4,8,305
33558,P5,15,538
33559,P3,14,528
33560,P4,13,318
33561,P5,14,552
33562,P3,0,0
33563,P4,0,0
33564,P5,0,0
33565,P3,0,0
33566,P4,9,9
33567,P5,22,22
33568,P3,0,0
33569,P4,7,16
33570,P5,15,37
33571,P3,0,0
33572,P4,4,20
33573,P5,19,56
33574,P3,0,0
33575,P4,6,26
33576,P5,16,72
33577,P3,0,0
33578,P4,4,30
33579,P5,16,88
33580,P3,0,0
33581,P4,8,38
33582,P5,17,105
33583,P3,0,0
33584,P4,9,47
33585,P5,17,122
33586,P3,0,0
33587,P4,9,56
33588,P5,18,140
33589,P3,0,0
33590,P4,3,59
33591,P5,18,158
33592,P3,0,0
33593,P4,7,66
33594,P5,16,174
33595,P3,0,0
33596,P4,0,0
33597,P5,0,0
33598,P3,0,0
33599,P4,0,0
33600,P5,25,25
33601,P3,0,0
33602,P4,1,1
33603,P5,25,50
33604,P3,0,0
33605,P4,3,4
33606,P5,27,77
33607,P3,0,0
33608,P4,0,4
33609,P5,27,104
33610,P3,0,0
33611,P4,4,8
33612,P5,24,128
33613,P3,0,0
33614,P4,2,10
33615,P5,25,153
33616,P3,0,0
33617,P4,1,11
33618,P5,23,176
33619,P3,0,0
33620,P4,0,11
33621,P5,23,199
33622,P3,0,0
33623,P4,3,14
33624,P5,28,227
33625,P3,0,0
33626,P4,0,14
33627,P5,29,256
33628,P3,0,0
33629,P4,0,14
33630,P5,26,282
33631,P3,0,0
33632,P4,3,17
33633,P5,23,305
33634,P3,0,0
33635,P4,0,0
33636,P5,0,0
33637,P3,10,10
33638,P4,34,34
33639,P5,8,8
33640,P3,10,20
33641,P4,27,61
33642,P5,9,17
33643,P3,10,30
33644,P4,31,92
33645,P5,6,23
33646,P3,11,41
33647,P4,32,124
33648,P5,6,29
33649,P3,5,46
33650,P4,33,157
33651,P5,8,37
33652,P3,7,53
33653,P4,27,184
33654,P5,7,44
33655,P3,16,69
33656,P4,42,226
33657,P5,6,50
33658,P3,18,87
33659,P4,33,259
33660,P5,7,57
33661,P3,10,97
33662,P4,36,295
33663,P5,6,63
33664,P3,12,109
33665,P4,28,323
33666,P5,8,71
33667,P3,0,0
33668,P4,0,0
33669,P5,0,0
33670,P3,0,0
33671,P4,21,21
33672,P5,0,0
33673,P3,0,0
33674,P4,18,39
33675,P5,2,2
33676,P3,0,0
33677,P4,17,56
33678,P5,0,2
33679,P3,0,0
33680,P4,19,75
33681,P5,0,2
33682,P3,0,0
33683,P4,17,92
33684,P5,5,7
33685,P3,0,0
33686,P4,17,109
33687,P5,1,8
33688,P3,0,0
33689,P4,18,127
33690,P5,4,12
33691,P3,0,0
33692,P4,16,143
33693,P5,1,13
33694,P3,0,0
33695,P4,17,160
33696,P5,2,15
33697,P3,0,0
33698,P4,16,176
33699,P5,3,18
33700,P3,0,0
33701,P4,16,192
33702,P5,0,18
33703,P3,1,1
33704,P4,17,209
33705,P5,1,19
33706,P3,0,1
33707,P4,22,231
33708,P5,3,22
33709,P3,0,1
33710,P4,17,248
33711,P5,3,25
33712,P3,0,1
33713,P4,18,266
33714,P5,0,25
33715,P3,0,1
33716,P4,19,285
33717,P5,3,28
33718,P3,0,1
33719,P4,17,302
33720,P5,0,28
33721,P3,0,1
33722,P4,17,319
33723,P5,1,29
33724,P3,0,1
33725,P4,17,336
33726,P5,1,30
33727,P3,0,1
33728,P4,16,352
33729,P5,1,31
33730,P3,0,1
33731,P4,17,369
33732,P5,1,32
33733,P3,0,1
33734,P4,16,385
33735,P5,2,34
33736,P3,0,1
33737,P4,16,401
33738,P5,3,37
33739,P3,0,1
33740,P4,20,421
33741,P5,1,38
33742,P3,1,2
33743,P4,15,436
33744,P5,1,39
33745,P3,0,2
33746,P4,17,453
33747,P5,1,40
33748,P3,0,2
33749,P4,16,469
33750,P5,3,43
33751,P3,0,2
33752,P4,18,487
33753,P5,2,45
33754,P3,1,3
33755,P4,19,506
33756,P5,0,45
33757,P3,1,4
33758,P4,18,524
33759,P5,0,45
33760,P3,0,4
33761,P4,16,540
33762,P5,0,45
33763,P3,1,5
33764,P4,16,556
33765,P5,1,46
33766,P3,0,5
33767,P4,17,573
33768,P5,5,51
33769,P3,0,5
33770,P4,18,591
33771,P5,1,52
33772,P3,0,5
33773,P4,18,609
33774,P5,1,53
33775,P3,0,5
33776,P4,17,626
33777,P5,3,56
33778,P3,0,5
33779,P4,18,644
33780,P5,3,59
33781,P3,0,5
33782,P4,18,662
33783,P5,2,61
33784,P3,0,5
33785,P4,15,677
33786,P5,3,64
33787,P3,0,0
33788,P4,0,0
33789,P5,0,0
33790,P3,26,26
33791,P4,18,18
33792,P5,0,0
33793,P3,25,51
33794,P4,20,38
33795,P5,0,0
33796,P3,0,0
33797,P4,0,0
33798,P5,0,0
33799,P3,0,0
33800,P4,16,16
33801,P5,0,0
33802,P3,0,0
33803,P4,16,32
33804,P5,0,0
33805,P3,0,0
33806,P4,16,48
33807,P5,0,0
33808,P3,0,0
33809,P4,16,64
33810,P5,0,0
33811,P3,0,0
33812,P4,16,80
33813,P5,0,0
33814,P3,0,0
33815,P4,16,96
33816,P5,0,0
33817,P3,0,0
33818,P4,16,112
33819,P5,0,0
33820,P3,0,0
33821,P4,16,128
33822,P5,0,0
33823,P3,0,0
33824,P4,16,144
33825,P5,0,0
33826,P3,0,0
33827,P4,16,160
33828,P5,0,0
33829,P3,0,0
33830,P4,16,176
33831,P5,0,0
33832,P3,0,0
33833,P4,0,0
33834,P5,0,0
33835,P3,0,0
33836,P4,7,7
33837,P5,35,35
33838,P3,0,0
33839,P4,1,8
33840,P5,33,68
33841,P3,0,0
33842,P4,5,13
33843,P5,39,107
33844,P3,0,0
33845,P4,4,17
33846,P5,40,147
33847,P3,0,0
33848,P4,8,25
33849,P5,37,184
33850,P3,0,0
33851,P4,0,25
33852,P5,33,217
33853,P3,0,0
33854,P4,7,32
33855,P5,40,257
33856,P3,0,0
33857,P4,5,37
33858,P5,37,294
33859,P3,0,0
33860,P4,4,41
33861,P5,40,334
33862,P3,0,0
33863,P4,6,47
33864,P5,35,369
33865,P3,0,0
33866,P4,5,52
33867,P5,35,404
33868,P3,0,0
33869,P4,2,54
33870,P5,37,441
33871,P3,0,0
33872,P4,2,56
33873,P5,37,478
33874,P3,0,0
33875,P4,4,60
33876,P5,39,517
33877,P3,0,0
33878,P4,4,64
33879,P5,41,558
33880,P3,0,0
33881,P4,8,72
33882,P5,43,601
33883,P3,0,0
33884,P4,2,74
33885,P5,35,636
33886,P3,0,0
33887,P4,7,81
33888,P5,38,674
33889,P3,0,0
33890,P4,3,84
33891,P5,44,718
33892,P3,0,0
33893,P4,3,87
33894,P5,37,755
33895,P3,0,0
33896,P4,5,92
33897,P5,38,793
33898,P3,0,0
33899,P4,3,95
33900,P5,34,827
33901,P3,0,0
33902,P4,0,0
33903,P5,0,0
33904,P3,0,0
33905,P4,9,9
33906,P5,9,9
33907,P3,0,0
33908,P4,11,20
33909,P5,9,18
33910,P3,0,0
33911,P4,9,29
33912,P5,11,29
33913,P3,0,0
33914,P4,11,40
33915,P5,8,37
33916,P3,0,0
33917,P4,10,50
33918,P5,14,51
